id_noticia,titulo,url,medio,idioma,fecha_publicacion,fecha_deteccion,fecha_extraccion,tema,origen,alcance_texto,descripcion
GN-00217f8b79,Panamá promueve inversiones en Singapur durante visita oficial,https://news.google.com/rss/articles/CBMipgFBVV95cUxOWmxzdUlwMmdHa21kdUtMTWFlTmIta3g0dTNrcjRmbHFEcmxpaXNBTGJSUVRoRkhqcUpxSHpDVjVBVG1ON1E5dzFlNkdSbV9fNl84dXRoWFZQay1RdE1DWFNHVEVIYzZKX0xSQkdPbTJaV29PaUstemlRTVZteEJCeTFLbEo4a0NUZmpndWRtUXZhSHVZTFdDdzFUSGpIYXRySjEteUpB?oc=5,prensa-latina.cu,es,2026-10-03T10:45:00Z,,2026-10-07T18:21:04Z,,gnews:logistica_canal,titular/metadatos,
GN-00727e8a08,Nueva aplicación A2-20: consulta el saldo y recarga tu tarjeta del Metro y Metrobús,https://news.google.com/rss/articles/CBMixwFBVV95cUxOd3VwVEYzSlBmdmttU2JMZDFkbmJ0YjUtZjhYVV83dGZQNHZhUlZ4Wl83LXpTUDF2UTVmSkZBMUN4aFdiUlNINlRGa2hnWGRhd21hbDVLZFI3eVc2SmZneUo1UnROOHZGNU5nQjkyX1E3OFI4YmN5b2oxeGtXTEhzT3llTDBFRTRZYjlDSVpxcHh1NElJenhLaS1NMHpKQ3hNOVVObDRSdjJNUTJpZlJsX3hfeUNxR1N0MGhaYkd1V0pMTVVFa3pj0gHMAUFVX3lxTE42aVVlOVA2bEo3MUdjcHV2UlhKWTlfbXIxWkZhaXBPUmRRVUNqZWRtN29rZ21URGhYQ1hBZjk0TDh2c0VicWQ4Q25vaHNjdUFWQUEzcy1sbXNSQWk1b0tBcFRCR2NhMDRfOTNtOGpmNWhBUmlhYmU4Zi1Zal9hYUJwU2F1dTVmcEIzaDIyaUstZXN4YWtIYWUzbVRmNFVXTmpPTEhHellPMllOd09kalRnWExEdF9hbTl4SjhJSUU1YUc1YUk1R0pDVkE5Xw?oc=5,telemetro.com,es,2026-09-10T07:00:00Z,,2026-10-07T18:21:04Z,,gnews:servicios_publicos,titular/metadatos,
GN-00b818d9ff,"El Canal de Panamá mejora su balance hídrico, pero mantiene alerta por El Niño",https://news.google.com/rss/articles/CBMixAFBVV95cUxQSXhzWVgtNXlOTF9pdEFjYVVBMmxCd25wMHAtX0VvZ1ZGTWt1eEdOT2o1d0VCRm5nN2wwMTgtTDV4Q1hDb0h6RmVWNFBCMUdjTlVSQ01qRmFjTXpWb01TZ2V3Y1RLVXE5TVM4dlg5RlB6bEg0NU1QVHlmRXBjcFVMTFZVaTY5UkNzcGt4RjRGbFhXeVVnLVlUOVBBNzVmN0lKblNjcmJsY3hrdV9uYTE3czNLWFFYM1RXZGJNR3l0VklSejUy?oc=5,larepublica.co,es,2026-09-28T07:00:00Z,,2026-10-07T18:21:04Z,,gnews:logistica_canal,titular/metadatos,
GN-013711595b,"Economía panameña registra un crecimiento del 5,5% en el primer semestre de 2026",https://news.google.com/rss/articles/CBMiqwFBVV95cUxNdGViQTZuR1pIdlAwR2FwODRHR1YxbjEzMXZxa0h6dGZVV241bTFLUmV4ZGVqYm9JQlFrWlNmaDVIb1YyYTRmODN3SHRHREdCV0lzaV9EVWlycUdSVDdCOW9PdlJzYjZfYVBBRHN1SC1jSWJYVHY0aFNBRy1oUEI0YzN6YmJmX21TUlhfcFJ6STJxVHo2QUNjbmZhT3Z3aGpPMjZ2NzZwWmJpclE?oc=5,eldigitalpanama.com,es,2026-09-16T07:00:00Z,,2026-10-07T18:21:04Z,,gnews:economia,titular/metadatos,
GN-016ec2c764,Canal de Panamá amplía cupos a largo plazo para el 2027,https://news.google.com/rss/articles/CBMimAFBVV95cUxPN01semMzdVBiWGk3WDRBSGdrYmdGZkg3a2JJTlpEckxtMnkwaVcydjBEdS13SW9LTWRwdXdGWE5WNHA4MldFaWFnY2w3b0xVMUxHZEFiVlNYeG45bTR4RHpweUIxV3lzYXRWZXhIQnRyT1pfdWRBZTlSdjVUSWV5UE9nRVNFSWl2bkdYX3NCSkVfSGFWSjNqcA?oc=5,destinopanama.com.pa,es,2026-10-05T16:16:34Z,,2026-10-07T18:21:04Z,,gnews:logistica_canal,titular/metadatos,
GN-01ae448c77,Atención usuarios: Línea 2 del Metro opera parcialmente por falla eléctrica,https://news.google.com/rss/articles/CBMitwFBVV95cUxOejRJVTVPWFdjRVJGMWIta2lyQ3RSVkpfc0tlVHQzanREbTV1ZlpkYVNJMEhqQklxdlZIMXNoUzBsWDdCemF5VWhCMEdlMDhVR2J5b0ZHbGZLM1lSR1BWWE9XdXp3N2l0Smlka0pBSWttdVRIcjl4TmFOUTN6c0dSbkp6ZWtWVDZ2UnJ0UmhRZFZNbWFKSVJndzNRdDBJN1liS0xJMTVNbWtDaGZFdFpsSmp1ajJPSlHSAbwBQVVfeXFMTkNCNkdoaGpHcldBdnFCLTFSOF9hWmJBUlRGdGxWOFVZd2xhaTVZZFZzN3djS1lidmZjUTRRaVk0dW5BeFJxRC03b3NTeEVROFAyT0Y3azlaeHVtME9SendSLV9PeThmd1FFVWRkaTU1bkwxdHd4Y0gtNFk5TVk0U3pMUmRwNUM2N0RuSnBvZHUyZlkzcXhuWG1aekhBWWxXcUJhQUdsckVpWE11OEtISDAtcEk4N1AtNWdtcEE?oc=5,telemetro.com,es,2026-09-25T07:00:00Z,,2026-10-07T18:21:04Z,,gnews:servicios_publicos,titular/metadatos,
GN-01b624143a,Azuero: Especialistas de Israel estarán en Panamá en alianza tecnológica para la gestión del agua,https://news.google.com/rss/articles/CBMi1wFBVV95cUxNNDBxSms2TkY4M1dVVVRpU2hybmlaUWMxQjFoTkpRNTBLejdJb0tTMlcxMkxINy10UllvcUdRenkxeFJGZnhacUk0eV82YjdYRlFEWnExVVMteVlMSlhkNS1yOHBIbUQ4UDctX2J4MjJLT084UWhRU2RLOVJhelpaRzVyOHRTb0RKeUZuTi1WY011RG1DRkl1b1hKbHo1SGxJSmU1TlRGQnlKb2RpRnNJZHo0N1pwNFBiOFY2TWw3a0RYT0pQNDNYQWliNEtBWVFyYkFfLUt5d9IB3AFBVV95cUxQUC0wRURITWxIb3NpMmdBcl9SSG1aRGh2eTI2RXdEaVBBdTJkMDF3ZUNzdllkY3cyNklRVU84eUp6UkdTRjRlUWYtNXpfQXYtNUxmcHhTVEJZWnJ2RHFsU1RkLXJpS1QwN0JZRmQ1OG12cDM3czJORS1MaUdZaHJSNHdGTHJPdXNUVUJQU0RnMDhtSmVXUDAwaXpMN0dTSHJIZDE5SHhVM01VdElwUG9RZFV3bmUxNzJKR084Z3FYeFFvYnllT3JORnpERVF3WWJCczR2cVpHQ2FDVjdT?oc=5,tvn-2.com,es,2026-10-02T18:56:07Z,,2026-10-07T18:21:04Z,,gnews:servicios_publicos,titular/metadatos,
GN-03489d25ba,Canal de Panamá amplía el programa de asignación de cupos para las esclusas Panamax,https://news.google.com/rss/articles/CBMiqwFBVV95cUxNUFE1c1FFNE1EX1hZa19KVWpXd0JJdlVZcEhmbUltdzhock5mT08wOGdjWWxZZVNnQ2hRSlBHbGVTVGpLTllVVmRfeUttMV9aVjhXdDBPbk52ZnhNVGNxVW9FekljZmtybHNCWUhpZkxOTGlVMzBpeFJSRnVRa2FzSm9ZOUE1T1lWZDQweUVXbXEwNmRCZFNFYzE0T2Qwcy1TaWh3SWpMdkxvS1U?oc=5,es.finance.yahoo.com,es,2026-10-05T15:00:43Z,,2026-10-07T18:21:04Z,,gnews:general,titular/metadatos,
GN-03a224117d,Asamblea Nacional analiza descuentos y aumento de pensiones para jubilados en Panamá,https://news.google.com/rss/articles/CBMiuwFBVV95cUxPVXpELVRSam5fQ0dYc09GaktCUGRWNGhtVFFKMXFnWVlwcW9hblh2SmVKdmxsalluWldDYl81TFlWdFp0RU10U01IbHZqXzQxMXBjajg3bjg3LUVLellrRExSNTNIRWQ2cnd5UGMzZFo2aUlFOUxQank4SHh5VDhVbVdGdnJzQkZ0NEpZbVZhaUhlWTFYaGlRMG1BVmZFUS1KRFMxeWV1b0VhZXJWNHpDcndoZkU3Yy1kMU8w0gHAAUFVX3lxTE95LWRNWTFzSVF6UVpGRUc1ZWlpblItamhXaU4yREdTR2Rtbm5FSy15SHZVeVF4UXNhQW9BdF8yQm15SEdMYjFhQUM0dUs5c2duZUoyeHZyTjJxQUhQdDRpUDZzcjN6STNMZU5WUnk0Z2VZU2o1MVFwdkJLOE8xSmJxQTBQaHE2bnFpNE1KUDhJdVhYMmYwRzZ0QmkxcTVZZ1E2elg0R3hkdTNialBMdGFPM2dfbmZyTWVybVktLUVCSA?oc=5,telemetro.com,es,2026-09-23T07:00:00Z,,2026-10-07T18:21:04Z,,gnews:regulacion,titular/metadatos,
GN-0444db59f0,IKEA Panamá busca personal: estas son las vacantes y cómo enviar el currículum,https://news.google.com/rss/articles/CBMiwAFBVV95cUxNZEJUZHVhMGZLa2JhNUoxaEdVR0REZ3Y0cUJ3enRFczU5d3g2c1Q2ZC1SSXdyRV9NaTN6eWotUnJjNmpHRXk2Nl9XYm9YUC1sbnpOM1VrVGlnYk5aemZHNW8xVWxvSTRfQU5oMDNvT25nOXJfMlUwMS1fWkVFb0g5d01oLVdXcUpMNWIzMGZMeGdtQW5tSUVaOUVMcU9xZVlkZmdFeF9FWTF3Z2dPNmp0U0YweXhXLWRFcEFXYnlDOHnSAcYBQVVfeXFMTU1JR09PN0t5TzZkajdBbElEdExpTGExTGxDMC1kbHVXUDhXMUVDVWJiVFJPUWxmSzZXdEtpWDdTeUpuc3N6dU0xdGV5OWgtOTI2azVZLWUxT0h6Ykdma0xENV9jUmVhal9OQVM4RE5qM3RqNDBpWktOdExzZHd3S2tKNUkxdVc0cmVzdmVOaklWZmQzQzIwNFU4VUFER0dXTV85UklkSDlFSGpuejRRNUs2VWgyWmktMkhxWmxENVBBT1IyX1RR?oc=5,telemetro.com,es,2026-10-03T15:33:00Z,,2026-10-07T18:21:04Z,,gnews:economia,titular/metadatos,
GN-048fbc529e,Las Asambleas Nacionales de Vietnam y Panamá están promoviendo un marco jurídico para la cooperación.,https://news.google.com/rss/articles/CBMijgFBVV95cUxNSzlXb3Nid1pyQks1QW8yeHIzNlRxZkhUMnJta1N2bVBVRS10bXV3ekZiZ0kwV3RFc0hQNFV2Sy1jZkpNY09iVVZkLUU3TjJPNGZtV0tJYXBrVW9PU2tidGctTkJaRHowQVhtSF9XOUxRYVpvcWw4eXpaNElObVNGNkFQN0ZPS1V3ZkRWYXl3?oc=5,vietnam.vn,es,2026-10-07T17:23:12Z,,2026-10-07T18:21:04Z,,gnews:regulacion,titular/metadatos,
GN-052b919155,Metro de Panamá normaliza el servicio de la Línea 2 tras incidencia eléctrica,https://news.google.com/rss/articles/CBMizwFBVV95cUxQYnJYR2ZyQXVfR01MYmVDUnIySmF6U0RRNlFDQUotaV9zOFpJMnIwMlZ1TmhvaU5rT01zMmR3NmdUbEdKUmY0VzJfaldUNHoxQk05U3I1a3A2ZjAxNVdNSURFV1ZYM3FjbzNpbkQzSTY4anYwUU1uNVFKQjN2c0c0VEFkTU9aWWhnaG1SNklOQjJqYUFfZnJUbnBzc01UU05DbWhNd3lvR1VMa0JzbE5xNGl1b1FsOExWOUlWTEJoMTMyc3gwQ21WTS1idV90RW_SAdQBQVVfeXFMTmNoT1BnRFBrcTNMYnkzU0o5RmltVUhIWXhocDJDajJZNHotaHZlOG9FLVJTRzVIWGtzVmpFMjZtZlFsMUdLQkVIZ2ozTWxldmJVcjhOQy1oRm5xMXoySnhRQ2dlREhfWWxSX3B0SnpZSDcyM1ZTcG04VVhuSzk1ZUcwQTNULWJiNTFoWWFMVE9QbUdzY2trVkxrYWxWcTRjMFpxNTR5cW1UaHlacGtfZm1sNjRVQ1paYWI3WGdZeGRQR3ZuNzZKME9JZllSME83TFlhNnA?oc=5,laestrella.com.pa,es,2026-09-25T11:35:00Z,,2026-10-07T18:21:04Z,,gnews:servicios_publicos,titular/metadatos,
GN-053abbdf96,Panamá actualiza el Régimen de Residencia Permanente para Inversionistas Calificados,https://news.google.com/rss/articles/CBMiqwFBVV95cUxQMEJSYTM0OGxqUEhPQ3ZZME5BaTJzYjU0TmpwRGQ2b0ZQRnJQYzRCazVLSjNzWFhSM3g5Y1pvdnhBQnBNT0JiLVRoOVF3RjFfdTlsSGUyS3JxdDA4d19XSlZBb2tqYnlNTU5nbzRWMkpiMUNPNk81Ukd5TlVOdnJyWlhZdFB6T2FlNlNPSEdqcmx3Y2tCOGVGZU5US3lXNEc3Qzc4ZUxxYmlqTFE?oc=5,morimor.com,es,2026-09-17T07:00:00Z,,2026-10-07T18:21:04Z,,gnews:regulacion,titular/metadatos,
GN-05a02cd2e2,El Imhpa avisa de lluvias y tormentas en gran parte del país,https://news.google.com/rss/articles/CBMimAFBVV95cUxPVjVtRjhLVkUyakd4bGJGNWJWd1B4Q1I2SFlKYmNoTGFxanA0Nks0U0M4cUJkeHdjT1BFcDdRTHZfVW80Wk81eGppTlZvWDVFSjNfXzJGMjhvelduTFBFRXdFeXhvemh4Q2hGQmV0LVJxOVNEM3lCYnBfcUtxdU9DdXNZaXZwNzFZQnl1dm50NmlaalJVaXJBRQ?oc=5,prensa.com,es,2026-09-12T07:00:00Z,,2026-10-07T18:21:04Z,,gnews:eventos_naturales,titular/metadatos,
GN-060376b470,Panamá: Reglamenta las reglas de sustancia económica aplicables a determinadas rentas pasivas de fuente extranjera,https://news.google.com/rss/articles/CBMi7AFBVV95cUxQZHc3dEdaZTZDUVhYbmF2RHI5MW9YOWotOWVhdEJQQnNMcmJnVTRTc1FHSVdYT2stZ0JBWUdjYnFPRmxHUF9PQzROVDVLWUFWQ3pLQTIyVEZjYW1TVXh5WHJUa2MzYU1IZ1pESHV2ci0ybDdkNzR4OEhUQ2FkSEdDR2twZzRGaTJlZVJ1ZnptZ1ZxSjZEWTJwd0M0b3VQYjRNaUhMengwdUw0dVFHa2owNGlpcWgyNWJMT0xxaGhyX1dZTGoxd2RnUVdlVFl6U05yVEQzUzFQcDhLVndGdmFSc1RwSlp5T18xdmdNYw?oc=5,ecija.com,es,2026-09-23T07:00:00Z,,2026-10-07T18:21:04Z,,gnews:regulacion,titular/metadatos,
GN-06587d580b,Lluvias en Panamá: Sinaproc extiende aviso de prevención hasta el viernes 9 de octubre,https://news.google.com/rss/articles/CBMitwFBVV95cUxONkw3S3dGX216M2c5WVFfaE5qamV0MnlEdXZlTXk2UkJMYzc1QlY1ZXktQVBlYVFkRk5HX3dCSm1KODJ6OTBjTTVhbUVVQWRXeHl3NnVhNnJhVGo5am0tY3hDRF9qMWJkbGtXZExUT1c0a1NFTjE4eDc1SS1paGpNVVV1RVdRRDFXemhGSlNzWjZJbThzTlVHWE5iZV9WV1F6QlJLeGpNS2xuMFEwaGJ3cDZfYl9rMWPSAbwBQVVfeXFMTkxjSXhENEd2b09VTGNDRjFsNmlwZGt2OFZnNzRDQTJoMjI0ZnNEZFhISWZ1aVltVXdYb1lCUmtkZWFnODhpX1MwREpRR3FNM1lxaHM4RjNMNV9EVzhSSUZ3VGx0SENpZWhiRzlKQURfV3NiY0tvUUE3dll5S184cFRSWTB3dVUtMkZjZFFKdUFEQWxTb2JYNDNZSWluaGtwUDVKbVpacTVpekN3QW9udXptRnl4X0NQWTdTcm4?oc=5,telemetro.com,es,2026-10-06T19:13:00Z,,2026-10-07T18:21:04Z,,gnews:eventos_naturales,titular/metadatos,
GN-0726ca3921,Clima en Panamá: Instituto de Meteorología activa nuevo aviso de vigilancia por lluvias y tormentas,https://news.google.com/rss/articles/CBMirwFBVV95cUxQMUtkWFg5dDl0RDZFdzU2dktWVExCVTRYb09rZVFKSjRfa0lObzEwOGJIeGhpOWdzcTU5eTRTM2syLTRjS2NOVEgxdW5FemRSRFZvMkstY05LRF9LR3c4UGR5OTBhRnNvczJKSklxWVh1ZFoxQVhVZ2NoNi1vWi01WjJoZERBR0piNGNNOV9iTTJhdWFYUmt6LXNRMmdhZmwyZ1ZiSHlEOGRwRlJPVlkw0gG0AUFVX3lxTE9uTzRvNnhuZmx4cUlSWWVYYW8weUlaaWQwaUxiY1o3TFV6UnBhNWJFMVBseGFZS1NCNmM0cVZlZjBNOGRqQmpPMEQzOTk0cnVQV3VkQ3R1SFhBMERmaGd2MnFzLTNTbVo5clROQTBPWmJyYmhsZUFiYU5OZk5GTjV4UVBlcFdDVVBpV1ZUVXRkNnFCU0dIcUp0VkdjOE12UkNuM09tNS1HSUFNMFVweWdLMm1lWg?oc=5,tvn-2.com,es,2026-09-13T07:00:00Z,,2026-10-07T18:21:04Z,,gnews:eventos_naturales,titular/metadatos,
GN-072cd74d4b,Paralizan la construcción del Cuarto Puente sobre el Canal de Panamá tras un accidente laboral,https://news.google.com/rss/articles/CBMi0wFBVV95cUxNbDRLOW5GVF9IOU9Ccm5wN2hzVVdFV1hZN2hwZnBLVW5pWGFKYVd2dzBJQzZuNlkxelJ1SGd0RW9RMnJuVmZ0YVpua2t2Mi0tMXpsTm9CSm1fNm4zRGxZRVR5OHcxVlNqNld2ZzBqWjh0M0FBRzRpVHdWRTNkNFREejJVMkR1amw2OUh3c2lfbVdpQW5UX18wWG5zdDJrbzcyVkZEYmhoNkJqdFgxWTBfYWN0clFfRXRrY29tR3EybGdCY1VYeXY2VHBLcy1Edm92elFV0gHuAUFVX3lxTE1rNHF5a1FTcXlFbWZraTZ1YU1sZUZoeGo4YzJuXzEzVnlqcklLUEN2RGpJVWRMUjM4TE82VUtlUE9EeDFobFlDT2dDRnRGV3V2NkRIMVd2Q0JoRXRGRWZENnYzX05pYWZZYmNqUnVHVnNuVVZxZ25FX0Zid19PUGNfajBRMGxtdFhNalA1bkNUaWdHNGxBM3F0SzFpVXZPUkRHcWQ1bTNWN0JScWNkVDZpMDVCZFhzLW1od2Z0TU1TZ1AwMTRqS0tqWjY0UG54YnpoQV92WDNrZGljRm9IWGM3VFFLcVp0Ti1KQWpURWc?oc=5,infobae.com,es,2026-09-25T07:00:00Z,,2026-10-07T18:21:04Z,,gnews:logistica_canal,titular/metadatos,
GN-0748d16abf,IDAAN evalúa la viabilidad de construir una planta potabilizadora en Capira,https://news.google.com/rss/articles/CBMixgFBVV95cUxQRGRiSkllam1STHdXMEhxbjUwN3RseUtmVC1idXBoRkYyVERrVjJuT0R6Vi1adGtiTzZCMEhQR2o1a0tLbzQwbWpTSWdiOWtybDk5b1R1ZmswcDFMcVUwa1I3NGltX0V5UGVYSmtxZHBwSWtSYlVRMVFfanBpYzZILXNwaU1JS0RLdWRGN1lvZ0pRNDNSZml6WUtGbG1nSjN0S2Y0Q3hEUWhRT3dkNzFjLUl1Rm1uWjdYTDRIUVJxbWFRQkliSXc?oc=5,panamaamerica.com.pa,es,2026-09-29T03:51:34Z,,2026-10-07T18:21:04Z,,gnews:servicios_publicos,titular/metadatos,
GN-07a7526c13,"Panama Canal 2027 Budget of B/.5,555 Million Approved",https://news.google.com/rss/articles/CBMiowFBVV95cUxNdDdDOEtKcEtzSkR4cHIyMDUzRTFXci0tcmlEbGVXS2NBek1ZTFNjQ05zX1FReHVqN2ZBbUU0VTZkeXVLbUp6amdXX0lyNURJdG1UTGRlVnVVNTdsOFQ2UFZIeUJJekJUcVhRbURLelQzQS1pcWJsak5uSS1GY0NyV1pKY1h1V0ZHSTNlOFpfWThyNi10NWVBRzlKTkMyUUpZbWJn?oc=5,dataportuaria.com,es,2026-09-29T01:55:20Z,,2026-10-07T18:21:04Z,,gnews:logistica_canal,titular/metadatos,
GN-086f24dffd,Lluvias y tormentas en Panamá: Sinaproc extiende aviso de prevención hasta el 9 de octubre,https://news.google.com/rss/articles/CBMi5AFBVV95cUxPQjQ4ckd0Q3N3cVBqUE9xb20wWHU2WnFWQkQ0UEMtZzlwS05mOEw1NVpQeFYxRm9ySlBpOVR2MjRLN2dZMGRTZlVaa1NnMDNhakFvZGRPSzBQMm9la1FfUTFfMlcxOFBKZUFDWFo2YTBWOXc2aFVTWGk5V2dBN0FHdHVOSGE2ZWdkVWY4TXdGRjNLWHRSNnAwYVZRaXFFc2RnckNnR0JKbmh5dnRFRjhnTlRXNDExSW9fcndUQ0dZajZXZTE5UTFzSk1hbWlvbGtqRVh1bHJzQXV5ZjdvdVhTWVdoVGTSAeQBQVVfeXFMT0I0OHJHdENzd3FQalBPcW9tMFh1NlpxVkJENFBDLWc5cEtOZjhMNTVaUHhWMUZvckpQaTlUdjI0SzdnWTBkU2ZVWmtTZzAzYWpBb2RkT0swUDJvZWtRX1ExXzJXMThQSmVBQ1haNmEwVjl3NmhVU1hpOVdnQTdBR3R1TkhhNmVnZFVmOE13RkYzS1h0UjZwMGFWUWlxRXNkZ3JDZ0dCSm5oeXZ0RUY4Z05UVzQxMUlvX3J3VENHWWo2V2UxOVExc0pNYW1pb2xrakVYdWxyc0F1eWY3b3VYU1lXaFRk?oc=5,laestrella.com.pa,es,2026-10-06T16:36:00Z,,2026-10-07T18:21:04Z,,gnews:eventos_naturales,titular/metadatos,
GN-08b5a41c89,Clima en Panamá hoy: dónde lloverá este martes 6 de octubre,https://news.google.com/rss/articles/CBMinwFBVV95cUxOU0swV2ZGbk1pdVZKMV85Q0NZS1JXb1BDTDJaMmlEQXZGaVVka0xld3hVci11ZElVRkhac3BCcUMtM184eHdtcFV2bEpsMmsxLVJLYVF1bFROWmYxY0F5dnIwTHRhd25kNTI2TzVtQjBTT3hla2tQZi1ubGN5b3dpQ2lzQ05NTDFVTUQyeEFMOWhCVXFCNDVINnRtTzh1V1HSAaQBQVVfeXFMTnI1Nkc5WkxGbFo2RUtZc1dvSEc4czNId2hLaFNaeTVlQkxZRmxPUlBWUUJwcGdueVJjMmxxenpTMHpkSnVRb1VMSU1SUDFMSElUU0o2T19PSGpMa0VaamtyMFNZU05uLUcyUG9jeWRDUE41VGZuTllUcVVxMkVPU0pRTW5jZVppdXFGU3VTRW9ZMXdBdEJBTGJFNWNldXR4SHZrczA?oc=5,telemetro.com,es,2026-10-06T12:28:00Z,,2026-10-07T18:21:04Z,,gnews:eventos_naturales,titular/metadatos,
GN-08bf2f3451,ProChile y Viveros de Chile realizan exitosa misión comercial a Panamá,https://news.google.com/rss/articles/CBMi3AFBVV95cUxPeDB6Z0tMUHp5Y2xGcnc4SmlZQmFLRXFRaDUzbTJEMEl0b3pIX0phYUpILWlNcWh3eUpqYzJJanBSQkNadWNmUjI2cFRuaHJ4YXRZMUF5azZkelp3Q1JTcGRVVjJ6V3EweGJ4RHI1NzlfamVXRW1aVjI4Z0dTcXdIRldXaEFrTGZQWTAya2kxYk5UdGdZRkxlNk9Td1hZSnI3bHZuejlnMDk0YUV1b2FFd0FFZ3RITnp2TnE4MkNqSXl6M1d2eS13dF9lVDFqcC1pYy1wNXdOMnZpeVhP?oc=5,prochile.gob.cl,es,2026-10-01T13:46:02Z,,2026-10-07T18:21:04Z,,gnews:general,titular/metadatos,
GN-08c3b5b152,Vídeo | Explican el mecanismo de la feria de empleo en Atlapa,https://news.google.com/rss/articles/CBMikgFBVV95cUxPNnNzQkl0bkZLS3RscXlaY2QzbXp5cHB5a3RsU29rdU5tZk5peUNHT0VFU3ZGQVhjN1NwbURyQmx2c0dqODIxSTJVaHBQbmZzWVZLZm40cXRkTE9GbWxoY2p6WkhOTFJjOWo2VlJ6UThXdHg0OTl1ZnFxUnJ4OVVwRWl2Mm5NZzJQdHdZaFE5dElnUQ?oc=5,tvn-2.com,es,2026-09-15T07:00:00Z,,2026-10-07T18:21:04Z,,gnews:economia,titular/metadatos,
GN-098ea32a86,"Tres nuevas leyes entran en escena: estos son los cambios para pasaportes, justicia y turismo",https://news.google.com/rss/articles/CBMiyAFBVV95cUxOS3R2X0hIQmk0MmRncDdqVmRDV2dGS1pteHh0dF9EbXV4X25GSDRxRWhGVXRJbWt0clJWWFhFQjVnd1BTUl9hNHczQnZHSHljTnBMNnQ5Z0dIcWE1WjR6enJ0TE5fdXUxeHBLSHR6YnFsYS10MmZMQW9HWmFGVXdZb3JkWnotZnk1QkhiaDNvXzNTODAxY2dpdzFFbTIzSExaeUlpNUVVendRd1dRWTZOcXJIVk92ZDAzTzlFSFN6T1pzenVIRHRwUtIBzgFBVV95cUxQQ0hvV2wzV0F3MXJaVFBibWVIWTE2Nll3RDZNQzdfVkhrNmVKS1ZsTUxnOGpqdXZLaFZoUHNSX0tXYUY5YkJnWmdUTnFJN0NRdHkzUFcwdndKSkRGV0kwR0FtVTEyc0gwMlY3bW52MTQtN3YtMFM3c2xnQWg5bnUxaDB2Tlh6cnhWWG43bEtQdEpsZGpPQ0ZHLUJJeUNzR29WYnNDTXdoekk5T3FCUDN1aUZJMm5QdlhvTFIwSWJyN1BRcUppNUp3ZU1udWU1QQ?oc=5,telemetro.com,es,2026-10-02T15:12:00Z,,2026-10-07T18:21:04Z,,gnews:turismo,titular/metadatos,
GN-0a7ba6d56c,Sismo de magnitud 5.4 sacude la región fronteriza entre Panamá y Costa Rica,https://news.google.com/rss/articles/CBMiywFBVV95cUxNNVVRODM1cFp3MXNweVJtSU1ScVJHaDNsS3pVRUcyQWZYNW9ORUVmclRGSEFEcGpLVEFwZHlwbk56S0JHeUhERS0za3dvaDQ4X0JSZlEzZVlDdUNQSFdSSUFlakxYTXlHRl84aTlYZzQ4ZHVwbW1YaXRhcVpmNFZnZjdJbVlUU1FaZ0gwb2h0cS0tcjh4YjNXcEs3V1J4SUFPRDBvc19aQ3ROYjBxS0JnOXlLUWdaODBLVHZpWTZEUkoyNXZfSVVpN29ob9IB0AFBVV95cUxOSDRLY3JTNXQwTmtseER3aFJ2ZzNwcVFDWlFFUXlRNTY1NmJYeG1XdWxuWm1tWGxNbWltQ1NLTHpzNTlVOUo5aWV3OEV1TXQ4cW52eUk5cjRIdzBta2p3WlB5d0hGMm9Sem1zMFBIWjNhNjBvYmpaaFdRUEs1NE84S092ZGJuYmNqZ1Q0c2Rzdm4yelhpa3hISmNqTE02VDdZc2p2eVh0aWh3T0dmazFkMTNac0JWdlBuV1d5TXNmVGlibEpaQ0xoZU1RWWtZV1Rm?oc=5,laestrella.com.pa,es,2026-09-11T07:00:00Z,,2026-10-07T18:21:04Z,,gnews:eventos_naturales,titular/metadatos,
GN-0aaf41ba64,Visa de Panamá para Cubanos: Nuevos Resultados de Turismo y Tránsito en Septiembre de 2026,https://news.google.com/rss/articles/CBMigwFBVV95cUxPclpHLVQ2emdQaFI5QW1qUmdwb2RITGxBNlNHTlJTZ09RR2lFTzZHLUFLQl92NGhSMnNIUzc1M1FnYnByRmdES09kMHFlWVdqbHBoSzNSQXptV3MzN2ZXUXA3bXFiaEI0Njcxc1hjcUZ5S0ItR1VYLU1hZ21xN3hoa3hpYw?oc=5,d-cuba.com,es,2026-09-25T13:13:00Z,,2026-10-07T18:21:04Z,,gnews:turismo,titular/metadatos,
GN-0b0dcdae33,Inversionistas piensan que Panamá superará las amenazas de Trump,https://news.google.com/rss/articles/CBMirAFBVV95cUxQb3pYY3IzQXhiUFczaDNLLXhpSFJuLV9QbDRwYUpNdWlMOE9wSTVlTWlHcDRpTGdOdnFZZV9lT01iTEZnR2tEd2prdndpOHJNLW1nQlJlVUF5cS0xYTB4UFY2UUhOb2EwdlN5MXFGaXRlX1FiNURpRXVneWN1VnI4eEZaNml6OEtvZm5EY2dvb0E2U3ltWFpESVo4R0JRemF1Y0xLT2RMUjNIZzNu0gGsAUFVX3lxTFBvelhjcjNBeGJQVzNoM0steGlIUm4tX1BsNHBhSk11aUw4T3BJNWVNaUdwNGlMZ052cVllX2VPTWJMRmdHa0R3amt2d2k4ck0tbWdCUmVVQXlxLTFhMHhQVjZRSE5vYTB2U3kxcUZpdGVfUWI1RGlFdWd5Y3VWcjh4Rlo2aXo4S29mbkRjZ29vQTZTeW1YWkRJWjhHQlF6YXVjTEtPZExSM0hnM24?oc=5,acento.com.do,es,2026-09-29T08:59:16Z,,2026-10-07T18:21:04Z,,gnews:economia,titular/metadatos,
GN-0b3971aa4c,El GNL recupera terreno en el Canal de Panamá tras años de desvíos por África,https://news.google.com/rss/articles/CBMivAFBVV95cUxOTmpiM0FQTlJNZjNyZ2Y0VmpVSk9aaXdYcWIyN19OeWZPRi1OQXFhQlQxWkZYWnU5bm1qS25ZcXdGUG5pa3RxNXBRNlV0Nm04cDdRT0ZjLWZIdm9MeFRuMVJ1SDdSZy02VVRvRndkODItVllXNkkyT3AwM1NCWG1kN1BfbkM0VGRrSnYwVnVHeU8xWTlndnF6TEpqR2VYUm9UYTJDQ3RxUmFxSjJQYVA1NDdnV1ZCOVp6bERMcNIB1wFBVV95cUxQXy0zSTdmZGJMTlFIOWNhVUVlOEZYZ0szNWVvanlnWWVJRGpqRjQ5cE9TYko4SkhLN3dXUHFXNGFqcHhfeXJ2X2N2TTR3OVdkaC10T3BRSF9NOEtuRElkTTUtOTFtQ3g4ODNaSGJxU1ROX1l4SFR1NUticUtWekNaeDhqa1o0N1RadTNrd2ZTQ2RZbnp2c1I1SE81YWRPNEhvbjE1SnIzWGtNSU8yVWIzSkp4QUtKLW0xbzBxblcwWGRJTjV4bDFjenYwQjNjMy1yNm1EMFY0dw?oc=5,infobae.com,es,2026-10-03T16:35:00Z,,2026-10-07T18:21:04Z,,gnews:logistica_canal,titular/metadatos,
GN-0bbf34a036,Foro Económico Mundial reunirá en Panamá a líderes globales de energía y logística,https://news.google.com/rss/articles/CBMiugFBVV95cUxNWWl0NEZVUTlxR1RwbTI2cGRIWmVjMEtQQ19SRFlaclVSZWdub3NWRmtMa2Nyc09ac0J1Q1NUVTJKMGk2VlVCTDRCOU5wUmhyN205M3FPNHlUM0hlek4yV2xvRkUzcUdTTmE0TGl4ZjVBODJYeWJuQWhNcDdlWjdrUlBQM096SE5PbXVRR2NTSHJrN2FJaktQVkQ3NThiZWVwekpQLTZfZlZzSThFUVAySW4xc2dpNHVhZUHSAb8BQVVfeXFMTU95YXRyQllJSHdpdWZ6RzF3ZmR2aTFZNDVyVVRSY1Buc2dVaTdKdXByMWQ2VzIwbmVSbHlWSGt4OUxaT2tSeUwtLXZzNmF5OV93NlhHMUN6aEJ4VnpwcUNKajZ3azY4N21tSThrMVQwd2J6R0NLZnROendDdkNmSUVnSkNXRzhjRzNhRWZVRGtzMVE5OFhISlZpcFNZVGRxNHhKOW1XeFd1WWI2MEloUmRESmlxX0NxLXJDYlZyRFU?oc=5,telemetro.com,es,2026-09-23T07:00:00Z,,2026-10-07T18:21:04Z,,gnews:economia,titular/metadatos,
GN-0bc7b0af73,Secretario General y Presidente To Lam sostuvo conversaciones con Presidente de Panamá José Raúl Mulino Quintero,https://news.google.com/rss/articles/CBMitAFBVV95cUxQZlpqM0ExUXlaaTJHT21Vd2RHRUJaZ3dsWUdDbXdVRXVmSlN0b3V1LTFEWnIwWFNWWFR5cjg4RVNOb0Vnbk5HMWp3SmVzTkxaSEdsdEpZUzNzU2NLQ2thVWktVmRWYjVCRmp3eHVobWZrTVdBX3BydFFTdkhwLTFyMHhOcHZFdnNMOG5KRzZ2RG9JMjRzM3d0dE9SUGNoVXRzVXEtOV9MMmF6YkwzaHhoOVhVUG8?oc=5,vietnam.vn,es,2026-10-06T15:59:09Z,,2026-10-07T18:21:04Z,,gnews:general|gnews:logistica_canal,titular/metadatos,
GN-0bfe61e92c,Canal de Panamá flexibiliza restricciones tras aumento de lluvias,https://news.google.com/rss/articles/CBMilAFBVV95cUxOOXphcmxzUXVxQkk3NUN2UXhaMjFMZTZPcXJKT3luLVI2azhxb0JfMWlJc3RCSnNkOEhhY0Zyb0hzamNLSlloSUhaeUd4SGU1TExuMGljeXlsVXlacFVRVXZueGJjNXJBRF8tYzBTQlZyUGgtRG1WR3dNbElDR2MyaXJNb3YwZ0J2ZGdSaGx2Zk9ja1hk?oc=5,crhoy.com,es,2026-09-28T07:00:00Z,,2026-10-07T18:21:04Z,,gnews:logistica_canal|gnews:eventos_naturales,titular/metadatos,
GN-0c3e9a4432,¿Disminución de barcos en canal de Panamá afectará a Costa Rica?,https://news.google.com/rss/articles/CBMipgFBVV95cUxNcXNYRHlOcDFqbzhHNTd4aTJ0ZEtlMVV5dThFQzhHcDFzc3VrUk5nSDRreDhqNGtqNkdmVF9icEtJVXJhbVgwbTFWYVRHV0xSVVBNY3VaLUhMRFdqbnA5b3gzSWJSSEowRzY4aGJyMnBUZFZhbWlaYjRnMUVLM3hSb1otOFRvV1dmTlE2MlZPY3ZHWldFWVZxYkt2dmNkM2VBSDBTbmFn?oc=5,teletica.com,es,2026-09-25T07:00:00Z,,2026-10-07T18:21:04Z,,gnews:logistica_canal,titular/metadatos,
GN-0c6d0b1375,Ecuador cierra la gira asiática con una derrota en penales contra Panamá,https://news.google.com/rss/articles/CBMi0AFBVV95cUxPNzJzczVTeW9ZNm8wLW1HUkJlN1JpRFpySjdvMllPUmhvZkFoZDlRRmJYQnp2ODZVSWUwamkwUWM1dDlacWpoc29lOG5DS1dtcUVHM0tzZUtPam9LRlhGNDM2azRZOXFvVFVxVnZqTnhmd3I1ZF92WXA5ZlJEVFJLTUJoeERWWkhYWjh3cXZsblhJYkk5ampiY3Jfcm1kWmxYRnR0d0R5OWpGZVdQTTdaOEtpcTlrRV95bXE1d3hscjBWazc3MEhMRGhUZUMtMFFy?oc=5,france24.com,es,2026-10-05T10:04:46Z,,2026-10-07T18:21:04Z,,gnews:general,titular/metadatos,
GN-0e93de8f79,"Carta abierta al Gobierno de la República de Panamá incentivos millonarios para los hoteles, castigo para los panameños de a pie",https://news.google.com/rss/articles/CBMikgJBVV95cUxPTjJVN0lBRFVmeHVxbThxWmZBVloyYzVfWldqS3lCUWZqQkR1ZTllU2N1RGl3aS1kNW9ueDRvdjROLUZGaWEtUW5paFh1WXUtenc4ajB6elNRYnVhclVsVlNXYXRaUUI5bThFZVpuSl85R0wzdUVnWlozejByb01LZ0REZU0zalZXXzMzeEhhRVc4WDdKaU5sLTZXeFBGMlQySG1GQXE1N002NW1iVEJ5Z0tzUS13cEF2Wl9CeVhBUHZDTkY3dHgzalc0YkZrby1zLVZSVGVST0dxM2t5RXZOUHQ1OVRzYXdvbmFEOXlJbW1LRHRmWUNsVzJ0aTZfRUZCVG1sbjNVZHhZSXRYbUtaX2JR0gGXAkFVX3lxTFB3VnZweHZXeTJCSmtNVk1LTnBlU1lmR0k4TlZGa2FyejUzYTZFS01GRnZVMzRjSTZuQ2VKTDBfNnBMdGVzcGExdGZzbmtQREs5a3hhalVuTTJoajFvOWVjMEhPZ09YS0RXU19aYlpMRVNqN2FONG5xX2V5eVdGUmplbGJHb25Tay14UE5wZmMtNzgtLUVIMW1jR3JjNG04UWxOWF9iSGJIUU1yVEEzSExsU3RlR2s3T1d6V1hQVTNra3JrU0RJNThlbkFreHhnWkh6LUVtSnFlVmg2WDJxdklCUFdEdXEzekZrWjRxaFdobVVfZkhpTnZrOVpvejlINGdpU29ydGpTSlZkMEEyXzdIcFlDdXJDZw?oc=5,laestrella.com.pa,es,2026-09-30T13:23:00Z,,2026-10-07T18:21:04Z,,gnews:turismo,titular/metadatos,
GN-0f34078670,"En Panamá más de 1,200 plantas de tratamiento colapsan por falta de mantenimiento, advierten catedráticos universitarios",https://news.google.com/rss/articles/CBMi8wFBVV95cUxQSi1kZHlVbnBFTE5KUkctNTBQazIxT0lKaEt4TVZacENJZldhQldCOUUyWFRYLXhPbkdSNTF6U014Q2RjNzFoZnBTYVA0eG0zWTE1RHg0Qk15OXkwNmk4dmxkRHRSRkdGaDVZTXNzYnQ2amNDZ0t6UFlCNkgtOFJsRjB4MlVsQ2JZamQ1VUxKVG15c19TT1BITk5ZVWZLUkpFaWpHZjhzeWdaa0h3bEphZ0hWbUhkRC1vbk9RU0FodnZ3T205ZURpUlFYUWRXcGRuZmpUbmhkWHdpNTlYUkpleC1ycWFaNlgzX3p4b290T2ZOTlXSAY4CQVVfeXFMT3Q5VEo4blJneG4zLWJ5NnN3X1ZFaTJoSjNzUmRIaFFmQk5KWlVUb1hMTXpxdXBOalpEMzZfcEF4NUpNZHhyaHNnZkZxbGwzUThGR2doUlhSd2RDRGxfdk5xZmJjQ1ExNHZVemJETHY3T2pDb0lROTZOdmp6dTByTHBIZTllYmNPY2JMMDhDdUlmTjhuUm1rNkVrMnhGNVhzWXlSaUdmOWhTWDBpUXY3RHZZV0JTclN4REdvY21rU3FlZEIwYnVZVDU3dHNod0NjOWNRNV9WTU1GY2hhbWd0bjc5dXljaUNCY2Vub01USkUyaWhydVBWMVp2SXh6ZTREMm95a2lzQ05VMkNuRjdR?oc=5,infobae.com,es,2026-10-02T12:57:00Z,,2026-10-07T18:21:04Z,,gnews:general|gnews:servicios_publicos,titular/metadatos,
GN-0f731fd8b2,Posible “Giro Centroamericano” amenaza con lluvias y mar picado a las costas panameñas,https://news.google.com/rss/articles/CBMilwFBVV95cUxOdWtWdWJib29iZFBYMDFDY1drREV1eWt6VFdJQ080RkRlZ25MYXVMa3dJbFh2NTV4Y3RrbUVXdU05bXVWdHBQYms0SzVOUFZNRHZmV09nS3Z0Rll4ZXJ2Y0hqbUs2dV9MeDAyYmxBRkhFeUJadkJTVllVdnRkVVg0MGlsTWFQX0xFX0xnS09jMXpZZ2lnWjdj?oc=5,elcapitalfinanciero.com,es,2026-10-02T16:05:51Z,,2026-10-07T18:21:04Z,,gnews:eventos_naturales,titular/metadatos,
GN-0f914fe5d2,Arzobispo de Panamá pide responsabilidades ante decisiones que afecten a las comunidades,https://news.google.com/rss/articles/CBMiywFBVV95cUxNNVJhM3IwVnYyWUtjLS1QaENtS0pHMzN0ZVZ0em5HTmlidk1vYURJQ00zS0ltZHp6QU9NTjcwSDFrYTgyd001VEZHcWhENUZwNzRTc2xtSTZxWFdTbG5rZjRtbW5JeTI0b1pkY1cwbXVBSWh0Tk9CQ1dJLUZFTlloX2JPYUZfUml1Vzk0elZrUWt2U1A3OWFXQXlzYXhrTnBzZzh0dmRzaTAzbGlFX256aWlmWlUxSFY5Zy1OLW1fYTBHZmxHUUxHa1lkVdIB5gFBVV95cUxNd2pxSE1aaVRIMEt1dFVvOVdtX0d3T1VFcG9LYnpzVDZ0X3BWRWhLN2puaVhJUEkwUXdHaVpfSVFVNUF2em5iMU5uSURNbDNPeHJpRWlkVzBueFlnLVpCQXNudmh0alBsRjU3QXlkNnRzUHdSc3dldWFzbGlEakNpNllodXBtZVkyVlJ6dG9hUkNuTzVteGpBX0hwdGdiVGRoUlpZSnlPbWstMEVPeUhQR1hvVHF3S0xteGY3aDlTakdGTWNXWUlEQnA0N0JpbE1oWTNMbEExc0NjMzdRM0xXWUNNY3VJUQ?oc=5,infobae.com,es,2026-10-05T21:38:00Z,,2026-10-07T18:21:04Z,,gnews:general,titular/metadatos,
GN-0f96d7afb7,Ejecución del Cuarto Puente sobre el Canal de Panamá alcanza un 41% y se trabaja en la cimentación de las fundaciones,https://news.google.com/rss/articles/CBMi8AFBVV95cUxQUWtJYlVWdTNnV0h2TUdQWjU1cnEzRmtIX2JNWFZUbU45QlZXemR2YlplNV9ieS1wN2QtR3VvclhxWGxVcUtlSVRSQUhnTGljdVBUdm05U21OWmlXTFItVm1Bc2pxMHR2WjNZalBCSDRJR3VoWkdleGE5RWcxcTdRcjNfb3ZCSC1IanZkVVN3TG9JV2h4YkdlWnlqei1aMk5vYTJuejNXVGE2c0x3QWswQzItTl9ENjEwZkZ2WE5ZNFBMWHR2dkNuV3Rab1dIb1hIandIN0lfN2o5bU0zbTN4T0VlUXlKbmRmMFJFeUpHR27SAYsCQVVfeXFMTk5VNENmT24yUTNkOHI4X0N4NEotX09VdGg5WnBQSkdkMmxJdnllNXdzRk4zVFNZTzlqWnVuYU02eEJKRmlxUm4wRmxYYURhZl9PWklFdXlVT1RReUhKQi1XR1pOSjRTMEppOVlyUllqRzN0bmQwb285R0pseU93Ulo4RVQ2S0FpaTdKNTJxM0FNSHJLdWw4b0gwZktGam8zdVZ0THAwTFQ3VjdZM00yWnVJcnZwVW9aMDJta0doN1hoQ2Z5Y2I4Q2UxTDFNclJvQXhtWTB2eVZtTjJlWktrRTU4T0lFeFVPZC1tOVhRQUN3Wm4xNmxVU3d3TTJDSlJrcHVlQ3pTX29UTU9n?oc=5,infobae.com,es,2026-09-24T07:00:00Z,,2026-10-07T18:21:04Z,,gnews:logistica_canal,titular/metadatos,
GN-0fcef294f8,Singapur se unirá al tratado de neutralidad del Canal de Panamá durante visita de Mulino,https://news.google.com/rss/articles/CBMi2AFBVV95cUxOZzFSSkg1eUNGY1pOdHVGWGFxX3Y5bW1IUnN2WFVaMFdocGljeFluMzVUUzZqZFFVSUViTVZRalktYnFKRFp6b0RBZ1I1MEczYUdfSklFb2dGQlZnc25FZmlaZXZuc0JGcktHUWliWldBVWU0X2l0YllxM0FiaFhTMzhHMkdyU21CTE96a2FnWVFiZGJqRzRNS3NFS181V1pGVkp4ZUhGdjRnanAwNUZBbV9jOEFPWXFSMlJSbVNBbzBIbS04dk1qV1FjbnJ3dkx5QnZuU2RVZUjSAfMBQVVfeXFMTjA4RFlaRDdZakIwNURBUnctYXljOEgzUG9pODZOUkd3VVNzWE5ZcmhoQS1ybEQyQzNydFYzRXg4NTNOU25fa1FWRU5Vcy03c0VTQjVad25mMFhNZXlkcS1EWlk3S2UyUkhUbEVIM3E5UkxZcjRuUXFka2w0YkcxaDFKMnZ2N0lLQ3h2TXJrekZWMjg4ZmNjdElwSzlJeFZNcnVXb1dpalRpblR2N3lQZjh2OS0xMmRBLVpjRURoRWNxaXJMbEstSXNxcGc5WUgzS2tXWnZ6aXdBdEtlYVdxM1N2dEV2SGVEVlh2WmNfbWpfQVlN?oc=5,infobae.com,es,2026-10-05T14:32:00Z,,2026-10-07T18:21:04Z,,gnews:logistica_canal,titular/metadatos,
GN-11548d3a42,Panamá define los últimos detalles previo a su encuentro ante Ecuador,https://news.google.com/rss/articles/CBMiwgFBVV95cUxPa1F5cmV3T0twWk8tbEQxMi1sUUtaS3Y3dldOUk1nWktIMlotZjBBQWpPWHdzWmdGVmxfUVNrcDVTcTQwakhfVFcxTVQ1bE56czJUMmdpYUlnUHBLR20yYXl5TFYtSDZ4WHdZRnE5OWVrbnVyMXkyMG1QVzQzVUxLVzdjTUtKR1FJN2xzLW82UnliWjhUV0luVEpuNllsbExCaHNWY2JvZzhWUWpsVUFlQUdXRDAwcV9KWHhzMVdWNGplQQ?oc=5,espndeportes.espn.com,es,2026-10-04T04:52:02Z,,2026-10-07T18:21:04Z,,gnews:general,titular/metadatos,
GN-1155998439,La Primera Dama de Panamá experimenta con el teñido de telas y la pintura con cera de abejas.,https://news.google.com/rss/articles/CBMijgFBVV95cUxOLURMa0FCTXY4amxoU2NBRDJneTdXZmtuUVhFa3hCbnZwdl9QTk92VjhYM3AweE5tdFlGeXc1ZEJhLUU4OWFzNlhqQTJSaWFPTFpwbjRhTWo1OFB6ajlCTHJvMWduXzljbzgzM0RSbGNZSGhONEdQMF9jT05LRjBlSXQ0OURGdjdiaExSZXBR?oc=5,vietnam.vn,es,2026-10-06T17:19:59Z,,2026-10-07T18:21:04Z,,gnews:general,titular/metadatos,
GN-1211f762a5,Estados Unidos y Colombia lideran la llegada de viajeros a Panamá en 2026,https://news.google.com/rss/articles/CBMitwFBVV95cUxOdG1YM21nYWF6bDY2b0xXckZlLXBlQmxXSFVpX0lrcVJpdkFmekxzT0RTSzltMHBmMk1aM1FOTVV3OWpiNzVEcmpwOUhQOFRFZnJyVm1yOHZKLTZXemhITzdzZS1fY3d0eVl1M3lJeGM3MDFKekdkNVhjWmNRaFZjWkVJRFpOMk9hM2dwZFp6YWlZdHVaalNHdHpvbVc1by16Q2duVzdwdVhORGJvaGlaWWxkWHN4N03SAdIBQVVfeXFMTzJDc21najVJMEwxOW1BNS1Rc0RhSDI4UG5OQ1hPbXZRdmxZd3FtZjNZNnFzM0VEakNFRG9oT3NmMFd2bnJCNGhiSXlDaHNKX1FhaFJTM0VtRVNmOHR5SmtYdFpkOWhzWEhpTDV1RDIxMjNScERSSWZILU1BaHZ2TGhReWRkUnowejc3enV0eURLLTl0VlZkM1V6ckxKWU1WZUIyTW5ucno5MzlFSGNRRWhXVFRDMlJzX1k3UW1adXhnUktheWctbGRiY1ZNUEpuU3lB?oc=5,infobae.com,es,2026-10-06T22:16:00Z,,2026-10-07T18:21:04Z,,gnews:general,titular/metadatos,
GN-122d7d25cd,Abelardo de la Espriella inauguró la ruta Montería-Panamá y pidió a Satena avanzar en una conexión directa con Miami: “24 horas desde ya”,https://news.google.com/rss/articles/CBMiiwJBVV95cUxNZnF0LVJXY08wWE85aFpfTlctel9FVUVQYkUtNDBkVGU3T3c3REFLdnQ0bEdsa1dwQTdzcmZTMGljMktDZ0VaUTY0SE1VcXlDVG1kbG5HcjdSWVJnWk9IYWFhb2NDNEk1aTZsdHp5alhsZzRORDNEZzFJaE9kOWJHNG1zTThMWEhybVQ4Zk84ZkxJbl9pSWs1OG1hYTF1T1NVTUN3SUpDWGpVeHZQZm9aU3ZSRElqWkRUdVl4eThDcnFwWEJEZFd1YlBXYWp1UVkzM2tDV1ZJSHpSbGxQQ041cjlNX19ZTmVMZFZwV0plRDNlVVVJUERjSnVIWE1EdnQ3RDRvSXVnTGx3dGPSAaYCQVVfeXFMUEF2VHMtaWFVdzdfYTlBR1ZESVVHZkREbzBZWmltOFVUYVBWWXc5eDNmV25nOEtWeGh4QUZ3akRVeS0tSmVWNW84cDNsOE5QOVQ4eDRUVW00UUlhTmExWVQ1MGkwTUUyWFI3UlA4RmExVGl2RTFXdUZkUVAySVJXU3ZOWnVFWjBudUxBaFF1Q2dzU3M3dXNRYV9JQ1pFcXZYSW5HSGp3alhyc3JNUWdPSmw5dXQ2T2l5b3A2bWtSR2FNQzJuaVM3Z3JBa2Z5dnlRVFFaUGh1ZFRnaHlxT0NzbzFPMUFMVHBqR2lqODduMjE0Y0N2ZV9iQlQyMl9VVWtsWmdGQzZxdDVackEtT2ZXZ3dHN2ZTNzJQeFIyU2luZGxZeDY1MWFn?oc=5,infobae.com,es,2026-10-03T18:46:46Z,,2026-10-07T18:21:04Z,,gnews:general,titular/metadatos,
GN-125e6de52b,Panamá: ruido de barcos reduce hasta 45 % la probabilidad de registrar cantos de ballenas jorobadas,https://news.google.com/rss/articles/CBMirAFBVV95cUxNeXpIVDcyNmZnMnNQWFMwQzZJUG9seUxqaFZGUGNkbGxJSF9YNlZwRGFVYi1fTHN0TDZCdFJ3VEhCUUhRd3VRMWJEbDYtdWJldE41akw2WnBjdG5tN0JaX3hUbHNudHNpVTlSMTVFazljTFBJWGg0eFJyY05ITHVGY3oyX1hZYjlnOE40TkNOOFU3YTFQMEVwMkRTcUZGMTV3VWFTWXRFN0Etdlcz?oc=5,es.mongabay.com,es,2026-10-05T21:19:49Z,,2026-10-07T18:21:04Z,,gnews:general,titular/metadatos,
GN-1299e5eba2,¿Lloverá este viernes en Panamá? Estas son las provincias bajo vigilancia y las horas de mayor precipitación,https://news.google.com/rss/articles/CBMi2AFBVV95cUxQSXdTMldZOVNwdmtZcmhCTFdRa1BNaHFtZ1FPdVZVMVJBX0FGZDVKRkptamZnZ3UwTi1XR2ZOaF9XYTUxakozTDMtd0lBUUlocGc0ek1qR0Jpa28tZ1g3NDg0TFdQcVM1Y0JrZUtNV1dOcElZNXM5MGc5Zzgtbl9Vb00zemJSUFVBZGpxaFlUS2I0cnpVS3BQOEFCbGxLUElNS05rWm1yMzdfVEpJQVRkdFhxOS1oX2JPeENYblU2MnNFOGo1RlpHeE1ycWRFX0N0SUhtVU51S3LSAd4BQVVfeXFMUDVFU3gxYXJTRUxwZEVwSjlZVkFHRERFeUNJNUFRdUVOREYwZm1PaVR5bm9MWlJhRzZTa0JyWkh3QXBsZkIya3Njd0JweXZDS3RpTE1KY3lqdkozY0tVbHFBNlRrakJBNzVqQW9NaXJZTmJwWVRCbTFxczIwZGZXTWRsVUh3TUZneEhtRUFnMkxKRUJUUnRwNjRYZXpaTVp3QzA1Q3RnWFlMZ1d6ZmNYRWNBMEE2WUtYSFZQdmtqTnNPeW8xZkljd0h5X2k3YUt5OHhKTGRlUWotMTVRbEt3?oc=5,telemetro.com,es,2026-09-11T07:00:00Z,,2026-10-07T18:21:04Z,,gnews:eventos_naturales,titular/metadatos,
GN-129b6145bb,Viernes de lluvias y tormentas: revise cómo estará el tiempo en Panamá,https://news.google.com/rss/articles/CBMirgFBVV95cUxQbEZPZ3RucE1IbkZXWTRXcXRBcC1uRlhVai1BWkFhdzdTNmh2ZF9tR2pydlRTcDBHS1RmcU1Ua2V5bDNCODQyMHktTXhBOHZRZXJoMFN3bjRCWWxGbThncmVwRWNrSUVFRjZ0Rm1FV2ctTDk1dThSSTlPbHRUU1JvVXZaTkpCYzdKLW1JMGJUdE1abDRRdDdwRUp0d1lYZzM2OWdpR0pWLTBTTlNQYkHSAbMBQVVfeXFMT0hHaGJvZDlaWWFvUFppRDZ1d3l2eG9JbHlEaGliUnJ1dk81WXdCaE5aNU1sang0VC1YU0EtcEd6TTRIZ2twS09pWVRjZ3NtcjFJUE16WkNQc0VXWFl0YTFzOEE3el9HSGFHNnNxa2dLWV9heVVhdFVWTzhYeks4VVhOWENmVzBKUDNLM3ZYQWJIVjFxSVB4V185Sjl2MzRxNFV2cXV6UHBmd2RoRjVMM3hKYWs?oc=5,telemetro.com,es,2026-10-02T11:24:41Z,,2026-10-07T18:21:04Z,,gnews:eventos_naturales,titular/metadatos,
GN-1346d901f3,Aprobado en tercer debate presupuesto del Canal de Panamá para el AF 2027,https://news.google.com/rss/articles/CBMimwFBVV95cUxPeS1abkFsanZJdVBlZE9IUm5DazVuTDIwMExkTGt4NlpCMXBqV01QRV85NkdfZF9iTG1aUUo5MFI5TEUxNWZUSFp2RzE4Nk9kQTNwZ0dKRlp4dUx6VXA4c2RlUnh3YUVac3NmQ3VZZWdwSWd2dVNYcjNCTUVLYTFONVdObXNPdmRUYmNyTUp6TVpFV1FpWXY5WTJSZw?oc=5,pancanal.com,es,2026-09-28T07:00:00Z,,2026-10-07T18:21:04Z,,gnews:logistica_canal,titular/metadatos,
GN-136707a12e,Las claves del mensaje de Mulino ante la Asamblea General de la ONU,https://news.google.com/rss/articles/CBMivwFBVV95cUxOU2czQlU1a2FpU1Rjb0NCdndYdUJnalZISWJpRnJCX0VUT2hGMUZOOW80YXRnMUhiVEVSbmdlQWR5QkZuT0hDUDVzYXV0SnRUeXZiQ21hUi1uTWh2VVplQzE0N0dvX2VGbWpqU0p0QlVILXQ2eVRnNU9zRjBCM1JienloR3ZvV1l1enVHVGxOUnJjUWZ6U2Fac3dBV3p2Mko1cVRjbHh2QkNVZkZNUk9RZ2FXX3hRbkM4OGdSWWtwRdIBxAFBVV95cUxNNWxLSkNWYklVLUdBVllGcVFMYlh2ejc3LTNxNmJqXy1mZVBrS3FfcDNRRGMtRVVyQTRDV1JnbTlUSVFDSmdMRXQ5azN5cXNJNWUxNGpjcXNOS1B0czE4RnU0YU1fb2FkQmF3RE1CbHFEWHh1c0xzc3lFcVBUUkpmNGxFSmU4UEtQd3VPa2wyd1VkdFh6TWNsYVFqbjItN1NzRHc2djhzUGc1TGJCWEJsM2s4dEVITktqRjRFLUs0cFdfelgy?oc=5,laestrella.com.pa,es,2026-09-23T17:32:00Z,,2026-10-07T18:21:04Z,,gnews:regulacion,titular/metadatos,
GN-143ff5a09d,Guatemala hace podio completo en el Tour de Panamá 2026,https://news.google.com/rss/articles/CBMinAFBVV95cUxPLXRJcUpUTGlxOXd0OFlzMzhPUkpGRXBncW15OGI2NmNORzg2anlLRjlBU0d1aDQ1VUxvX3lrS0RtY3FQT1Q3LUxwRDMwTlRkTEZPV3RDWmh1QU5JX0Y0VTR1aEFMTXJ1ZmY5aG5VSnRwcVdfVnFwLV9SYzdQcUdBcmVlczFha1BBOFlxTXh3S29qSnpNaUFlWkE4ek0?oc=5,emisorasunidas.com,es,2026-10-01T20:53:00Z,,2026-10-07T18:21:04Z,,gnews:servicios_publicos,titular/metadatos,
GN-144ac78d6e,Recordaron en Panamá víctimas del crimen de Barbados,https://news.google.com/rss/articles/CBMimAFBVV95cUxQemhQVXVDbXFMVFBzTFVVSUxHR21Pa25UQ3dCaTB6WlRfMENLMnY4YVRhampsSkFjbDFfTDV4TGJ3QnhhUXZLUm9EeG9wQk1uSWNvdmVrUWpwM01Pbmt3dzJfbHRIOEk4TjNWejdnTWdRZVg4dmJUeW1OdEg1VDdKaWZxRlJ1Z1cwZlpVa1QyTktSV256RGFabg?oc=5,prensa-latina.cu,es,2026-10-06T19:24:00Z,,2026-10-07T18:21:04Z,,gnews:general,titular/metadatos,
GN-1537c501fa,Clásicos del cine español llegan a Panamá,https://news.google.com/rss/articles/CBMiigFBVV95cUxOZGNxdlpTUHVRSjk3NC04ek5TajIyR1R4eUIzYmFlSWpxbmNYdTk5Mkp5TGotSFA5NEM2MDd4ek1jYmdtNUVYanBweWlUNTJYU0s5TlRFMHBVald3YmRYZWZaNmJpNWtDTjlnUklweDhmUGhVdGI2Y0h0eG5KM0JRcEI2R2lrbnpKRUE?oc=5,prensa-latina.cu,es,2026-10-06T10:05:00Z,,2026-10-07T18:21:04Z,,gnews:general,titular/metadatos,
GN-15630d9398,"El canal de Panamá podría establecer nuevas restricciones al tránsito de buques debido a la sequía agravada por el fenómeno de El Niño, informó el lunes la nueva administradora de esta ruta por donde pasa el 5% del comercio marítimo mundial.⁣ ⁣ La vía",https://news.google.com/rss/articles/CBMiVkFVX3lxTE43aFppbWVCNDlnTlNINkVrQWc3LWZ2VHBjQzBrTFQxSzFEaURRLXd3QTY3YUxicHNRNE91VTVOeC1hMWVId1JlX3dyMlNPLU1tSmpsS0hR?oc=5,instagram.com,es,2026-09-16T07:00:00Z,,2026-10-07T18:21:04Z,,gnews:logistica_canal,titular/metadatos,
GN-15b74f02e9,Vietnam y Panamá ofrecen puertas de entrada a respectivas regiones,https://news.google.com/rss/articles/CBMiqwFBVV95cUxOMUIxR2JZdGxvY0w4SHA3M2pRc25iM1R2YmNyMTV6TWJZX0M0NDhzYjNoVHBFYmtsMkp1a1BIOHNpOTlhWEh5WkNNOUlZZGVlcmdhWjdvTHd5WHZwbVVrSEFIaFNYRkZBX0wxQ0xMb3B1WkxIRnEyc0dBVkxQbnNabTkzYzZLc1JNU3ZzMEZqeml5RWFnd0QxZlJNR2dfREFVOHdGSkdrOVRxZVk?oc=5,prensa-latina.cu,es,2026-10-06T16:28:00Z,,2026-10-07T18:21:04Z,,gnews:general,titular/metadatos,
GN-165cec11e1,Jóvenes en Panamá encuentran una oportunidad en plena crisis de empleo,https://news.google.com/rss/articles/CBMingFBVV95cUxQejFwWllpblhmZHV5ckYwcnBIM21FcmZpdXpwMmRPNGJIRlNpZkNFMmJ4X0dfUDVLOEhZMV9UaHdrdFlVVmc1R0VQUkV6ZDI4MUtZOW15ZWZxWTlVZE5aV3BWWlVPU2xMXzBrZ3NGR1UtRFotaGd3MS02LW1aXzloanBLM1B4eFZNaEFGUzZ3NlZGTFR0RkxfVEZERDVwUQ?oc=5,robertocavada.com,es,2026-09-16T20:37:32Z,,2026-10-07T18:21:04Z,,gnews:economia,titular/metadatos,
GN-16ff4e1360,"Economía panameña crece a 6.4% durante el segundo trimestre del 2026, de acuerdo con el Ministerio de Economía y finanzas",https://news.google.com/rss/articles/CBMi8wFBVV95cUxQYWtpbmR6ZFJGbWpoV09JY29TN3g0UzNDUWJodnRiX0dlb3RJdVJ6eld1ZXFoYzE3Mmd4b2lNSHpRMzlPZWE3d1FtNm9YRHJFNk0ydnE4bEpxR1BrbnpVMzl6cU80SUVaWjFmaFpfbnpZb2xtZEliWUllOURvN19CSXdlZzlvdDFmODZSa1YxdF9wUmZYNVFiN21pSHM3WndCVjRVdDBFRFNBamZwd0pSalNxeGZrTVVCSmM3Q04wYXl2ckt3QUJSQTJsSlJZdWN5Wm9yRmZXSXEtaGNnaW01M3NmWUNUbjBjajBucnhMSEdWb1XSAY4CQVVfeXFMTVBld2tCc1VTdzhQRWxuOC1mYVFYQm5HNlVlZmhwWUhhbHBWWTYyVWp1Z1lWWWdncEtuY1gwV0Y1b3ktU1FON0RlRWt6Z0k0WXJiMEdnenNlVTNjWS14ampmeTRETGF2R1pEX2RRVzRJVDhVbU45SllDZm5KLWpjQnZQSVZRQzFwbmdvc0xJTDhSSVNHUkVzaUNBdGZhX3o2c2dyTl9HSlVVTnNDSmJjNGdqb2I5b2YtVFc1YW1DRll3dmpjNUFJSWRwalFkd1pVVWdRQTZGUGk1d3RCaXZUTGkwQ3ZZVURkU3l1bHJ0T3d2M3VnWjV2U1hvdW5NZi01eVFxXzl4bnM3Yjh5ZWFn?oc=5,infobae.com,es,2026-09-21T07:00:00Z,,2026-10-07T18:21:04Z,,gnews:economia,titular/metadatos,
GN-17402c8e18,"Teleférico: firmado el contrato, ahora toca demostrar cuándo funcionará",https://news.google.com/rss/articles/CBMiqwFBVV95cUxOWWJNNVVDS1F3TDdidTk0clRxZzZpd0I0TV9oWDlxMW9DVFF4d3BNdFRyRWNRU2UyT25sTm1mZHR1ckk4M0VJekVaS1FCU29NMjFoS25hSUo3dWpNZkVxSkJzVGloZjgtc1YtUk53T1p0QmhWcktmUk5KUGxmejE5ZlAweUFra0ZyX1U0ZEQ2ZVp2dVQ2eGpmdC1ad2JZcVE4bkRBV01EMElpVms?oc=5,ensegundos.com.pa,es,2026-09-29T11:00:33Z,,2026-10-07T18:21:04Z,,gnews:servicios_publicos,titular/metadatos,
GN-1777be2752,Vídeo | Presupuesto del canal de Panamá es aprobado en tercer debate por la Asamblea,https://news.google.com/rss/articles/CBMilAFBVV95cUxPLXVJdEU5QTlqLWxQWGdocFJOdEVja2NLOHJCdzRReWY4Vy1SV3l6aWQtdHBUTWVtMk1rT1V2SjFTSTlEV2xoaGdDWXVzV0x3WTJUT1VxVm1rLXFSVFB0dXk2RzNRTkN0YjNIc3FwY0lCdmJsaEVwTFpWc2dVbFVZbVBEemN4VklETDZlU2JRbldqVXBX?oc=5,tvn-2.com,es,2026-09-29T00:04:56Z,,2026-10-07T18:21:04Z,,gnews:regulacion,titular/metadatos,
GN-17bce02c8a,Clima en Panamá hoy: ¿dónde lloverá este sábado 3 de octubre?,https://news.google.com/rss/articles/CBMinwFBVV95cUxQeGN2cm1VdWl6eXJ3QThRSFFIdU90d2xtamtyU3R6TE9hODhqVThrRElmNXQxTlpfZTc2d3U2dmkzZ0owZmZNMDNSby1Hdk5JTWNyWTU0U0dVcmcxc2E3eWdaREdiTGlSdTdjaDI4dVc4ZDZWNDNjSFcwaXoybW5uOW5kQ1NBYVRyS25GVHZGZUlJNGQ1by0zLU5YeWQ4UDTSAaQBQVVfeXFMTVQ1XzhaSkxBZ0R4UHVZaHMxZjBKcUwyeW9NVUZYLUVxYTdjdFlaUm5YZEo5X3ZobmoyZTAxd0FBMEd1TmRtSjJ3YWVyb2RiMUFiWmhrampHN0FLNXFOQlduR1JXTjQ2RngwdWhzUWdRVE1VaGFBMWdwVEJweHVBY20tTldRYlpLT1RfQmNjNkhoRThic3BDRXFxOWZnVFZxMU5Qdlk?oc=5,telemetro.com,es,2026-10-03T12:40:00Z,,2026-10-07T18:21:04Z,,gnews:eventos_naturales,titular/metadatos,
GN-186a2a87fd,"Empresarios abogan porque en Panamá impere un sistema electoral sólido, sin imponer posiciones",https://news.google.com/rss/articles/CBMi0gFBVV95cUxQSlNLNkFLc0dTLVkyalBTQS1ILTI1WFBZaDUycXFMXzYtRWZEY09UQWVMT3lnWkxGQWx2LTEyNW9oRmVhTmFpX0NmYzJrMlVTM0hjeFVZYVRuU1JIeENtQ0FNdUpDbVZ1MGpNaThLSmE4Z1VuWGNVVEMwQVYtVFZnMTY1MFdJRF9UOTVVWnRWTlE4UHhyVGRwUEtYc0NDNElkYnJkcDJQRGJEN0MwQ0FXLUtTajlNTG52dnEycnp1LUg5SGhweHVieEtjV2xwcHJyQkHSAewBQVVfeXFMT203ZEFHV0g1OGlpNnRWU1U4cmJmUksxU1lHUzdETGwzc1h4dlR4VzdsWEZVNTZVYjJYTzk5MzNTV19PQnBiTWxBMGlXeTd2RHB5c3V2VzB1RHpKSEVRRjI0MFlxTlJxZ25LY3hyRmdfUzVMVkNIeVh4TW82ZFZ5MzRsTG5XMmoxZ2xHMmlUMUNWTEJaYlE2VFZLcUZJSzF6bDNwazd1TExmcHlfa1ZVVHJmTDA4dS1hY2h5cUZPQzd6TFFzY3htRm5QTF9RaFEwZm9WMFZ5ajlTYnN2d3kzeXhSbEhsOHY3blA1a3Q?oc=5,infobae.com,es,2026-09-27T07:00:00Z,,2026-10-07T18:21:04Z,,gnews:regulacion,titular/metadatos,
GN-19299d3e05,Martín Torrijos prende el rancho: “La economía no se siente”,https://news.google.com/rss/articles/CBMirgFBVV95cUxQc3V5SjVCSmg2RGpSMjhJS0Zia1c3WDJxZ01YSUYwODNob2oyaUN2NW5nLTV4U0NGRXRzWUFHVW5BTkhxUjhPM3N2Mk5pdjhINFpzSE9scVBHVVR5NFc1RnJ6U05iSHdnZmpmU2tIYjFuYXkxSWtiSW5xZDZuYmlNN1UyOFA2TlQtbnpjNk9uYm90dFlMbWxaNldYTkVoZGpwVGw4eFdJZnVzblRmRVE?oc=5,elsiglo.com.pa,es,2026-10-04T05:00:00Z,,2026-10-07T18:21:04Z,,gnews:economia,titular/metadatos,
GN-193c2e3d82,Empleo 2.0 Powered by Konzerta: Las claves de la feria laboral más grande del país,https://news.google.com/rss/articles/CBMiogFBVV95cUxQUWFMZGZsLUUtMGhQQzBONEJBYlh1ODU4al9NekF1RjhhaVVHcDJVMDhrZ0k3X0FXX01KN05kYzZWZ2hlNXYtQnFXZ2RFdEdoMW42QU5leExrUHlVcXhpeTQzQ3k4alBubFNRZmVRdzRnU2hwaUJhc0xUaWRSSi10YVZoaTVYZmg4VlRtSmtvZ016MmM5bXB1cnJZaUhYM1N4RGfSAacBQVVfeXFMUHpSdlZxd2pJYVluVXVUWUczRnlhczRBWTJNcUdsWE9uM3IwMWZ3cWFzVEthb3J3ZFhZY2s5VHIyNHBlTG80LXVwYkNsRnNxNWlNcVZUTjRHTHI2QnlMUWFMZjh0MWx0eGRhaS02TDNsWEpzcHlURDBaUHRVVnVqaDVxN3ZyU25YWWVlb1BBWUhiUFNvQVViWWcxVWFJd0tzVDJ6Mmx4SEk?oc=5,tvn-2.com,es,2026-09-16T07:00:00Z,,2026-10-07T18:21:04Z,,gnews:economia,titular/metadatos,
GN-1964bcdb91,Panamá extiende aviso preventivo por fuertes lluvias y tormentas ante onda tropical,https://news.google.com/rss/articles/CBMirgFBVV95cUxQZXNOaDdMZlhRZXh2M0tSVUtTWnN2RGxwemkzNEM3NmQ3aHZJMVlMc20tNXRSczZqSi1tVWZ0ck5DMUdWQWVjM2M4djJUWFYyU3pFaUFENzFMeVB0NTcwVHpWYXUxcnZSSGttLUpKaFNLN2diWnJGcy1CWmp6aFF5YlRxOTdGMUM3ME5KOUdBQ3U0Rm9jQ05Zc0xUNnNvMmdfZm0zSDB1LVRhUVBvV1E?oc=5,abc.es,es,2026-10-05T21:01:57Z,,2026-10-07T18:21:04Z,,gnews:eventos_naturales,titular/metadatos,
GN-19813ea268,Panamá analiza el futuro del sector en el Foro Internacional de Turismo Panamá 2026v,https://news.google.com/rss/articles/CBMilAFBVV95cUxNa0xzOU5RMm56V2hySnpBR1VzSWxzbG1OY1Z6UGQ2MzJmZ05ETHBUeW94Y1BPQ1M4U1NHNlFoYzBKZDRDaUFaeWY2cW8tcU94ZXJOMDBDVDZ6U1QxM2hobEs3SHVxMWNRR2RUWHNFMVpLRkdiVmwxMkg3NWxoTVFscGY2ejhIZE10LThWbF94WTF2aDZu?oc=5,panama24horas.com.pa,es,2026-09-17T07:00:00Z,,2026-10-07T18:21:04Z,,gnews:turismo,titular/metadatos,
GN-1a7d7f00b2,Panamá busca posicionarse cada vez más como el nuevo destino del turismo deportivo en América Latina,https://news.google.com/rss/articles/CBMi2wFBVV95cUxQWEF4dTFfZGJRSU8xZXV0dndUWjJxOHdjX0E2Qkx5empQZ2dNNS1fYWE3M1RpeFRmLXhucXBNdFROTzFjX3FiLWxRSDdVQkFPWU1sNnJmOGhXa2NteERqZ0p0SmJJT0xYbG5ILUhSSDF5ckRGVmhpaUZFR040UU5OMzd6VzdMTXNPYmFyMW8wQUhnX1pvNmFwYlU0aDlYd3NhcGg0LTNoSEd6TzJ6VkZVVkUyYXZRQzZkRnVVYzI5VVFjeG03dGszRWVzX0NSZkM3OFktd2JCVW1NY03SAfYBQVVfeXFMUHYtamVwTU9hUWl0WmVwLTNMZG5LQ3U5ZWl2SUtyTkxDVjY0dWIzcFVpcXZmU3pVZWV2T084LU5LV3JGa2FsT1lUaUVmWkJubjRaNGdILW1UYXF2SUdBaDFXVmJwTDNjYWZObjA4c0ZYUUdvcllQa3lxblBhRUYwc1lOWkMwRjdZemYtb3pnVFZXSjdfeXV3ejRPSkhCdEs5ajZTb0JOOGc5alR5em5Fa3J3alVVNnRzQ21KcVhrYllWMVREbVFsZllJMWlNblBZOW5EZERweDRsc05fZXUzZjZGNzZlTml4eWR1dk5ReEotS21Cekxn?oc=5,infobae.com,es,2026-09-24T07:00:00Z,,2026-10-07T18:21:04Z,,gnews:turismo,titular/metadatos,
GN-1c12ce7fd9,Embajador se reúne con la presidenta de la Asamblea Nacional de Panamá,https://news.google.com/rss/articles/CBMirwFBVV95cUxQc0ZxdWtvOUhJNndKSGxWOE9weS1MS2tJUVF5ZUUtSDhQRUkzUW45MEdtLWhUZWJreDRRaDY3YkUwTHIzYmt3N2ZabDNVeThYZ2k1OGh6WGdLaDhfRDlQb0x2Nlk4dk5VVEVudXVJSm04NUhtTGoxRTl3QlV2X2d2c05lM09HQnFvWWt0Y2F3SFZWVjNKb0hmeWFVRi13NVptMzc0UWxDYm5QaW1LNUpJ?oc=5,chile.gob.cl,es,2026-09-08T07:00:00Z,,2026-10-07T18:21:04Z,,gnews:regulacion,titular/metadatos,
GN-1cfc78dd7f,¿Está Panamá ante una nueva amenaza de inflación? Estos son los factores,https://news.google.com/rss/articles/CBMihAFBVV95cUxNZW5DMTVVTHJaZ0YwUGR1S1Nqc1FwZHJzeHI3UmM1Skt5alhMSzlweTJVaDFQNGpWNDUyaDg5cDd1SktoX1EwSDM1cDZqZS1LaWhyb1VmVmY5dzZCeDQwcWViTGFEY0l6UDlNUGpJT00yZUtvZ3Rtc1hSeG03YWZRRENkUkI?oc=5,tvn-2.com,es,2026-09-18T07:00:00Z,,2026-10-07T18:21:04Z,,gnews:economia,titular/metadatos,
GN-1d34d1e029,Vídeo | ¿Por qué podría aumentar la inflación en Panamá?,https://news.google.com/rss/articles/CBMigAFBVV95cUxOQzRZeGVCeUVJVGxSOW1OeThwUEVnT0V0RHpSUWZfRTFMWXBGOE5ZYmFycHhBR1ZBSDlCdjNhRFNHNG9kN1NSMDBtaEJ3bklJV1ZTUTh0MzJaanY0WmtJc2RIMjBEMU9xb0RzYUw3MnVVN2tKWmp5cGVpc0R6Y2tjNA?oc=5,tvn-2.com,es,2026-09-18T07:00:00Z,,2026-10-07T18:21:04Z,,gnews:economia,titular/metadatos,
GN-1d3c05b0e5,China lanza amenazas ante la conformación de un grupo parlamentario entre Panamá y Taiwán,https://news.google.com/rss/articles/CBMibEFVX3lxTE5TdFRVd1hFRVlBRENoQ3MyRmo4UTY2YTJiNXliSGZkR0doZWdMX3I2cXRMa0VnNkhJNTRNR0pvdmZoalFLYmdBMjRBbHZaQnUxN1Jxd1hZdk1fT3Vrcjh0WEJhNVVHTmw1cTd5Ug?oc=5,diariodecuba.com,es,2026-09-29T16:04:00Z,,2026-10-07T18:21:04Z,,gnews:logistica_canal,titular/metadatos,
GN-1dc922f08f,TE no podría reglamentar decreto sobre elecciones,https://news.google.com/rss/articles/CBMioAFBVV95cUxQRTNjN092YVJXdnFqVWoycl83bzRTRmpjYW9YREFfQ3VtS1lTOVVqQlVjZC00YVF2RkFLcXh2OWxXcmEtcVZZTjlHUlJFSWlnUTJoTE9vMUI2bXhMVDRKNEJpb3JldjZsY2ZYVjJCUjZPQ05rVHkxYkFUNk5hR3lrRTE4WmtfMGt4MFF0ZjZ1aVZrcmZFczloVUJudzFNX2x6?oc=5,panamaamerica.com.pa,es,2026-09-24T07:00:00Z,,2026-10-07T18:21:04Z,,gnews:regulacion,titular/metadatos,
GN-1e46b97253,Lluvias afectan potabilizadora de Mendoza y reducen el suministro de agua en Panamá Oeste,https://news.google.com/rss/articles/CBMi3wFBVV95cUxPdDJaYzdVdGpqRy1CY21SZ1RIb1hhbTh3TUFrZnlxTTRackJqc3huTm5tUkFxNDgydGd0d1ZmbzNRVnJNaFZON3VxT3RReEdsYmlXRU1WZm5mb1lCMmlYZkxLT3V2X0FRMTVJX3lfZGZNVEdIUTAyN3Y0Tjk1S0ZDclAwVUVZQmNiMG4telJxNmEzVzZkRkRkdFRiOHowOHZNODQzaXNKQUhZY3JFcGp1MHU1Z3pxcWdBanNWX1pubVNRUGtKcGhkaHpITW91WVRlcXR6bFlDYlViSm5TaXhn0gHkAUFVX3lxTE5ock92OHcxM3FDNlYtNmk3SkE0dDJQdk0yWl9uc1ZSY1Fhazl2d090SEM4NDdxcmI5RXBzQ0JxbVVxS0hHVk1uejJMY05Fd3kxaDBNNzRmVzRaWDJrNE9KYUhBdUhwWGFaYzRrbVlncDEzWWhhYUNLUHktVWYzVUotbGtkNkM3ZjRHOE8zZFZmRExmNG5PVE9tWGtsM0tsbGJGMFFXUzBuVGpzNUFRdzJ3anlLclZKd240aDl2ckVOVXhEUEgzb0RqMmwxbUtsdFBfb2plcjZoRFZSTlJId1ZjbkdNSw?oc=5,laestrella.com.pa,es,2026-10-04T15:51:00Z,,2026-10-07T18:21:04Z,,gnews:eventos_naturales|gnews:servicios_publicos,titular/metadatos,
GN-1eb9d0f720,El valor agregado se convierte en el motor de las exportaciones de Panamá,https://news.google.com/rss/articles/CBMitwFBVV95cUxQSUwtTUVWZ0duc2xoYW9VSl9fbk0zUGZ3bV9idURObUNsQUdfUC1GUFVLMzg0UW9xWFZfSTVPUkRVMHRhU0s2dzRubHZPQnBHY0pnVEh1TkNNWUNyRnJOdjZMY0tMaFlfaV95Si1iOWFFLXlsSFhwbTQyVXoxNFB1UXhuYTdhTEtydFZLN1lseWVEVlAwQkx2VHVyVnFhWmZTdElJSnd0N3lTZzhzTnZUbXh5WXRTdnPSAdIBQVVfeXFMTUlsSGFRTE5hV0FHUnlHLXcxN0ZMWFlBUWhVR1pUUFV5QmlHR1lWM2t4TTlYOGg3RDR4VGdPSlFhWE85TFpaSTBZQUtzLTBocGI5RFBRWER5TzlUc0JTZDAwN1VnbU1FVjk5N3BneGFOdzRvMFJ1cVUwT0tZeXdPVm1EUkRGQnpSR3NyTk5PR2EyY3htcVoxWmNmRlNEXy0ta1I5aEJjWVhNaXJ5SXBZZGVLNTZUTmFqNllmX1lRX3hyaXpfVUxnVEgzQUJHaGw1R1lB?oc=5,infobae.com,es,2026-09-15T07:00:00Z,,2026-10-07T18:21:04Z,,gnews:economia,titular/metadatos,
GN-1f193f35cf,Clima en Panamá: Lluvias y tormentas continuarán por influencia de la vaguada monzónica,https://news.google.com/rss/articles/CBMizAFBVV95cUxNZzV0dW1YQVVFbkpRaDgyb29GUFQwcGVKVTJzMHBqTDA2Z29kUzMzNnVjRW9ORF9nTE1HSHA2SFYwVU11eVY1dExIQU41TzYzS1B5Nm1wVDB4SjZCZ3IyMFVZN3BINVpQVmNkVzd4cFFhM2prS1pDM29EeWVfTy1HRlhVYXVaa1lPMTZxLXA5YmQ0dFVnZUJvNEJLTHlCYld6UmdzVFRRVDNuQjNpSzRQZ3RfRjgxLXlPS0x2emt0ZThaLUN3Q24zaWdTYzPSAdIBQVVfeXFMTVludjNZemJIa2FqQmNGc3RjaFhNb0x6QkRZQWI0SFN1STRtVVJLUks5R29fdm9UTDRlRDJIVXZkTURzbTdJQ0psMkdjcVpEeGpEZlA3THZ2Z2JPY0NYZzJMd1VucFdJaUt2R3c5TGlFUjdXZ0kydEp3bHFvOGZubnVTLVU5bVVQUDQwZTdYVWcwTjNIbHB1c3NQZGdPdEI5OUlvYnN2SEtLODVTQmhLRDNvWlFaYXBUaEkxMktpQnQ4S2IySE5BcEVaSXBSSlludHJR?oc=5,tvn-2.com,es,2026-09-29T11:13:26Z,,2026-10-07T18:21:04Z,,gnews:eventos_naturales,titular/metadatos,
GN-1f5cf3387d,Panamá realizará simulacro nacional el 12 de octubre: ¿cómo será la jornada?,https://news.google.com/rss/articles/CBMinwFBVV95cUxOQXM3TDhCMzY0YTRnS2NHZWR4TW5YYjd6Z1c0MHY2MjM5STVWRWZzeUFOT1cxbDluSl9vT3ZxTU5rMnBDLUpNM3djMlhiSkhGUXBsNkt5UHBQNjU3YWxjQ1p0Xzk5Q3VsOTQ3UnVKVUdqY3NxUko2MDBWc2lfQXljWERlMkh1dlVJOUdvV1U0Y2NwMHIzUnM4SnJyS1RmQ0U?oc=5,tvn-2.com,es,2026-09-23T07:00:00Z,,2026-10-07T18:21:04Z,,gnews:eventos_naturales,titular/metadatos,
GN-1ffe0a6155,"Julio Moltó se refiere a Minera Panamá: ""Se necesita volver a reactivar la economía""",https://news.google.com/rss/articles/CBMiwAFBVV95cUxQOHpuTGg0WlllX2JEQkI5TkFzVGZHbnFPUjZmeGNjY3Fpc2UxeXhzRnFrOEYwVy1NRkhZR0d6dWM0OGFKOC1LWTJ2eGxYTHlvcUgyNUhlMUVQeGNMUVZvSkVVOWRFelNacDVObTY5Y2xhTkFtUG9YLVQtQW1zLUQ1d2ViaThHaEtZNHlkNWpKckNsOVN3OWJOU0UwcFlkVFE1eTlvNWFUMmJPQWlJMUlXc1BLWUROOTBjQVBKMm1hWDTSAcYBQVVfeXFMTjU0S1FSOWUxUnJuLTNoV2VCODI0UXcxSnpzUEcyTXZVVkJyai1VZ01EVDdEbVd6Vi16bHBNYUpQb3hHMzIwMTgtTXZrZXdMNVZJY29NZTAtcVllWDktRG1RT2dZWnYtSE9RLUFuODVyZmgyTnkwMUU3N0hMWC1jbzVvdW5MV1F3YkdqSzB0ckN0TU9ad0pLbzN1SXhRRFVGWk5zbVp6Q2JBRHJjNUV6bVJBbk5DMWtaSE9QRXlKZlU2RWZkY21R?oc=5,telemetro.com,es,2026-09-20T07:00:00Z,,2026-10-07T18:21:04Z,,gnews:economia,titular/metadatos,
GN-20cc0e38de,Navieras vietnamitas ratifican confianza en el registro de barcos y el Canal de Panamá,https://news.google.com/rss/articles/CBMiwgFBVV95cUxQMGZQQjBlaXExSzJNTVRGQkJvUHM1M2hPNno1NUZyZFpiWFFXeks1UllYbUtib3dRU2FPWGgyZWVOLWM5TTdEakZXODlfb2d0NXZkQThYd25GSUdxNjlXQ3JTYnh1ejVRMFR5QjZrTlZRRVJZWUlhMWJXRm9UTzYxaEFid2psaWZHMDdZdHdUYmpfbmxMOWdoZ21tcXAyQ0lTc1lnZFd2UVZFSHdhVGhpUUtXc0xrNGJmNHI2bVFNSmE4Zw?oc=5,ensegundos.com.pa,es,2026-10-06T13:51:00Z,,2026-10-07T18:21:04Z,,gnews:logistica_canal,titular/metadatos,
GN-21444804c8,"Economía panameña crece 5.86% hasta julio, con impulso del comercio, transporte, industria y construcción",https://news.google.com/rss/articles/CBMi5AFBVV95cUxNOEQ3ZERkc0xmZTFyc0NRUXR6b19zQjd1TjI5cGxwcUF0RVVTeVhfNUp3WWw4RmhpeFQzSmV4U1pUYlpIcXhvUlh3NEY2dVVvaWc2RC1LZTlybU5mQk1UWG84dTNWTjdiamsxT0RMd2tuZzJZUlB6WmZITlNnYXdzdVVUNnBTVHRlbmZGS1RBQ1Y2M0FRbG9KaGVlWTVKbno3V3NUNkRXck5yN0RRaFJBNUpENDFES3BBLWxucy1kWUNCckJBMElvM2p6eFhjTGhUTzhVN1h1WldMT1pIMjBaU1M4RjXSAeoBQVVfeXFMT3RxdUxsSHdGTkx4eHZlZk0teHlaaU4tZzVBcW1tcE9jdF84RnlRM2J4eUZmV3VCTHRzV0V2OEtCbXZ5NTMwbFkwTU1DdGctdUxwcE5jOUZnMlJaUEpqa216cFl0bi1SSVdNc1FnaHpuVUpEbDJ6WW5DNm5FbFI2VG41TXBkSDVfbmRRRjRKaDBRM3FDdU1fQWNmR1ZrMWJPbDFKVHloLVpod0pMZGljZy1ZNlNzWThtUUtPSkdBNnpLY0RNdnFQU3RoT0llcDZyRE9NNlRfT183UWJQSjRHQ0JEMUhneHd4cUFB?oc=5,laestrella.com.pa,es,2026-09-15T07:00:00Z,,2026-10-07T18:21:04Z,,gnews:economia,titular/metadatos,
GN-215991d179,¿Lloverá hoy en Panamá? Este es el pronóstico para hoy jueves 24 de septiembre,https://news.google.com/rss/articles/CBMisAFBVV95cUxQaTBmUnktNHgxZ0xxWnAyaEVuckJIMlJnLU5PSTVKTTN5Wkc5Z3h3VmFVdWhLeV9oOUUxV09LMEJselZFaHR0VmJMU1hDMUZXOVFmT21CMkpVWmpJYnZDcFN6ZC0xdTFoYTMwamZ1RnpJZ1FZY3NWMGVXN1FkeWxlclZXQlFpVXdUSWt3LVNqdDZhUXh1RHhyS1RLSXhkdGh6dGUtc0FCR1djUzgzdzNPTdIBtgFBVV95cUxNNEhJRm5kemFkSURXajV4N0E1X1FMWWQwTTM0MmR3Q0lJV05XY0U5Slo2NE9jVndHWDNmLXljb0xGOTFRdk5ja0RidHYyLTNSQ2RveGdQelg5RzF5VmJrSG5TWDV0YkpoU3ZuY0hnUjk3ekJIZ3c1MDZKRE80VjdNTWFlekNyY1F4a3lYcy1DcHVCbzhReVZtUXl4SzMzeGFCMWctTE1HODQ2Zmxsb1pJSWo4eU9rZw?oc=5,telemetro.com,es,2026-09-24T07:00:00Z,,2026-10-07T18:21:04Z,,gnews:eventos_naturales,titular/metadatos,
GN-227df35841,"Posible ""cierre ordenado"" de Cobre Panamá abre negociación, pero multiplica dudas",https://news.google.com/rss/articles/CBMiuwFBVV95cUxOSVVra2ZlZmI5MXhsT0lEeTF3N2hkQ3JUNVh3YVVxUTI0Q2xPZzdGblB4V1NKTDhHRTBKeHNYT1JCeTlFUEdJeHJaX2hRLWt1dmZVN2kzSjVraTdiUHY0R3dsQnFtYVFxOUF5Rm1GZWlVUWxodG5wQ3VkNm1yanNLUERHTWw4QVRLZmFJa0VQcFB0UW1zUFVSNkZuTi10RnZ6TkNyaGdBVTBwdHJPV0tPMFFjanRva1NOQXJV?oc=5,bnamericas.com,es,2026-10-01T17:35:47Z,,2026-10-07T18:21:04Z,,gnews:general,titular/metadatos,
GN-22878685c6,Canal de Panamá flexibiliza restricciones tras aumento de lluvias,https://news.google.com/rss/articles/CBMisgFBVV95cUxOMXlBT28tYjRZZjR2Ti1qWFdKRVBGaUNYSmQzTmFYUXB1dW9QZGlYcXpYbHFqOFpOSmpDWnNkRThIUU43b1RDSGRHSkVpcXE2aDlxNDhiWmZJZV9jbW1pR3l0NjdqUGtfY2RNOTBYRDE5RFdvVGtTZ3hRQ0dJclJ0NVpIdk44TGEzZy1vaHJ4UFZhVXpxX01OcjZhQWJBdmZCbEJmdFlyVUNPbDFQMFYtRXFB?oc=5,nacion.com,es,2026-09-28T23:06:40Z,,2026-10-07T18:21:04Z,,gnews:logistica_canal|gnews:eventos_naturales,titular/metadatos,
GN-23177df984,No guarde el paraguas: vienen lluvias para varias zonas del país,https://news.google.com/rss/articles/CBMitgFBVV95cUxPbFk3aEswb203MVFlTFRQd3ZXVXJkVjgwWXhUZ0FNbHBfcC1VU1oxblJnVWEzaGRBemo3WXFZeUtjV1Zud2tJY2pPMHhiWGNQMld0ckstNFNlSmhoZmszcEpUUzU4UFZJMDJHUzdCSjhQYkhoakZmWlFOalVrOXRFXzFwRE95X3lzaHViZHphWG5NeXFoM0JGRzNjMnFJeDY1N1Vvb3E4YjlxRndfOTE0dnRNcTF4Z9IBuwFBVV95cUxNRTNCcTdxLVprLWlrMWI4d3RmeGtfRkx5U1NBbkVhQ0s1N3docG92YXpoUGtkZEl2WEkzU0RiQ2VYcTlpOVVaX0FueTktSWdERFZuc0hheURpYnZSRnJRMUtfWktpTDItSEJFSGJvR2pteGlYY1AwcXNzVEhBQ3hFWVUtQk9KY09MUEt5MjBzSU1HcUIzX0J4WnFsblczMnVSdFhSUHJvN0xkVXFpXzNJRHFIeGtyQUVLYTNv?oc=5,elsiglo.com.pa,es,2026-10-02T05:00:00Z,,2026-10-07T18:21:04Z,,gnews:eventos_naturales,titular/metadatos,
GN-232d6a9524,Inflación en Panamá sube 0.2% en agosto tras dos meses en negativo,https://news.google.com/rss/articles/CBMitAFBVV95cUxPaDV4VFFsNzNrQkZkLXU5bldURDZkbUg1M0toVzBESXB0SG9FLXdSaDlDTkZBWVBneVRXdW40ZGc4R1RVcDd5S2x1Q1JERlozTE5IWm5IakhfdEhSTllkTVc0elpJNHNaXzZGNklFWWktNXI5LXgzNnZqZ05HbzBWMFh5U1NsTUZRMVZTLUttNE1XbW9GcmZUTDdJcXFXWHdSUV9MMW1wdFZ0TXhpeTg3QlZMQ3XSAboBQVVfeXFMUFFKQ3NxTzhXR1A4ZzhkaHR6dGZhQWNuVDhrVGc1eWVCajRiUVkwWmZZQ0laWWhhbjQzd2hTOEdZLUo3eUI3WGQxcG5vWWx1a01Fd3hoUDB4ejVMZGE1RF8wWHhJMzJCWGRRYnVWY3ZOTUJ4V2tfUHlpak11RzlUTEtoT1RGeUQzSDZrcUV3cnEzdldQZE9EY1hNM0RNb0FCcXpwQjItVnJkNm9RR2hoMU5PdEgzTURFUmZn?oc=5,laestrella.com.pa,es,2026-09-16T07:00:00Z,,2026-10-07T18:21:04Z,,gnews:economia,titular/metadatos,
GN-2337b1ac05,Clima en Panamá hoy: ¿en qué provincias lloverá este jueves 17 de septiembre?,https://news.google.com/rss/articles/CBMitAFBVV95cUxOT3MzYVBhc0lBYW1SOTdLaDBMMmFPa1NuWkM1LTBVVzc2MHFTd3YwamUycFl5MzFMSG13VFB1bDVOc3M2MTN1Q1ZKLU1vRDFUdEpMY1Q2d2hRMWpnc2xHaU9DQ3JDdl9OcW80NGM1dHA0SXJQTDhOWTFrNTFrNERMOUc5NjlFbEcxN3o5STFQYTM0Q1hTemdFUkg5VUFhMjZ3VlBUbkoxYUE1RWVabWV2OVlLSkrSAboBQVVfeXFMT1RzeVd4WmNMX2tVTzBwY2xUMkxpa25tNDVzRDhqRS1JeldWYkROcWdtdnJVRHluNFYtNDZhV1VmV3VlblY0YjBUVVd4SnRpbG4tdWtkUzhKaGNma0RVNDNMeDZDUnBHczRYOEQyZEpVazdhd21aYVN4S251eU5QTzBETlZoa09mLXBwSWQ3WThkNHZMVFQ5YlRZLVlLTnVXeXR2MjI4U09saHJRM2xXS2hUR2FOU1NyMmpB?oc=5,telemetro.com,es,2026-09-17T07:00:00Z,,2026-10-07T18:21:04Z,,gnews:eventos_naturales,titular/metadatos,
GN-24389732da,"Clima en Panamá: cielo nublado, lluvias y tormentas se prevén este domingo",https://news.google.com/rss/articles/CBMi1gFBVV95cUxNVGcwMXZJcFBIa2lwQVRQYkZNN0M4U3RmVm9QQi1EQ0ZZM3NxM0JyM1hkUlBiM1NBenhzNl93TFhBcGpiNTBZQkJ6VU5JeC1jbDFzSlJELV8xSUtHNDlCOGxKU1N0anMzSUEwaXByaS1QZDB2ejZiRGxyQUFsT2VVaE0zV09qWThRMVY0d1l6SmY0dVRXMndtYlN3TVg3QVg0aEVMLU04Y2Q1LV9UbXhpaGc2cGJUV0NsbFpCZkdjSTNyTFI5YnZLUzhSS0paTzhSeUJOaVR30gHbAUFVX3lxTE5jd2dDeVhlcHdMZUxPYXNySTI2ZnlKWnl0UlpiWlVNanFETm5fNmZfd0lLem11YjZxUXZhM3c0UHNQRnM1M2s2REQtWFNVZFVUQmFjQWhPOXdveUpXdVM2N0VPcEU1b0ZwX0pDeGhNZmJTTlkxS1dKUm9HWVJtczQwMzRhdjlMemlCZVBCVV9oeDNyNTNGMWxMSTlVR055NmludDZ4eHRaYXI2MU95UUR6U3ctMHFXNk00dUtYT3pidTBndF8yWGdKSllITk9iRmEzcXl6dTgyZEw3aw?oc=5,tvn-2.com,es,2026-10-04T12:45:24Z,,2026-10-07T18:21:04Z,,gnews:eventos_naturales,titular/metadatos,
GN-24ddaf17a0,Exportaciones de bienes de Panamá suman $534.6 millones al primer semestre del año,https://news.google.com/rss/articles/CBMiwAFBVV95cUxQc1VIT2lRUlBlNlZCY3YxUXFDUEpEc0RLV3ZLb043c3RFMzE2RF9OUGNJUUFUQkRQb0lUMVZIU3lvODhISEhocXZwM04ySGdQdi1tYzJBZFZkWHVncjFEMmRmUndmbUdGQmFWeTdNaHB4Z2hYdU9TMHktWmFMU3ctY2NZb3dzb0d6YWsycVVJUHA4SXN0U08zdU5IOFhKbEZVS1E3aS16dlUtVGd5b0xPTkZJZnlQQ1I2c25MMzJWRDTSAdsBQVVfeXFMTkVBaWtfSmYzUXcxb3BuSkZnSVFtUFd1MDVCRHNIc1VzTVlMVThSMTlEZ3F5X19ySmhWdUZULWoyS1pqOHBnSFltOGM1Z0hwUEczUU9yLTNiOTNxY1RMM1hlTlVnZk5uOWhiRWNoUHl1d1RzOXJMVjJFeVkzMXR0dG1QUHd5MUJmMnE5REh4bmM1SDNSM3VvU1hndFRwcUp2THlBcm11RDUza1dXTUtmdTV4dy1zblZJcGxzUk03V2VLbS1CNV9XQ3pzWlFqVEdQX1htVDhJLXFMTXJJ?oc=5,infobae.com,es,2026-10-01T05:07:00Z,,2026-10-07T18:21:04Z,,gnews:economia,titular/metadatos,
GN-259a3fae2e,"Desempleo baja a 8.5% en Panamá, pero se duplica el subempleo por bajos ingresos",https://news.google.com/rss/articles/CBMivAFBVV95cUxQS29DcWhSZHUyUjgtZXhwSHVISnYwTFpzUUNxX2o1ODFSR25XZ2pvMEoyMTBJSjFBN2NNOGUzLXN1NmhUYjNkMUg3Um8xN2gtU2Nwc0lMSXQ3ejQ0Z2JTS0ZoYVpHTkNnYV80OXlsb3pPTVpaQWtxNHp4bE1YX252Wk1XcUl0QWJsRkg4blpOU2owdTlQYUNUZkliU3pKdURtNHhwUExNLUxmU3liY2hNd2NEV21hSjZrUUJKM9IB1wFBVV95cUxNNDNQcDhpc3kzcUt4dU5QdUZCb0dXWjY4UGtFMVlHUXBGMVdhY25rT0pHY1NDVW1OQmJldzJZcEdmVTlSeXRCQXZHdlNQYi1WS2hZQ1d3RVc3NllReHUxc3NIMFNsQkV2NC0tdzE1bVY2RklJSlhFZFpDSVAtLVJyYVpWRkt5R0RQaHhJdWRXNmEweXNRNlB2OTZNNnVXOXkwUUJ6dWx6V1RZSTJuVEJaUk10cUw4dklNYW5BRmN2MmdVM1FNdHdkRmpuc2d3elF0YkhrNDRMcw?oc=5,infobae.com,es,2026-09-29T07:00:00Z,,2026-10-07T18:21:04Z,,gnews:general|gnews:economia,titular/metadatos,
GN-2669596610,Panamá ofrece seguro médico gratuito a turistas colombianos por sus primeros 10 días,https://news.google.com/rss/articles/CBMizgFBVV95cUxNNERNOFgwdThCaXg3cGNVdndqTGkyeUt4SnotTXNDUDNhdElNY3FLbjVncXo5R1RHUy1EZlhETWRWZUhWODI5dmxHSjByeS1tN21wRUg5eVB0NktMdXZOZnlzY3FwNi0wX0JLaDR1d05hTGtCaDZKSVlodW9HbVdvS1p1eDZEWUhyV0ZPc0tqX3UwQlU2NVRSMjdXQzdpX0ZpODNHeEx0Wi1TVlV3Q3hLdGE3ZjI1eDAzRlJQWDBYdGxLR0tHSXFGWlU2bmFTdw?oc=5,larepublica.co,es,2026-09-13T07:00:00Z,,2026-10-07T18:21:04Z,,gnews:turismo,titular/metadatos,
GN-26a098d8d8,Nicaragua. Reconocen trayectoria de su embajador en Panamá,https://news.google.com/rss/articles/CBMirAFBVV95cUxPXzZqNkkzZU5lN2R4YmpRX1VrN3RhaXhQcXM4dmJoZkd0ZFctWlZrTVQ2SURROVF0Q3dZWmxpZllBNkIxQkdERFZIRklxZlpDZ1A5Y3VUOUpIWnZJRTk3MDhqa29BQXRiLWZPOHVINUJMajYwMGd0QmtEUF9XckJLUGkzaG9vU1NqbFdvaDhsc3EtX1d4TXFKcjNhTEJ2d0ozN2FnazlpUjBiTndE?oc=5,resumenlatinoamericano.org,es,2026-09-29T11:11:06Z,,2026-10-07T18:21:04Z,,gnews:logistica_canal,titular/metadatos,
GN-26dbbeb4fa,ECA Electricidad domina el Tour de Panamá y se corona campeón por equipos,https://news.google.com/rss/articles/CBMi0wFBVV95cUxOd1JQOVlRT0drQjlwSW5RRkw3aEE5eFY5Y0tSMk1zQWhuaUh5cXJFYTdheEhmdHRBUkVVYkEwS1dXWUxFLUJyRFhUUmg2Y1BsZkNfSFRfQ1R4SURTNEczSm1BejVCYkdEWTRYUncyamhKU1NQSmU3U1pLelNzRUVRRmZJclc3bUVVRzVjakZzV2NIek5qU2VXR3VFXzhjejNfUWhWNHcteVRuUEVnS2x1d05NUVlOdUVoTEtxa2Rob2FCb05Ga25NVXhZX1lMSG5oWTNF?oc=5,prensalibre.com,es,2026-10-04T19:29:03Z,,2026-10-07T18:21:04Z,,gnews:servicios_publicos,titular/metadatos,
GN-279f081196,"IMHPA prevé menos lluvias, más calor",https://news.google.com/rss/articles/CBMijgFBVV95cUxQVDRUQTZwZ1pfTlpabnRrUEpTV1FpdTg3REtqOTNsZWNLN2UweEd3VEcwaUVXOWUxTWM4SnJrUEt3ZERmeFZLSE9oRG4yTFVLYWw3NW12RWxfOGlNM0FXRktpTnVzRm5COEZMX2phSDZKazFXd3hlNGxQb3Vfb05KOC1MeUpvWk9TczhjcnhB?oc=5,panamaamerica.com.pa,es,2026-10-01T01:21:11Z,,2026-10-07T18:21:04Z,,gnews:eventos_naturales,titular/metadatos,
GN-27d6073099,La nueva ley de incentivos turísticos,https://news.google.com/rss/articles/CBMieEFVX3lxTFBJTEprLTVXWms4S09XRDdqS2VaZHZZQzhWVnpoWGhoa1dkYkxpUzlwb1FVSjhKMHAyMHNsdkR6MWNnYUlCWjlYNktfQXZJR3dRR0t4dTR3MTRLSnVVSURxSW1ubzVVR0VKV083ZWdfd1ptQ2FtbFZzZg?oc=5,prensa.com,es,2026-09-19T07:00:00Z,,2026-10-07T18:21:04Z,,gnews:regulacion,titular/metadatos,
GN-2843881de7,Canal de Panamá: subastas por cupos de tránsitos sin reserva alcanzan hasta los US$5 millones,https://news.google.com/rss/articles/CBMiyAFBVV95cUxNaTVhRDVCWlhWa014bEhEZm1vRVRRR2pOM1hZOWYtOTM0N2VvMF9LQkhxX3p4bjlUYjhHQjI3a1Y5azZsRU9tUEczVVBGTm0teTliYnU5Z1BYUFFaRVc5dEZ0dzd3YURISkxINkJyVW13a3VPeGhJcThscWluLVZUS2NVVGl5a3k4bmpNNUF5SF9vWWJjeHYxeEJ6OHlDam1menZPdmNPRGFRNXZEWjlqYVBkZDMzZ2tYcGVMZ0FKb0dBQ2NHRG8tQg?oc=5,mundomaritimo.cl,es,2026-09-25T02:35:58Z,,2026-10-07T18:21:04Z,,gnews:logistica_canal,titular/metadatos,
GN-285b34e6e2,"Vietnam concede importancia a su tradicional amistad y cooperación con Panamá, afirma dirigente parlamentario",https://news.google.com/rss/articles/CBMi4wFBVV95cUxPUDVLdlBybl80NTFRQS1kTWtTelpTcUhSZ3ZYNUswY2h5WlRmY2huOVBLdGY5YUoxQmtnZDhrSFlPeWQtS24xT1NUT2w5Tkc2elE3TE9TYzR4RW5CYkc0VHk3U2Z2UlJ3VU5iWU1HR2oxVE5EUFllWHZmOEZEN0s2a083dGRZSW5FNTBlS2ljNFNsQW1VbGhxcWpEN0RmMUtLQ2l4WUl3RVpqZm1GUEU2VnlYSEJDYzNNR1dtNGhWaHhjX1RVWmI4OFZXNzZsMmo0T3pkNzFXS3JQa1czbE05Z0xyOA?oc=5,es.vietnamplus.vn,es,2026-10-07T12:13:16Z,,2026-10-07T18:21:04Z,,gnews:regulacion,titular/metadatos,
GN-289df50b26,"Mitradel abre nuevas oportunidades de empleo en Colón, Panamá Oeste y Panamá",https://news.google.com/rss/articles/CBMisAFBVV95cUxQUElueDBSNFA4clFFTEJNbEE1SFE4dUlNaUhVelhGRE5CY1hNNFBXNWt2UmNYZjByMWo1RXhuUEJ5VWd3bk0tWEdCY0pZeVR4MFVaWkdPbmUtVG9MUzNBTEo4bTREdWw4ZDFYemNTYnJSUENrNkY1YzBtQVR3MFkxa2RxdTJqZ2xnMTZ3VUN2cVhFQW5hcWhRTzhlV2hyT0tLU1VsUWpiTDVfNGQ1M2thUg?oc=5,panama24horas.com.pa,es,2026-10-01T02:07:36Z,,2026-10-07T18:21:04Z,,gnews:economia,titular/metadatos,
GN-290108fdcc,Más agua para Panamá: Mulino entrega obra en el Este y anuncia nuevos proyectos,https://news.google.com/rss/articles/CBMiygFBVV95cUxNRko0R0FSU0k2empkMEVtcUYtX0ZlVWFlRnhhWHZlYWdNUlAwY1ZVRTQ2VU4teDd3SGtCVV84WGl4Qm83ZTFzOUZTTjBtWlNzWHBadlUzRVoyTlpHbFN6YnZIWlRHTlhjaEFnYWZSQXFuSFk5RWlqSk9sVUxQZmhpempqOGlxT1M3X2VjM2R4bEY0WE5xUF9SdE5rZGxxY1R5VERSS1NkU19ZT3l5aUxZY004blpjUjFrVVdVM3lxVjYybXlqMGpuYlNB0gHPAUFVX3lxTE4zSVd1OFp4VUNubDVQYWFpRE1Ua09WbGRELWp4R2owQkxJVG5RSDdrMC0xaHJ6djdaSVg4VzkwTkhNZ1h5S1doZXlTcDMwY2tKazBYZTFBcVNQLTFfaExEU0hQMDVOU0E0QmNFak9jSjFxQ2x4MHgweTlBekRjQUwtbHUzb3kzR3dqUDR5Q2lkeV93LVR2V1pTS194cTVHclh6WUNucHhRN1lNU0U3R3JYb2R4TS1fM0NfczNDa1RWSzNoSFo2ZUdVY0EwclF4TQ?oc=5,elsiglo.com.pa,es,2026-09-18T17:38:00Z,,2026-10-07T18:21:04Z,,gnews:servicios_publicos,titular/metadatos,
GN-29664e72ed,Moltó destaca potencial de la agroindustria para impulsar las exportaciones de Panamá,https://news.google.com/rss/articles/CBMixgFBVV95cUxNMXRyOXNoeWhSaTZpdnFWSW9lR2RXdC1xOUdrTWQ2cXFGZW0zdVlNQW5ReHRCNmVFeVJUQ3pkQ2I1Rzd6QVJOMzlQWUlOWEV4RmI2ODJQVldCWjJhMFdYUnY0RTVsUE96RnIwY0szZFA4dHp5Y3FnczdQeWphSzVyWXo4VU83ZEg5Q3BXOFRjenF5T2RqQU56NUtick9pZWFFMGx2a0dOOUxjdnFlTW5pQU56MG1CNWlnQ2NlZnZBcVRpMkJBc2c?oc=5,panamaamerica.com.pa,es,2026-09-29T13:08:35Z,,2026-10-07T18:21:04Z,,gnews:economia,titular/metadatos,
GN-296933c7e2,4 Foro Tendencias de Turismo 2026 reunió a líderes del sector en Panamá,https://news.google.com/rss/articles/CBMitwFBVV95cUxPVHpYSjBSRkVfcW1KTk9JWVpJem0tTE1UcGdSemdqT0xtRU1HS2ZVYTFZcFJIWk9lQlVlQUFVRkRzOWstRk0zOE55UzJHdHpfSnVsYU5IS2xmcGJFcmFHRGpHdF83WTZoLW5lWnhUR0dNNFdkUW5ETkU0ZWlYb0lzdWN2UXgtNWhsS2RzUUlldnU0VmwxTEpJZzFSSVR6aWNiaW5uRm5zUENUUnlZUWtiTkNFNzZkckE?oc=5,newsinamerica.com,es,2026-10-05T03:57:31Z,,2026-10-07T18:21:04Z,,gnews:turismo,titular/metadatos,
GN-297d1d2cac,"Economía de Panamá crece 5.5% en el primer semestre, según Apede",https://news.google.com/rss/articles/CBMiogFBVV95cUxPdkE2TDFtZXhIQUtNUWV1T3RoZGpKVy15UGVfYlpXNmRON1Z5TFV2RkhuSUIzajRkVmZFOEs0d012aE4tNFBrRWFfN0RidXhpOVUwNDdLVDllMldEVXhsY0xJR2M4cnN6Yko2eERFUUd3TmJuQ0NxTXBMcnFBLTdrcExuc2t0UHg3WUd4eW5RLWRKbGJVaTZfeDU5X3pkOW90T1E?oc=5,destinopanama.com.pa,es,2026-10-06T15:42:14Z,,2026-10-07T18:21:04Z,,gnews:economia,titular/metadatos,
GN-2991fb9ea4,Vídeo | Canal sustenta presupuesto ante la Asamblea Nacional,https://news.google.com/rss/articles/CBMimgFBVV95cUxNZjE0ZDMzbXdsWlR2aWVxS3k2dXl4amNYU2VneEljUHdNN1JKNklxYkN3YzVRS2JScDEwTHZVZWpoNjN5UnFCcG5vQi00REdNbTZlOXU5Z1VtNmE1amVHTTlRdmZ4bjU0cW42U2tram84emMxRWpSRXEzX1lMM1BIVWV5MHN0dl9IV0t2YzFEQlpMbTBUcFlCZW1R?oc=5,tvn-2.com,es,2026-09-14T07:00:00Z,,2026-10-07T18:21:04Z,,gnews:regulacion,titular/metadatos,
GN-29d83da904,Asamblea aprueba en tercer debate reconfiguración de circuitos electorales,https://news.google.com/rss/articles/CBMitAFBVV95cUxOSFAxOVRuNExTNi1TbGV3Z1NYMGJ1U0FzYjYwT05scW1tbGZxclR2aWI4U3lCZ3Bzd0NOdlF5Z2h1SjRHazN4czBiV2FacTA4N3J2N3loaGJSZEVFenM5blNQd2plc2hJTUgtWWNYb0d3aENOcWc2c1RpYngxY3hLaGhkeHVoQVFBYTNCYl81RGRqWHlJWkhmc29LYy1TVkVwQWRybUx0cGxmTXJfMXhlZzlkUjPSAboBQVVfeXFMT1NpRW84LWFFbzE3bmxUWmI3Z2QzWlRfMkxfUmF6Q0l5UFQ3b2dWM2JON1ZMbWdYN18wLXBSZWQ4bEdrZDhTR3huLVQ4TnFpVXlzclJXZ19wZGtCOEwyQ3RGMU5zbHJ0ZjFVWlVLNXJLSDJneFB2SDBFM1BmZkpzNDBkUEMtdU9iNDQxTkFhMi15OXhfeEo2RER0cEpMY1RHaUhEWVdzMTVnX2V3VTJSVmpyVTJUREN4Yk53?oc=5,telemetro.com,es,2026-09-24T07:00:00Z,,2026-10-07T18:21:04Z,,gnews:regulacion,titular/metadatos,
GN-2a577980cc,Panamá considera a Vietnam un socio clave en el Sudeste Asiático,https://news.google.com/rss/articles/CBMiqAFBVV95cUxOa2lpdnh6ejNZTWtpcGhQWVNTNDFpanFGUXdEanduaU9pV2JzWG1jdDlyLVpIbTE3b0VJSkwzSk4wbVgwbDA4TUhvSEpOT3BxejliYnc2SXNtWF9ER1p1Y2lJUERDb3oyVS1HS2d6RTFIbGVDdHVrR3ZaM2dDNzRSRU02dzRVRzJxQjdJMkwzVU9GeDRYNHdqLVRzdldsdGl0VTVvWGxJeXY?oc=5,es.vietnamplus.vn,es,2026-10-07T12:08:34Z,,2026-10-07T18:21:04Z,,gnews:economia,titular/metadatos,
GN-2b9d5694f2,"Navieras de Vietnam ratifican su confianza en el registro de barcos y el Canal Panamá, tras encuentro con el presidente Mulino",https://news.google.com/rss/articles/CBMi_AFBVV95cUxQYkRzcERIRjVFSDd6Ynk1UVJSM3dBb3l5RVJYcERiVHVSd0xXVlZzSFJVRjZrTXJISUptRUhXYy1EUzVFMTVobjFIR0Q5a1pTRTM5aFVLN2hfejdkc0xabUhBbVRuTEVCNWdDZWdqWmRSekItNHZIS2MzcURYS1RqalVjSUptSnBrZ0pBX050WkkxOUxIOVpzajBfZEFpS1plQ09pVHB3aWJPX1hON1l2cXN3cGZRSEtwekpoa2FfODJpRU9DTzV3bTNuR1R4QmtkRnZLWExwc0QwckJsdkI1SEViYzRScnVqRkthVTIwYWJEc281MS1nc3dRVGg?oc=5,presidencia.gob.pa,es,2026-10-06T14:06:35Z,,2026-10-07T18:21:04Z,,gnews:logistica_canal,titular/metadatos,
GN-2bcadf1006,PIB de Panamá aumentó 6.4% en el segundo trimestre,https://news.google.com/rss/articles/CBMilgFBVV95cUxPeHhjcm5WVWpRZEp1U0Z6c19yOHpHUUUtY0x5UFM4YzNJUUh0c1ZVTzVIZ29lWjdPU3hPU2pTVDg4NUNXaTBnNy1zNnNvMGNMdEpxcTJUNTh0NTYwRy1oV2xrb3NhM3NmV084bExrcGRkQ3lXMmpFSEljcEVlVm1SRTFwWU1HVzhSd2FicEdvaG9aY2FDbXfSAbABQVVfeXFMT2FoM2lkaFNGZHRlWVVNeDBIQnZaeU1ERERIUzNIMDl0bW0wb2lEck82OXVLNGc1UEpyWXBTTXJIcWFiWkV2bEtORkNZVXBpN1FpUXF5UGplb0hOQjVZUFVaS0thWlhNQnRuUmZlSE45RWdSaDhiVzlUeTBRMDNDaFFnYl9hVjFVdm1IcW1jcV9Xai1TQlRsYVNwMkdPUUY2M2xGYUlWSmNLLVVINmlBeGY?oc=5,infobae.com,es,2026-09-16T07:00:00Z,,2026-10-07T18:21:04Z,,gnews:economia,titular/metadatos,
GN-2c44cb09fd,Anillo Hidráulico Este: ¿qué zonas de Panamá se beneficiarán con el nuevo proyecto de agua?,https://news.google.com/rss/articles/CBMiwgFBVV95cUxNNENIaFVsdElHRXlpSFBZd1FJSE9GRUpJVUlZRUNhTGlVdUZwV1laZXNqeS1CT05fejJIcjdzdklHNXVOT1c3aGlOQVlnX1R3QlliMmNad0c4cW5udHFkMnM0cGhEenBzWHViR1JROVdwR00xNGxZREUwd0VOaUJ3NEVxU0RIb0paYlRfaFFYQW5YNWVhQW9pSkFYSDh0VHh5VlUzMDZuS0w3QzBkLVFsa3hOVl9sVlgtSjZrSEdPcjMxUdIBxwFBVV95cUxPN0poV3N0ZDlOWTdZV0kzbTMxU3I3S05lLUF1WHdyX25ZbHlJSEtxM09Hb2JaT3pxRGNpV2NhTmpkazd6VU45WjBkdnFMcDRFZGZtaGU2ZkNoYzRUMkJFV3ZaYWNuM1NXZE9XLXE4bUk3ZXF1N3ZYejZRNHhDVEV3dWhZMXhZWmRVOVZMWjZ0MG9PWllTWjJlZFEzSE5SbjlsRDJybmJhUmVIbnNsSkVGM2ZPWTVsX29DT0V2b09mRlh4UHlic0pj?oc=5,telemetro.com,es,2026-09-18T07:00:00Z,,2026-10-07T18:21:04Z,,gnews:servicios_publicos,titular/metadatos,
GN-2cfec7bf0c,Metro vs. Oeste y Occidente vs. Coclé: las llaves de la Semi,https://news.google.com/rss/articles/CBMipwFBVV95cUxOcUIwajZIZ3FUdnd5T1NCTnlaLThuMVlvYlY1U0QwZzUyOENQbHh4QkZuQTdCaXBzZnV5Q3ZEcWtHZnExQjRhOG1jRTlDcFFqQVcydVVrV1Q3WW1KbkI2RVZMMDc1MmlXMUprSmF6TmV2eGtKNkZfekVhZkpVdU5KQ05UZzRxem1KQS1kUDhqeXo5LVhDTlIwLVR5QlBtcFl1M1ZtaUQ2aw?oc=5,metrolibre.com,es,2026-09-13T07:00:00Z,,2026-10-07T18:21:04Z,,gnews:servicios_publicos,titular/metadatos,
GN-2dca9cd517,El Canal de Panamá eleva a 33 los tránsitos diarios por la mejora en el régimen de lluvias,https://news.google.com/rss/articles/CBMihwFBVV95cUxQb29kM2VOZng3TXJKVWp5dHBZdWlhWTdBSWlpOVR5VVFuSTdzZU1GYUtRWkxUR3JHUzJxRzVkN254aVA3M0s3Ym9iZG9VR0FuQzJDamlEdEN1X1FtMUl4SjhFbml0YmRPc3JENm42SV8tSXFFOW5EZDlyT21VMjNvWWNvdUJGcjQ?oc=5,udgtv.com,es,2026-10-04T14:00:00Z,,2026-10-07T18:21:04Z,,gnews:logistica_canal|gnews:eventos_naturales,titular/metadatos,
GN-2e0cb0c305,Canal de Panamá aumentará a 33 los tránsitos diarios a partir del 15 de octubre,https://news.google.com/rss/articles/CBMiowFBVV95cUxOZXh5Sml1XzU5YTNjR2YyVEZQeXNTcGUxekxLZE4xVTBYajUtbkNhMk9yaXZudVFheWNFdmFlb1loeUk5YnpBT0xldExYcVUtNWJvWk1kelZSc0tMWURtOUgwMk9uSTRvYkF5em11X2Fjb1M2bXN3NTJrVHNKcUxYRU9UOWN4c0MxWFAtamFOMmgxT2d4ekJoUDdVS1VDanBzRUc40gGoAUFVX3lxTFAtX0pWam5XM3pkYTVWcFJPNnNJWVRUN3Q2YkxscllzaUtGd05iOW1pZnZlR25FQk9nb1l1QU5uLWpVY2xla25tR19WZWxCdEsxRDhWRUVSSHFzNkRfdTIzQ3BJWU1UVHpYSDFETFh1OW0zLWd2T3dRU2FIRXBIZXBkMnYtZkcyLWZpdUxVbU5zcE1LYjVlNjlUQXNQRkw2VFJlUGhhcHM0Yw?oc=5,tvn-2.com,es,2026-09-28T17:46:59Z,,2026-10-07T18:21:04Z,,gnews:logistica_canal,titular/metadatos,
GN-2e22f39299,Asamblea Nacional: Aprueban en primer debate el presupuesto del canal de Panamá,https://news.google.com/rss/articles/CBMiygFBVV95cUxOWk0xRkxwdURBTTdRWjNnUFY5ZTJkSkZla0QyX1dGdWEwLUxvYUNIVDdkSTdNcm1ZTkVxR0ZDaDRZZ085STZ4YmNaaUhfb3NsVmRFVGpMYlA0UFVFd0lWNVhRZmIzek1qUHl5TlRVdkxJaXJMSHdSdjNJUld4NHB3Ykc0SU1Ja19vSndvRTJxR2Q2RV9BZFJzX0I3bWVGZVQ3bHY0TUtISVM2cWZqb2JMbzFReU9LVGRDUUlZcUVPTFk0MHZybzRKWkd3?oc=5,tvn-2.com,es,2026-09-14T07:00:00Z,,2026-10-07T18:21:04Z,,gnews:regulacion,titular/metadatos,
GN-2e2a70c71b,"BID Invest ve un potencial de $50,000 millones para el mercado de capitales en Panamá; reforma a la Ley es clave",https://news.google.com/rss/articles/CBMi8AFBVV95cUxOeVJ4U2VTSmdTMmRUQktKSmtBMElRTEdnc1ducHdhQzFLRHdCTlJQMDFiU29yRHZKT2Exb0tTUnloSWdPN2V2d0pXQzhaVlJnZ1lEc0I2YU1rZWVNQnVyTTRaU3lyNUljNFBJLVRrYkR5OElDUzVlanF6TjNuV1YwZDJsTDJ3RWp3VC1QVFJMeW1iakcyeVNOaFpIRTAxOVBfMEJvbkZkdzdJMUVSM3VGZHcyV2ZWN1ZkUXM0UnkwVUZfeFdoS2NBRlQyTjFOaWFMMXBaX1pZVFVjRmV0c3JNTWhwZGZWQUlfOGdmSGdPd2_SAfYBQVVfeXFMT2dwNW1UbmZ2VC1pSDJaNlI5NHNyY0VuWDJsTDEzVEVPOW02WXBIYnJ0TjNTZ3FiXy1pdWV3aXE1U3lPaUxLT0Y3bFBvaXhaV2drNE0xaGZFRkZ2NmE0UTBsVm4yMFg1Y3lCYVJxUTBLMXlKZ2pWQ2VVRzA4UFU4ZmpWT0trVW9pUUR6RGxhb3dmZENLMVkwRmhrMGZLYUxUSWxxY21paWFfbEh5eGRQbGRnbkNQeUVqOF9EdjZKRThJWEpaX0YxSUlmQWU3ZlR3S0U0SmQyZV8wTi1LZ1VncXZjNnZnb1RKX1hLalVzaTJXVUxQUUJR?oc=5,laestrella.com.pa,es,2026-09-10T07:00:00Z,,2026-10-07T18:21:04Z,,gnews:regulacion,titular/metadatos,
GN-2e3e619a72,Tragedia en Panamá: hallan muertos a dos participantes de un curso de rescate en montaña,https://news.google.com/rss/articles/CBMiygFBVV95cUxNalNxWUxhSlN1VVlnREVGQ202bWE2amgtZjNmc2JTcl9ySDE1UU9TYUxwSEJhQ25GTnBkcVVvMkoyZWtseEx4b3Zqc2RucFhfUmxNMWJUQVZjQjV0c21jemRVSGRpMnpWLWpVYjFUR1VxdS14bS1GZ2ZUWXJMRlNfSUVuTFQ5dEN0T0otM21rVGUwbzhDY3JsZU9BdUw5cmV5WThMT1dlT2cyRm9UZFZMbnEtWW02SUZwanowUl9lbm9xdEJvMDhkSk1B0gHkAUFVX3lxTFA5OERkZ29yUTV2ZWxMUGY4Ri0ycWN5UXFwRWtESVpwVWVZQjBiaHZFVmpPZXhNSngzWS05RlVIS2diOFRXOElrbi1jcnhYZDBlZFNVRkZwYk9lbDJUX3pjeXUxMzV0cWJJaVFuQ3J2MzZYREYwUXdyeHkxOHZXeUlPQ05TcWYtaWQ0VmZyVkdEV1RITjJUUUM2SjdjV2pBUnB6Y1ltZEdwekdiTEk2dTlaRVNORUxMbGV2X3h1VXd0eWY4b3ByY1pmRFMwb3JMRGZzbUF1cm9GTHZ2RHdPQmtYaWRrRQ?oc=5,infobae.com,es,2026-10-01T15:36:00Z,,2026-10-07T18:21:04Z,,gnews:general,titular/metadatos,
GN-2f34e3a415,Los cuatro pasos marítimos que tienen al mundo en vilo,https://news.google.com/rss/articles/CBMipgFBVV95cUxQaU9FeVY2LXdiNS0xS2NkSlRtU3RIc2FHckdjSFF3X3dDSk9ueWFnZWRpTk16bGZxM0lLR3FjbHoxN0tPX1gzOU05VHV6NmtuTk54em1jaEdZNDVvOGI4OG9lNWxwQUZiZlh3aEdRWnVzYzFwZmJLcmtGazZyS1JXbk9HeG5QX0VmQ1RCVnd0RGZWVDQyWEF1ZklTRDZrT2pobEd1LUt3?oc=5,elpais.com,es,2026-09-26T07:00:00Z,,2026-10-07T18:21:04Z,,gnews:logistica_canal,titular/metadatos,
GN-2fa9d904b9,Sismo de magnitud 3.3 sorprende durante la madrugada: ocurrió al noroeste de Chepo,https://news.google.com/rss/articles/CBMisgFBVV95cUxPbVhMRDBVR0JxdWZsa3Rfb3NneU1vZFRKbE5xamJTSmxIY3JjQ0lBVDJoYmxlQjFqR2d1T1JKYmxhR0JkRi1jZHkwMkN5LUk5NFZ1QmdLdGJrSTdxb3duY2NYTGV4MUhVZDBFcGJsaDdBdEd4SGFwVzVMMXR3SGZPYW1wSTgtRmZFN09GMmZmdzA4M2hma1JQM3BMYnpMcGdjWG1wMHFsb0VCczFuXzJoejJn0gG3AUFVX3lxTE94ZFVmT0FQN0dpNVlRcGdneUZVVllTWnQ0dHF3R2dpM1FnUXR3UGxBRmNlNUdlREQwZzM1QjEwUHFUZWhENV81WXcweHVLdUE5MjZyLUoxaGhPYzhTRms2enFrdlRoZ0Z6YUtFLUhfMDlYRHR5LVp4d0dIcVNaeG5CendTMlc4ZlpxamhDcWdPUUY3LXItajN5Y2hkenIzUGFpa3dnSVN2UDFmZDdZNlZERzU1OUw1cw?oc=5,telemetro.com,es,2026-09-11T07:00:00Z,,2026-10-07T18:21:04Z,,gnews:eventos_naturales,titular/metadatos,
GN-303506327d,"Panamá mantiene grado de inversión en BBB-; economía crecerá un 4,6 en 2026",https://news.google.com/rss/articles/CBMitgFBVV95cUxNRXBEOHRZRzdGdjVsLTFzUVRVSzByak1zTHRaa0NBMmtycjBZZkVXN2dmc2NuV2JYRVJzUGNEUEZEYnVnb1RBeGNlX1hRY0pmRVBBRzVrSTZVdVpqUGljTF8tRWdDOW9nM09zTnZLQm0yWFZRWC05NkFCdTVjQTF0ZnI3bVhNb2hleEhzaUpPS01pVUpPbEljbGdyQ0xVdTNZdUMtcE5fMzVGRjVMdm9xaTFuRThNUdIBuwFBVV95cUxPTVRLNU4wUXhVdzBMTXRlaHM1eG9NNWxaTW5nRm8yZzhYdVlZT0o2aEtnVVUxN0NzcFl4NENxTER6TTJ2cklWSUNsc3Y0Z2p2bFhhNjFnMTE5Z1lSQU5YZlJDaVZqN3NmcWI2SGRub3Y2TDZWNmkyS3ZrNVdLUmpBOWVzNWUyY1lfYnJybmh2RHRQeXpPbVFQWEEwdHZRS3AyblVqcldJTndRVTJPenk2cnIwaU5KM05JZ19r?oc=5,critica.com.pa,es,2026-09-23T07:00:00Z,,2026-10-07T18:21:04Z,,gnews:economia,titular/metadatos,
GN-31e95cc075,"Panamá reduce desempleo e informalidad, pero persisten dudas sobre la calidad del empleo",https://news.google.com/rss/articles/CBMi0wFBVV95cUxNSkRZNWZ2RldTNVVSMTRQZk0wWFdEUzRVOUp5OUh2Zk9jT243ajdvcTFfWko5R1dwWnVKQ2xod19udVQ3T3ZyTzNtN211dF9TSVhEV1lvdzB0bXdSLXhOdi15YXJDdDFaWVVqMGFIeGdiZjZLMS01UmxyUGxnWUlDZTJBVTNBOGI1VUJwX0xGLTZhemVaLVNKZlc2dmRpT3U5cTZIbjA4ZUZoZ255eU1CblBfdU1rWU5xQ0FKb0tpWUU1UHNZY2NSSTZaa0JwRS1oU1lV0gHYAUFVX3lxTE9IbGNESDdoZnRNZnBYTEIyWTM5RDRDV1g5VmFHVkkxTXI4Nm1tdmZJM1pQNThzTGRTWkZfekt5d0RZajhJdzZFMVpMUS1HN1cwb2I0bzl2VVVtRHk0VnZZYjJQbVctaXRmUTdLd3NaZDhCNW9mbDk2aWhhd095dHFUWVR1Wm9qV0Iyc0pibVRnSHNYVmJBVEVDNEZOdFBXNjNiUVluUUhQLW9jUWJ5X19WVWxCU1hMbGplb2tFWS1jNDJnakE1NjkyMjRpbmo1S0RZSHhDU2htWQ?oc=5,laestrella.com.pa,es,2026-09-30T05:00:00Z,,2026-10-07T18:21:04Z,,gnews:economia,titular/metadatos,
GN-345bc44584,Ecuador vs. Panamá: así está el historial entre ambas selecciones,https://news.google.com/rss/articles/CBMisgFBVV95cUxQbXZuSkdoOUdYYXh3ZUgwc2RhOE11RFZNRzNHclozbXp4NWVPeVRGdjN4aEM3bGphOVZndEpOenU4REh1Q3FkRGNRSkdmUTFpQ2FDZkduM0dSMU1uR2NXUjVKXzZpeTlyY2U3QUxwNVlXYThTOHoySmpkVi13Tm1Ld2htalNHQjZ0WmUxMlJwb2VGdFppXzg5UkhfWmt0WFZQakpZalJkemwwckNlZGpYWWhB0gHGAUFVX3lxTE9ZSk11Sk5LUHBIbEJST3l5R0kyN2k1eFhsa25RczZ0YUZ1aFRrdDFMZk5SLTV0WHhHVVJGWXpJM09Ybk1ncEpjSjRIQ0Zmb3FLSFJBa3NOYklrbTI5Sy13bTFfRTlkZ1M2cVVIdFd4S3lQLUpuaUYwaEh1U0t3aUduVVB2Y3VIYTdqY2VKdkp0ZWl4Z05TZkhWb24yUFBDSTVZMlU5UzVPLVZYRWZuZ19YZVdHclpETWl5R0plY3FsTHNCZzFzQQ?oc=5,eluniverso.com,es,2026-10-05T16:38:00Z,,2026-10-07T18:21:04Z,,gnews:general,titular/metadatos,
GN-348a371cf9,"Presidente Mulino sanciona leyes 553, 554 y 555 en Panamá",https://news.google.com/rss/articles/CBMioAFBVV95cUxPMmtVVTV1bU9VVWZEbzRIQjZRSWxqYWxmWElBa2VjVjJFcEs1QUpLSGZTQk10ZkZnQzhJZVRQS0RlNkthYXlfbkFoM2Y1dGRfYUNsazhWN05jWHk1OE1fRTVnYVFKRVBZSGRBQ0Z2a2RlVDJxN25PZ3lYZVBmaG9mRDZrbGpiTzlIVUtyck5FWjA4SG9jNEI3TXVNeTFLZjBE0gGmAUFVX3lxTE0xdGV5dTRMMjFCbTdIdGE4dlpjZVowNF94YkhDMDRZSkNPbzVmSGhnMXBweG12Q0l4NHIxWTBLQXNobHNwc1pVUXJnRWRXMHhSRmxOREdYSlZWOWpSaFMxYXRDZ1pkQWpvRWEtZVk3cjhHWWs0aWZ4MmMtYXMyQ0JlUXFYbGl5YUU5UE5NWEw5VmREUmoxOHNPUWR3Vmc5NG85RVhES2c?oc=5,telemetro.com,es,2026-10-02T15:00:00Z,,2026-10-07T18:21:04Z,,gnews:regulacion,titular/metadatos,
GN-3597c30e57,Trabajos de mantenimiento reducirán capacidad de la potabilizadora de Monte Esperanza este domingo,https://news.google.com/rss/articles/CBMi2wFBVV95cUxNeTg3cXVPTVBDYmNmQ2ZjVGdGaGlfSGRWR1VxNlRJc2o0SXNucGpkYVNrVGRZSENIbkk5MzdGYngwNjRoODhHOXhlT19NVVJyaUpHNGI0ajZmQlNOdTAzM0ZJa2NNWFhKTXA3TmlhdHYzWVpYblJveFQ1X3FxUWFVcHcwSF92RW1UaDdfa1pIa0pvVTR6Mk9Pd1Y2anlIbVBsSkZ5dlQ3NWNmalE5SHlHMktXUUI3dkEwZ0RPVkMtb3JhU2pQYW96WmtHQjBTempRX1o4S0VkdVR2VlHSAeABQVVfeXFMT1pkUWFRZUQtLUpZeHpRWDBHN2liQk14QWV3NG1IUXVZalpHbmJUZ0pQal9ZeWg4TjRBeWdUb0tBTmlKcHZ2M0hJQXd0NHhXeTVEYS1QX29URVpNNl9ZMmgwc3JrTVdqUkFfRXFHWEFzdElZeldQdk9hZzdsbktBZHZWX2pwekFLSFhNdlJYLUgtbFZadjlFclVtSDdab21OSnpkVUplVUpUc0lVMXZCdEhLdTBrZUtENmJsQ0lkZHp0RHpYVjdCS0pheENfVFBlODRLanlLOFU2TzhZNmRRSEY?oc=5,tvn-2.com,es,2026-09-27T07:00:00Z,,2026-10-07T18:21:04Z,,gnews:servicios_publicos,titular/metadatos,
GN-35c81f118f,Miguel Lorenzo toma posesión como subadministrador del canal de Panamá,https://news.google.com/rss/articles/CBMirgFBVV95cUxOREFfUC1TMDRPVVNYYUl3ZDJTZXpEZEdCRmJHblFuRmJMQUF1Nld1QkJ1Y2hXNUJ3blJZWDJqSkNrdy1qTlhycWFXMmJRVWVpemVaSjNVNDZ6WFFRSklvdXFzUktnajFjaGl6OGtKX2NKS0lyaWI1X1NTR2dtYk8zbjc0VFpjWkdYZ0YtWEFkRXJEUVhDbGppSDA1M0NqRnpmRkxhamEzVDVPVThyWHfSAbMBQVVfeXFMTkpfZ0hzZElmTFNWNy1oU0I2MVQ3V3IwSmQ2dEVjVV9xdGtYd1AybldkQ1FMWGlGU29YdGVNNjVqVU8zTnRlXzJ6WHV2THhFMzFBQ2p3Smlkdm5mNXJnNldCLVVud2w4WjI5eUplNmJIT0gyTW9vU19aUmZiVTBvWHl5NVU5LS0zR0ZSWHdfbVFQSTZtSXZTaVRUYjl0akZNREZ3cjVxb2ZVaThkcE1scHpvY0k?oc=5,tvn-2.com,es,2026-10-01T19:24:18Z,,2026-10-07T18:21:04Z,,gnews:logistica_canal,titular/metadatos,
GN-35f96f2bc5,Apagón en Panamá: ETESA atribuye a una empresa generadora el incidente que provocó la falla,https://news.google.com/rss/articles/CBMiywFBVV95cUxNV2JSSzBXQ0ozWG9xSUZ5Q3lmbF9HMzF6VzJ6XzJIeUJWY3d4WDVMSHFKOXBZMEFSeGlDbmdHMDFTMUJ5QmlhV3M1VGZpRHhCbHFLLUFJR3ZNSGdsUy1hNjVFVzJBUHNyWmVVeDlfVDg2by1pb2MzN2VSZWMydFJBblJ4cGJkQnZiTDM3WWJnbV9ZelFJWEw0LWo3RzBKZU53MnZxQnYySjUyMzFGS0tLRHFfWVBKQ0MycFFCWDFMZ05xM1V4MXVpQWs4ONIB0AFBVV95cUxPcjBVQ2I5RUZ2Vl82QkpqTFNkU3dNbGFPRFpFZHNpZV9VeFNJVm9zTVRCcG5PUElHMXYwZFRUandvd044QURDMkNjRnlZV0Q0eXVWWmpsNkZPT1lva1lkeHM1eGhBdE81WVNnVkJnUWtMNFBFYUUxM080bXJVNGlReXcyaTdGekhTZUFYY29fSnhsWUlwUWVYV0h4dFA3a1lYUVN6YjV3WkhXSnRKMlJ0ZFdmSnN5TDd1bmJGQWZZOHRVVTdmTjc5Z3dYaERCOW16?oc=5,telemetro.com,es,2026-09-13T07:00:00Z,,2026-10-07T18:21:04Z,,gnews:servicios_publicos,titular/metadatos,
GN-3658e53ab7,Panamá y Nicaragua empatan en el arranque del torneo Sub-16 de UNCAF,https://news.google.com/rss/articles/CBMixwFBVV95cUxOSjU1aTNaTWdUWmtmNG41NVZGaW1Qa2I5WmsyTWVGNDdGaGpQSV9kaGNjUTZndllOdHJvQW84NkVhdEJZQUlvRzZoV253cVNjNHhUMVh2NFlCVndKdGJ2cl9RbFp3LVM1cWdzc1NPQ0wyLTF5UjBSejl1UDVzeDBabG90eFV0bGJVVTIyWWhPSFhxaXJHanltTU5zNVpLTDROXzBvd08xYVlBM25LOUNUU0JzUS15Z25XYkR4WUhDS1ZhRjBPMjg4?oc=5,laprensagrafica.com,es,2026-10-07T17:51:00Z,,2026-10-07T18:21:04Z,,gnews:general,titular/metadatos,
GN-36713e50a3,SINAPROC mantiene aviso por lluvias: ¿Qué zonas tendrán aguaceros este martes?,https://news.google.com/rss/articles/CBMiuAFBVV95cUxNTjBoaFI4amVPRGhMempHeUFIMzQ4MkczWFJDTnQxX3BpbUZtZHlNbVVmY3dPYURUUEVlQy1PRVd5UVRKUlc5cjZOaUtGY2l2XzVYZzd1Zi1oZHQxa1hPYV9GYllNZmpDOTRQcFZMb0V5THNUSWxaSXFoR3B0azJ1by1wRkdIX2FYVG96NF8xY1RvTHpuQy05VkxvYXNZTjJMR0F5VEo0djBsbUFJemJGU1BYTlFEdHd40gG-AUFVX3lxTE9DTDVaNzFUd050d2daOVVuYVJ0c1U0Mzl2ZnRyaWJCUmhwVl8tYU4zY3FIcjJmZVVLYVFHb3NGQ1RLaVlheU1LWHVJaFIxOU12UXRxeGlXay1qUS1PT05TRmpzNVJLTmtBZ2pOLTJjZE8tYVBXNGc4N2VsVWdyc2M2bng4cUEzVnMzR2ZQNXFqaEwydHZqcUloYU5lWWtfQjVJUTE2Y3BEQmE3YXJhZmNPUVpTQzR0ODJEM21aTHc?oc=5,telemetro.com,es,2026-09-22T07:00:00Z,,2026-10-07T18:21:04Z,,gnews:eventos_naturales,titular/metadatos,
GN-36723ab980,El Canal de Panamá tomó medida clave para el tránsito de buques que será implementada desde el 15 de octubre,https://news.google.com/rss/articles/CBMizgFBVV95cUxPVjlGaDEzYmxzNjc1NC1MVFcwb0xwNlBTYWN3X1U3TzB3OEZhQWVlYVhHdzRYdXpCbDZEcTRud3JhZ19xVGM1SjM1a2hrMkFUSEZzcTFzR09sRGNGbUx0dXZmY0Y5RVJyQlJXS1lMLUtvQTFYcnVuV3RGQkVwTkJWQndEZ3RPVWpyU3dQNTJJTkprbDRpemtjTDhRR216ejB5U0lUM0R0VVNpLWJnU3BrZmo2dVp4bGJXdmdzUzZQWHJVWHhtYUM5VmlVS3V4Z9IBzgFBVV95cUxONU05NFdVYXBNUkRBbXc4aDM5U2xyblRFRGRmWFNEdEFpQy1uZlVRU0syTkxiZnlaLXc1bGVqSHMwUFo2TWRUcFJKdlV4amlsWHFTUHZXbVlXZDd0LUwyX2JYRktXUG5YMFJrYUcyVVRkYkUzTkRKWk9MTXZ0dTlZR1hkME9kSjFPNDhXZlg1XzQ5ZXR4VlUtdWVTcmROYXVZRTFuT1pQcmpwTHBtUl9HWmV2dU9tYjAxNzd0dlhJR2xjRVlJQkZaQ0pJcS1OUQ?oc=5,ntn24.com,es,2026-09-28T07:00:00Z,,2026-10-07T18:21:04Z,,gnews:logistica_canal,titular/metadatos,
GN-36cd5882ea,(Multimedia) Canal de Panamá amplía programa de asignación de cupos a largo plazo para esclusas Panamax,https://news.google.com/rss/articles/CBMihAFBVV95cUxQa3ZSZGU1MlhaVlZXU1JFS3JJNFdhUHdRNjdBQTlqbUhMdXVjZEZFNDJCd09wMDdqTW9INlU0QjNQMUhXR3E2YWp5TXU1eWJ4b3F0bjRwa1pzLUZNMTB2VmY5dnpQeXJ5YkpFN043VHFYX0JzQTFfdGJkdWpLUXlxazVlUVU?oc=5,spanish.xinhuanet.com,es,2026-10-05T22:28:15Z,,2026-10-07T18:21:04Z,,gnews:logistica_canal,titular/metadatos,
GN-37125aaed2,Teleférico de San Miguelito: Metro de Panamá firma contrato para su construcción,https://news.google.com/rss/articles/CBMiqwFBVV95cUxNRmRrQ3dDbVhwcnJFLWFQTXU5Ukw1dEh4TFJBNUptWEZDLTRkbzc2TUNvekFzWkhKWUF5WkdqUG1wWlRwNmdNejM0MGJSRDFDQmhnWUlMU1ZQdzlHV2N6bVF0SU9NUnU3RmdBN1JFNUJyNlhhZ3BlaV9jMHdOOGtUUGd2Q293MFVVTDF5M2N1eGVTekdQcTd0Q3JjMXhPS0Z2d0JKME84MHpTQVnSAbABQVVfeXFMT3dUNmVPeXRKc2puTWZac2RLb21UamNrUVF1cUp0N1dqS1U3ZUpORXRkNGI3TWVtRGc5eVV4Rzl2R01za2dLOHRlNVoxWmxWYVdrTHFlUVUyWmZ0Z2ZSNUtXaWV6bjVzUHY4bnU0dlpVVFIyTWd1S0kwMzdhUHZIWHZ6Ny15cDJCX0t3N1BLaEd0aUgzNDlnWnlmNFJfbFJsd0VzdVhXdXBLLVZBaHp6Z1U?oc=5,tvn-2.com,es,2026-09-28T07:00:00Z,,2026-10-07T18:21:04Z,,gnews:servicios_publicos,titular/metadatos,
GN-37a2224759,Durante julio y agosto de este año Panamá no exportó electricidad hacia los países centroamericanos,https://news.google.com/rss/articles/CBMi2gFBVV95cUxOa0ZpVlQtdFVxeXlWWkJRLTFGdjltNWxVYmw1bzlWQ2FmZ3pQYjJxT2pqTXlvTnVCeUhXRHEzMnBCcTlld3VIb0ZLNFV0V3NzZ1lBNHA5R1pXeDJnQ1NJU0NrWUd0MVViWm1kenQyT2Vod2NpazNNRHdJMWp5NXRWSXgyQkZtTnFxV1lSWnVMMnlXZlNuT2NjelhaR0RPenZ1c2Z0SGctdlJVbDdNdG9mX1BNZjYtSUJ4TU51U0J2b2liSUYxcXFyelRTX01CSVI5bTZkMzRQTVVsd9IB9AFBVV95cUxPdjN6elpzd2Q5ZEdWUVpfX2NfQ3drZmdtQ0lpOHAtdkloSVNtajdYbWp6OFNhczhuSldvYTRlQVFQd0Joa3d6QzQ3M09NbGhGZHpRQ1NkcHVpcWtrSlNQOE5HalRlZE5nYjFtRllNdktINTV0OWVmYTdMOFJ0dzdvWEZqX3BOaEdCc2stb1BZcXdJUnV2ZU9ubXhGSTNoTjRnMEQzUEVMeHAtMVVkVDJTSDBGQkVydjBhUUtfYkMxSjgydXgxanM2NU1LeEhZN01TcndqMHF2eWhkUFlONWprcHpLS1hySG5RV1N0bmx1NGd4ZlN0?oc=5,infobae.com,es,2026-09-30T21:54:00Z,,2026-10-07T18:21:04Z,,gnews:servicios_publicos,titular/metadatos,
GN-37b3d871b6,Vídeo | Proponen cobrar $5 a los turistas que desembarquen en Colón,https://news.google.com/rss/articles/CBMikwFBVV95cUxPU2NTMFp5MnZOOUd0eVY4SE9iWng3YW9mRzNJb2lrX2ZfYzBvNzR6RTExaEoxTlltX2dwVDVPcGZFUkhoZmJpOHRrbmtURktYZUlGbmVaNEIxSC12UERLSUZ6RTJ5ODM2cHoyUnhRRzhfbjdVRnpZVGNZYVdUTmxmQlFRTTA4cEo3cDNCSjlTMHRJY0E?oc=5,tvn-2.com,es,2026-09-30T00:06:43Z,,2026-10-07T18:21:04Z,,gnews:turismo,titular/metadatos,
GN-37c0e7b27e,Metro firma contrato para el teleférico de Panamá y San Miguelito; falta el refrendo de Contraloría,https://news.google.com/rss/articles/CBMi0wFBVV95cUxOcUNfNDVOMGNLTFhMSTVSV01mQ2pEMW1IeHdfbDFqS0h4QUVBOTlvNlFRVUZINGlCck9DbVFxMG5oZEMtNGVNcXlEMmRUaGZ3UkZ0X3BpcXF6N242VXdfUzl6WUhUdDdETnd1dzJ4T3hvSTBhRHRzaHRNSlg2SDFyODRZV2xWazRKd3JrelRvRDlWRk41b29nby1KOTZBTlRvbEU1aXVwOHg4ZmN6LTZrX1dJYUlnQWc3UUNkOU8xdlhYaG9TQmtXSnJ4XzlySDJ3SkFB?oc=5,noticiasdepanama.com,es,2026-09-28T22:47:13Z,,2026-10-07T18:21:04Z,,gnews:servicios_publicos,titular/metadatos,
GN-38243cf5b7,Sector privado pide que el crecimiento económico de Panamá se traduzca en empleos de mayor calidad,https://news.google.com/rss/articles/CBMi2AFBVV95cUxPUVlrQnBHSkI1TFpaRk9xU3djUUxfcktNUmZHYmYyZTdQZm9yT1hEUmI3RVVuODk3MmdIYUpTd2MwVGx5V1EyYTFiVUZPem9UQUt3OU56TlZ3V0J3Q3RzSzFjcTU1Wl9MTkdCYVlsbHhPU3A0RVZpd0JEZExMRW5MYkhBRUluWFc3VmFhNXNLVHJ1eG5MSkthZVZRdndVTjJ4MlYwckZ0dXc0WjhBSjRDSEJxQ1ZRZE5xU3BTS2pGQTRzYXRJOTBQbGdsNUpDR0VTZ3FBbUd5VkXSAfMBQVVfeXFMT2ZfTy1ZN2FoakRkX1RoeUt1S000SnZRbGttWUJ3R2ZOSWt1bUJCUkFLLUkxTFkyQ3pGNDdJZnZkc2d2Ymg0dm16bjU4ZFdOc1V3ZTlSYXNEVGJNcHhOWWpTV3RUcVlEVWZ6bWtYUENsMV9IY3IyRkxGNGhMNnEzOVprbjZZYWdSVk5QM3lsZi1hSHBNQkNQV1JrZTFLalFxcGh6Wk5PNHV4SVotX3dZdmdmUUpPWndpeVdXZmNjYXFKZloxLXAtdzh6NzdLQnh3NFpiM0FlVzZMU19MVE9BYzU3NnNWR3hhc3NHeDREZmxRUlYw?oc=5,infobae.com,es,2026-10-06T20:13:41Z,,2026-10-07T18:21:04Z,,gnews:economia,titular/metadatos,
GN-38248e1228,Producto Interno Bruto de Panamá crece 6.4% en el segundo trimestre de 2026,https://news.google.com/rss/articles/CBMisgFBVV95cUxPRFl3cUx6TU1nRnprYlRhZWppc2ZPYTRsSFI0WDhJQlVzQ1ZrbGhYODFHRGU3S19oQnREajRTN0VrVG10NDNWSHZNMUJGM0lXYkRHVmhjRjN5dDNObTloVGNPQXNiYjBDTEF0ODZZdVBTbjVhNXdaLWtFNkVsekZxTnJLZzVRZHpGSmxVRU80Q3M5UWxYMXhWMlhsb0N4c2lVcVJ4YTNJM1Z4QXFYWXZCSVp30gG3AUFVX3lxTE9nS2QxOXZLdThhRDN5N3NaVDdXTWxfWXpTRFd5RGxuVTFSMVE4U2F5dXZmbWtVa0VHUl92UWFGRXZWdVdnVkVFU3ZJV21WSml1WFdrZ2pTY0w2eExmdXVWUTl3czVVNHlNTTRvYi1Vc3UtdGFrMUYtUmpQdDEzTk5HS0UwOWdsTUZ4d2twZ3R3bFh1MDRWZjI2blBDUE5FQ1MtLWhVNTNGR3JnTU04S1NHUFhlQ1NGbw?oc=5,tvn-2.com,es,2026-09-17T07:00:00Z,,2026-10-07T18:21:04Z,,gnews:economia,titular/metadatos,
GN-38cd5db87e,"Felipe Chapman, Ministro de Economía y Finanzas, ofrece declaraciones a la prensa",https://news.google.com/rss/articles/CBMixAFBVV95cUxPenBrZE8tOV9VLW5Qa09CbkIycWdPVWJVRkhFT2lyT1cwb2dLQVJXS29BbmlPOHJqNmZPWXhaZEhUV2Z4NzJxbzYwT0NaOGVBamJ2NUtPaFBka2wyMkQyOVJLV0R0V1hHUHZNTDRrRmdmdi1lQkpYUjBYQ09aZUg1ZEgzcVh4b3JhV0ZYU25QMjFqVG0wTW1LSWg5cThsSXhLOTZUbmlKLS1mVU1Vd29tMUYwSTZfTUxnMGl0cUpvbk1pRkxL?oc=5,infobae.com,es,2026-09-12T07:00:00Z,,2026-10-07T18:21:04Z,,gnews:economia,titular/metadatos,
GN-38e0b4f29b,"Mulino sanciona tres nuevas leyes: justicia, pasaportes y turismo rural",https://news.google.com/rss/articles/CBMiwAFBVV95cUxQSmlUNEtpMkM4MUFLS0tCZllnd3M4bVFVM0JHVW9ZcnlXaExRb1dmVlVJVWZ6QUt5ZW9UUTlnTnFXVDI1dGtBME4xRndPQlFjM1dOcVdYcmpVRGNNSVh1VnBJaW5rYUZQLURoNUtObnJzUUtyWWdhYjExdkEwakxIMlVSdGtIMnBvU3E1cjNJOVlXaUpqNV91bllneGVEOVJ6eldVcXFZMG56a1QtNnJzNTYyY3gtYU5oOXJXV2h6ZFg?oc=5,panamaamerica.com.pa,es,2026-10-02T13:47:00Z,,2026-10-07T18:21:04Z,,gnews:turismo,titular/metadatos,
GN-38f9349810,Muere trabajador de 25 años en proyecto de la Línea 3 del Metro de Panamá,https://news.google.com/rss/articles/CBMiygFBVV95cUxQTFpqUTBhY29VR013MVRxWW9oXy0zQUgySlJybFFDaEw5blNTMDhLeS1mclF3U3RKcnFLeFBMM2c3Njd0UFFQQ01CM0JWc1dvdC1uQXIwTFN6cllTRnJXaFctQ1g5aEdobDQ4Y2NOVXpoXzN4UzdoOXBtR3ZEc2VyN09nZy1iVlU1cXc2ZEV4RFZabTltMGRJVmk2Q3AtM3ZuQzQyRkxkR1VfUHM2YktNMmxJdGJOS0VUaV82YW8wdVJTbDY5SEZ0RFpR0gHPAUFVX3lxTE1vZUZCTVI0VTNHZjN1NDNlTXBsX3F0UC1PaFZXMm10QnNXdXZaaHNNS19KNjVlQlM3dWdiLXFUS1FfbmtGdHdfc21CcEgwQ0pjZGZueUoxaElTd2tVanU2UW5jYmRhUlFnamJBNWVRaTlJaXUxa2JEaFoxSDVzempHY1pjOXAzcF93V1dvNjkyV1h2UEtaZmtYNTc3VXNvc18xYThIam9sTHZvMzliN2E1T2RlVTB0OXl6ZmhsbXFZM0FqbmZYdFZUNEg5WVJZdw?oc=5,laestrella.com.pa,es,2026-09-22T07:00:00Z,,2026-10-07T18:21:04Z,,gnews:servicios_publicos,titular/metadatos,
GN-3aa39f28dc,Asamblea Nacional aprueba presupuesto del Canal de Panamá,https://news.google.com/rss/articles/CBMilAFBVV95cUxOdkVzT1NlZjV5eGdxWlBTaXJvYmRiT0xYVDcxWGR4XzY5TVRiVHN2NlFJU2E3UHVzd0xGSk1KNzRUX2pnQ081TXNEZ0VQb2xtbTZvZnBxZlgyVkJCQk5UUWFNVy1oek42WEtGX1JGZWlhN3NqeUZ0NnRhbXJlaHBzQ2lIaG92REJXWWJXQkthdGpsS1A1?oc=5,prensa.com,es,2026-09-28T07:00:00Z,,2026-10-07T18:21:04Z,,gnews:regulacion,titular/metadatos,
GN-3b7cbfed37,Contenido exclusivo: Así avanza la Línea 3 del Metro,https://news.google.com/rss/articles/CBMilgFBVV95cUxQNzAxTEJJMUlNR3Z1UzIwMWoxNWVPdUVvZ2ZlWG5EOXhfSmh2OWNtVGpSS2xZeFdZYVVhQ1FTUmk4T0J3QXJKN1RzTnpSQjNWYklxWk5LYjRvdjRWZ0ZtVTJLUVdWUnQzbnIwdzhwcGJ5VXpuTkxRWHVUbW82SFN0bnFJM3RIYmExd1hIdGVhU2lfRmlpZlE?oc=5,tvn-2.com,es,2026-09-09T07:00:00Z,,2026-10-07T18:21:04Z,,gnews:servicios_publicos,titular/metadatos,
GN-3c45a13902,Una decisión impostergable para garantizar el agua potable de Panamá,https://news.google.com/rss/articles/CBMiogFBVV95cUxNZU5nV0ZwaWRfTmZiOVd6aW05QkxGZV9qaXpSTWpIWVRTb0l5OWlmb1hnd0RZODRKRkpoMzIya3Z0VHJ4ajlHeVZIenQ0Mm5RZXFNNWJGdFIxeEhoYmpjSGVIaHBzUXN6b0pBZVVKV3FWNW5sVGJTanNxYUlteVR3YTdaNThpanNhNWdJMnNyMEtvSkJRNFlFSlJHUkYyZFNmdmc?oc=5,prensa.com,es,2026-09-15T07:00:00Z,,2026-10-07T18:21:04Z,,gnews:servicios_publicos,titular/metadatos,
GN-3c9843da03,Plataforma de Panamá en Expocruz impulsa exportaciones bolivianas,https://news.google.com/rss/articles/CBMikwFBVV95cUxPQnpVa2JqWlEzZF9OTEFXb0o3WVFGbDNPb0lrR013WFlsN0dIb1NLeTIxdE5PSUQ0WmVtZnIybGdhZUNEMjlnckpHb1pseTJ1ZEQ5MV9KdWNyQzBkYVB2cmE2NWFmRUJNNEZNOEtLSGdUdnQ0YTBEZk1TY1hZQ1haSlAtdkMxZVU5cXNnemJMX0VUTWM?oc=5,eju.tv,es,2026-09-18T20:03:38Z,,2026-10-07T18:21:04Z,,gnews:economia,titular/metadatos,
GN-3ca6a27921,Línea 2 del Metro de Panamá funciona con normalidad tras falla eléctrica,https://news.google.com/rss/articles/CBMiqgFBVV95cUxQeVZGN01IX1NmWHk0WW16UGIxcWVlVmk3d1JScjFydHNvdGJPY0N5NkUzcnZ3X2ZTLVBEMnlHa1N5VGxzTEhBRmpHYmI1eVpNWEExUGJ5azhnZGtZazJpcE1yS0FieGdqVy1tZWVPODE3dHpQQnNfSU9IQWNIVTF3VlVRSFYxRXpTR0IzX1RtYlZoaXc5b2NtaVpVSFRpbGZRbWZUS2RuSVRtQdIBrwFBVV95cUxPQ0owV1Z5RURyU0hYRzVKbVZ1QVk5V2F6ZEI4TzRGUUVYQnZ6RTBIYVRkUTFnVnZweGQ1bjRpUl9NeGN0MmJqWVJWc2F1REJQT0EwNjJzaWtwcHFSWS0tZUFjd1JGTGxacTNwSkZ2b0dJOUwxeVkxUW9UNktPcFRLSDVRZXA2ZFJqR0ZxejYwVmFqLU0ySnJsUFZsVGx1MGpqeV9yQm9KTHRJTUlteEVV?oc=5,telemetro.com,es,2026-09-25T07:00:00Z,,2026-10-07T18:21:04Z,,gnews:servicios_publicos,titular/metadatos,
GN-3cb9be728a,Radio María Panamá estuvo presente en la Feria Internacional del Libro 2026,https://news.google.com/rss/articles/CBMinwFBVV95cUxQc2hNRC16dDh6ZThTRnU0MG53RlRVaG9Bb2ctYkgyaDlEbTRSQUd0MWdpM0pVQXJGZ3FQVkZ3cnp2bVJZQmJ1c2lGQW00clNrU1ppWHhTelBHRnpPSm1UaWNQOVdiSkFjNG1oeU12Szc2YUVPVFlfZEFVYVFtLURvQl9hdDg4amxRbDBXR2ZWTmhuTzBZeURYOWFCTWhkdXc?oc=5,radiomaria.org,es,2026-09-24T14:22:52Z,,2026-10-07T18:21:04Z,,gnews:logistica_canal,titular/metadatos,
GN-3d5a758c2c,El derecho de paso en el Canal de Panamá: ¿la ley del más fuerte?,https://news.google.com/rss/articles/CBMimwFBVV95cUxNQW9jWmZ4TTltT2djV3RVdXpoRUJwMkpuelh1ckxlUFFtOUxRb0lORWI0OTdIWUZmU0JhTE1rOXVEckhJOHhTOXVlNVVGMEJfZ2NjNnZEN2Y4X3BCcHprLXNWMEhONFZxUkxMVEc3ZVJxU3NUVzFHRC1FSXZkMzhWRHppRGQxR0Jva2JYWkt4ZVJ3d3ktY19oeDROQdIBoAFBVV95cUxOY0ZxWU5NejBrNHAtbkhTN2tITndWNWNzb1dfY1JCRHp0WFFIeDJ6cDBVdnpIUU8wREtSMVRyV3VTWVhUYnAzdGRUcG9LUzU3SEdQYUVZaWNZVG9aYmFWWEFRczR1WERuQ3AtTVFhb2hMdlFDVDBsMmtHVC1JZ0dEclZ0ejhxZ0JEb2RnTWRIMm1LS3lFeEFMUXFXVlVWTGpz?oc=5,ambito.com,es,2026-09-12T07:00:00Z,,2026-10-07T18:21:04Z,,gnews:regulacion,titular/metadatos,
GN-3d9cc5f43b,Sinaproc extiende aviso de prevención por lluvias y Onda Tropical N.° 50,https://news.google.com/rss/articles/CBMilwFBVV95cUxQdWxEdWRuOTNDQzM4YWJlM3ZtZWFKSi0yZHVGVlM4bTY4emxNVVdDa2JUV1FqQUtzbHhTcWxQX0hTS25WMUYwZXJwYW5TT2thRWpPYndyZGZ3c2JEN2xXNWdpSXlQUFVodzl2RnR0cmxBdVl6d2stOG8zRTZmbm42VHZnNlRiM3A5V0tBcE5ROGlsUTAwRUJ3?oc=5,elcapitalfinanciero.com,es,2026-10-06T02:06:31Z,,2026-10-07T18:21:04Z,,gnews:eventos_naturales,titular/metadatos,
GN-3ec44600ed,Cuatro consorcios buscan supervisar la construcción del teleférico de Panamá,https://news.google.com/rss/articles/CBMiuwFBVV95cUxNWTVlUTVYUFRxWFc1dFlhY0JiTmRvUlVuZnB0aS1tTEFZU1NMcFJ2aUN2RllNRmtFWGtOMjdLU0VyakpLa1dlNFVNYWZqVUdhUWR5RGNqVFNDOXJZTDFfOXBUY2l5bndTcUFKcEdNY1d5UnVpMnNxRW5GMzNHLTJEX1pvRUs2b0lSclhmM0cwNlpDVG84UjNQQ3ZDXzZ3bk90eS0tM05GLTJWaG1qV0JiRTUwUl9EVG9JQjZN0gHWAUFVX3lxTE4za1ZGMU9XTC1PTUtMenFQRFhseFdNcEo4RTA4eWlnMHVfN09qNkthQ1R4NjZtdzlGUXdJS3lVY0JpWkd1V2M0cEsyZTZ0NGdLUXplLU5PbnI5dXEzR3l5VjhJWVdBWndrMEkxNDRxRzhkTGwza3Rta0t0T0tpZDFxZERwbERMbWlEZWZuZ3daYkpNWTJvZmJhUUw2bmZYd1FwV3ZtQmtYVGU4UFFUMjU2M0tLRmtqdUZDeVZ2VDRISFJCbVgwcGs1LWl1SkVubjFWS3dpR3c?oc=5,infobae.com,es,2026-09-24T07:00:00Z,,2026-10-07T18:21:04Z,,gnews:servicios_publicos,titular/metadatos,
GN-3f0c89fa82,Panamá bajo aviso de prevención: estas son las zonas donde se esperan lluvias y tormentas este jueves,https://news.google.com/rss/articles/CBMi1AFBVV95cUxQUVFIdFJuYzdyMFNUTnVsLTdkNzVjeVpWRnVydmRvWFlnLXNpLTdvNHRKMDFERWtHdmxOanlKcVdsZmhPTVcxTEkzbllHREFjclh2Z3NNSUFfOEt1dl9mTHlaaGdxM3RmOUozUG82VzZPTmxCS0x2ckVDeU9Hb1owczJYVUU3QnhPNlp0eHlvZEVBN1dOWkVTVG0tem8zYVJCSUh6N2pMZE1Ja0x2WWlERE9PU3diOGxxMndyT1Y1WHVuZTlkbGZpdHdqc1l1YXZ4cDBuedIB2gFBVV95cUxQUV9lVUhVZjBpOTZvTnhhTWlnSTZ6YW5rUzY5bS1SbFZLNTEwN3BRdVd1dThiZUVyTkxCTUt6YWFLYnVNY2R3NUgtZ0RUS1d0TmY2Z0R1ZmNZTkxSUTJPNXFMQk9nNnBuYXpSaEdhSFdyS1BlTUxGREFPblRGYXM4QjExcUJweUxCNFF5NXF1cEYxOUp3cGxTQ1h1dDNicU5zMV9CMTNSMTl2bjFOV1J4UHZMSy1iVmVQVTNLdEExU0xtZkkwR3dCWVhTNjZnX1N4c1c0cENQUkZEUQ?oc=5,telemetro.com,es,2026-09-10T07:00:00Z,,2026-10-07T18:21:04Z,,gnews:eventos_naturales,titular/metadatos,
GN-3fa6031442,"Maluma y Shakira se reencuentran en ""Agua""",https://news.google.com/rss/articles/CBMifkFVX3lxTE0yNEY2TXZ2UWZQaFoyV0hsRzF4QXJPbldDTWpEN2lLM1gyR3ZUQUVPNWlGbTFIQjRvLUpuY0wyYkEzVDlSWnJ2QV94T3R6SHhic2VTQU9zcmZSSEcwa1RVTnY4WUFBVGZZY3hsNm9aTTNKUUg3cVg4SXU5NVZWUdIBkgFBVV95cUxORXA3NUVCcFNjcGQ3UWJlX01pb0hUWUNMRjgzMkhMNGZKWm9yaFM4T0UzQ0duMFFoMHJCMlVJUVZUMEE4N2hacm02RmRJWkUtZU91NnlsUVlCX25xbk5YZEZ2SEVoVThJVWFIdERpNlZVbFZWTkxRYkhfY0g2eWNucDgxOTNqcTFKaDI2d1U1c1pEdw?oc=5,los40.com.pa,es,2026-09-18T07:00:00Z,,2026-10-07T18:21:04Z,,gnews:servicios_publicos,titular/metadatos,
GN-3fa8b245ea,Ley 547 de 2026: Panamá reconoce el derecho al olvido oncológico,https://news.google.com/rss/articles/CBMijAFBVV95cUxPcHZNSGRKRzJxVi0tNk9XOGJEdENaMEtQMUdjMXZya2RqSnNUZGxnOW1Zck44OWtXeldBcjRncHdJNng0Mm5TbFVvVm5qWnlvdnc1V09uRHliSnZscHlrRkRJMjVUeVZPaE00dFFCRTlZNnVyUDRzOHMzOXp6ampqQUZFM1lJd2hzdEVhMA?oc=5,lexlatin.com,es,2026-09-18T07:00:00Z,,2026-10-07T18:21:04Z,,gnews:regulacion,titular/metadatos,
GN-3fd0c41533,"CAF anuncia en Panamá fondo de $1,000 millones para enfrentar los efectos de El Niño en la región",https://news.google.com/rss/articles/CBMi1AFBVV95cUxQMzVwV3BOeXFYekpWdUY5bnQ3SnJ4QVRONTAxdDNwT2RzV0lUcDVwVUlIR05yUldvQUJkUE9kTUJOU3NiNmtkbzRWdVZweUNMazA3b3M5LUJOYlRHeWxKekJYNlZQMFEwR3JNN3FLNHBhM3k5OGh1R19IZE5HVXFpejZGNm5yb0xhUXhxMWR1NTVuUkRDdVcxamZwOHNkS002WHgtZ1FBaEFhSUhtZXd0Mk94VVItci1vRmc3NTlWbUl6OWg3SGdnYjFYOFVrWlBmaWlBUNIB7wFBVV95cUxQdkg5Tk96M3VRSV9SRUNmMHV5Q3I1cjRqYVR6VjVfM25YNmM0VVZfT0ZBZ29wd1QzbmxrUjF6NWxwbWJ2WGxKUy1FVmhaZ1lqcnczVXFvd1BHS204ZHF6elNMSnpKRUNBazJ5TGpXUUZ5Z0tTMFdOUWlMSFFXRG9CZGNoUjBMOEF0aWRrdG8ya0dHMUl2b01nQU00ZUczeHNOdU4ybDJpWnlxWmFzSUFBOXlTeDBUR3JXdW1PR1VYOXdpeVZNTzVtNkZfUURIM3VJX1Z1ZmIwMndfRDZTRV9IMl83R3FOX2tVRFhic1Ywdw?oc=5,infobae.com,es,2026-10-04T03:24:00Z,,2026-10-07T18:21:04Z,,gnews:eventos_naturales,titular/metadatos,
GN-4051393adb,Tres meses definirán las reservas de agua del Canal de Panamá para 2027,https://news.google.com/rss/articles/CBMitAFBVV95cUxQVk10M1hnOGJKaklOcldhcHQ5enNIVVJoRklPMnl1SHVSVUYtR245MXczVkRNOGZGWHkzNGhqOUlJY0dZRmdYZHF1dm9MbG9RS1JIUE1JLTFVd05KSlJyM2lzMDA5UndOcndnc0RDYlZyVTgxZTMyY3pobEdtSi03dFJQUmxxb2R5R3QzSmItZjlqTUVyZzFpbm1yRkRsTmNJQ1BLSXZLbHdxTGllOEU1M01CakjSAc8BQVVfeXFMT0d3LWUxS3NFSTRUSnJ2TExpdFkyTE13NUwxT0xhSVJxaVRYaS1CeHUzNVRnMG5ucXUzdzlyNjJscmRaS2liM3ljemRLUjdxaGlZUGpjNnU0TVFFVVdzWGlMekprMm9IVVYySGJ5dkZfSkhpb21FM21iWENLbF9DM1hhNU9RaHQ4MWZ1TkZlSXNMUVY4ek9Kc2hUdXlOSzcyTWRHRmkxNTc1anlTUXRCS0ZEOXp6TmJLcEhyMGo0eGFmZ1dWV1JwclozQUFLdWRr?oc=5,infobae.com,es,2026-09-11T07:00:00Z,,2026-10-07T18:21:04Z,,gnews:servicios_publicos,titular/metadatos,
GN-40589fda7b,Asamblea Nacional solicita traslado de partida al MEF para pagar salarios y décimo tercer mes,https://news.google.com/rss/articles/CBMiywFBVV95cUxPWTJCcEZiOTU1QUdHYlR0ZU56UVlnQkF5ZVg2WnhwaFhmSjkxbXJRLWlVUlZ1UUJZRUI3T2t3SXoxaENZOTk2UVNMVm9qNnlVZG5jbHBHZ0xGRThIUGFKWGMxaGY5WHNpQ2ZjNFVLWnlfTWRWTXREVWRMM29RQ0RER3RiYkNkU2trRHNRdFdGWG1MMGl1WnNIVXZ4el9DTEdnZ2pCcEhUZzBpcV9YT0VoT0V2ZHU2XzVFNXNrYzQ3Tm9FRFJSZ0RUOGxuSdIB0AFBVV95cUxNcE1iRGJTRUp4YTMwSnVROFdNeVVJcFVDOHpFYmFOekNhZlAtRXFhQlVyRERRenZ0OWhGdHNvbXJwZGpWcTBMcU12aWQxZ2pCZXpfVEVXbVVUUlNTbTBWM2J5UV9VX2IwQU9IcHF2RDhRRE9ma2R5bkp5RzUybmtDUVpMMUpTN3RCcVJOWUszVk1sa0xjZ2xiZWhBb01QdjZVWnFERHZMdEhwSEJkSEhCb3FMZW9YbXJnYVVjVXZKQmFEUmYxclJFOE5ITnBlNzQ2?oc=5,telemetro.com,es,2026-10-07T16:36:00Z,,2026-10-07T18:21:04Z,,gnews:regulacion,titular/metadatos,
GN-408748de5f,Hidroeléctricas aportan el 46% de la electricidad en Panamá en medio de El Niño,https://news.google.com/rss/articles/CBMivgFBVV95cUxQV0ZHV0JMSWtVREFodGZ1cW44bTVDbzhBWVNFY3BBUWlnRnpRbGZ6S0l3VnhfOGY0YkItNHcwekdpN3BndVRDSnE5RVE0dTF3S2JYVFRvTmNmSFI5dDJvaVgxaXRFc0EtckdmQ0xzdndYZmVHQVFWc2RHakk5MThWN0gwNm9iLWlITUxJREhkX3pLWDFUdE52Tll2bTlMVFZIQl9NaXRiaHJVVk5xaFh1UlI5UXJNaE9lU191NEdB0gHYAUFVX3lxTE9CX2NEdk04eWhWaWo2ME9lSG5TdFdoazhUS3ZsWTE3YzI3QklQV2VvWE1HOGlqQmNoRTJPczJKTzNhenBWZ0NWR2h1dzhSaUVKdWVnS1BuZExtWXZGZFRUbXFuMTJ2a0FWcUNRTmM4WmtraUFKb0R1NGtoM2pzZV9UUEd3cjR4cFJiX205ZFlJVm5CQ1A0Wk5nc0ljcXI2V2dxY3FHUm9yOEtBQmtTNWdMd3pJRktuVVJWVjdiRFlwOFlFS2hYSU0xUlF5OHNzVlp4eF92ZDFFVw?oc=5,infobae.com,es,2026-09-23T07:00:00Z,,2026-10-07T18:21:04Z,,gnews:servicios_publicos,titular/metadatos,
GN-411013105e,"2026: Panamá crecerá 5.3%, pero APEDE alerta por calidad de empleo y finanzas",https://news.google.com/rss/articles/CBMitwFBVV95cUxQclloQ0JxSVpyVTgybllYYmxqYzRxTkRjUjQ2MjQ5SFlJZndOQVZfVTFpMzAydWZwNUxQTEFxeVN0LWN1SDNxQno5SmNiSV84ZkI2MGEya25nYlpkYmxuSU9YLVBtel85TDN6bG9ydU9aM2hMYWlVMW5YYS1NQXZMN3lYNkpQVUU2VEtXcTNMZERtOVY1elBGSktIRHRDVHAxZUNnV0c4Qm4tZWpxVHRiMVktWTNVUXfSAbwBQVVfeXFMT3hDRzhDUXZ5OWpRZWk4THVPSDVIYjhUbV9FV21JNm5rUEVtYmlwLTUwWkx1eEJ3dk5kN2Z4Xzh4N2hTMkpRa0xYZ2R4TWhEM08wSTVtalpMOFlDMXVCSVdJcWl0ZE1rNmpwWFlQY0ZnVGxIZWsxS2pVUVBlVjVpUURFMTdwZjhmZEJEN2NrckhQZTN0d1RlWGphT0J0Rl9KSXQ4MmpQeVZZWXBTVVBkeVl0Rl9kQS1wNzRoVXU?oc=5,critica.com.pa,es,2026-10-05T22:34:47Z,,2026-10-07T18:21:04Z,,gnews:economia,titular/metadatos,
GN-418995c86e,Nuevo anteproyecto sobre descuentos a jubilados llega a la Asamblea,https://news.google.com/rss/articles/CBMiswFBVV95cUxPbEd2V1AwQkFzOENnbnZHT0xCbEZkcVZrOTFmeUpiNFZ0eFFPZG56SlRuR29UNE5KclZibjlNNG9lTE9rVTBIN0xKZWs1enZlQmFoMFVPR3dvbkRJWnQ3UkZaWmlGNlVHRmtHQ3M5SzFqYTlPbXNDZXV4TF9OeFhjZXY4UzdGOTZGVEJ6TldUZk9vc2hXYXZtOFJZaXFfMF8xTWkzc3lUd3R6VEdqQWlPRzlCSQ?oc=5,panamaamerica.com.pa,es,2026-10-06T22:14:31Z,,2026-10-07T18:21:04Z,,gnews:regulacion,titular/metadatos,
GN-425af2b64c,"Según INEC, Panamá suma 77 mil empleos y baja desempleo",https://news.google.com/rss/articles/CBMingFBVV95cUxQUVlpUzJyOHBDLUpuWWxjbjdSNDVNSGVpWlFveS0zSU9GN0M5ckN4X2VoUWFVd1VLSkU5UTV0dlBBRF9TcjNPMnU1VVFzbUF1ek5Xd0w4aU8xRnF2UnZKRE9kR3pkTnU0Y3FvTFhsQUxDSWphUmxkeDNWWWkxV3diSGgxUEp5WlRKZXBOTTcwSFR5YnhXMUwxbTFIRnMxUdIBowFBVV95cUxOUWZjRzBsa1hEX0x1eUdLb2FkLXpYSDlsWVdsQnlHNUFJLV85U2FzTVJsNFRCS1pFeEJmalpYX3JmTnBWaXRwRTJoQko2aGxXeGEzOEZmRkRQRTV0TEZBUUEySzVIZldqOF9TRTRERTNETzl5SElEMHp4c2lmaUlwbTYwbjkyQUdCaFpkMmJFMTdHenVEQk1rNTU1QWY2N2xVMHdV?oc=5,critica.com.pa,es,2026-09-30T05:00:00Z,,2026-10-07T18:21:04Z,,gnews:economia,titular/metadatos,
GN-43638a2d0c,Metro contempla expansión y evaluación tarifarias,https://news.google.com/rss/articles/CBMiqgFBVV95cUxQMjhRTHI1a2lZSjB6UDJUSFlzRHM1bWdHVXo5QWxyRURYaVdsbzZCLThKQmpsSlB1aWpyOVlPV3Y5RFJzekdNclBiSXFKeTU2SEdwVkp3OXJwNThmT1NiWWExdE1VWGdDSXZ3LWhlNmd4aHUwSWY5RmtqOUZOemZDM3gtSndzUHlqTkgwUUVkSjZJT2NQTVRMRUFaZFA3ZXpOdm80NmZpa0JwQdIBrwFBVV95cUxQYmlyazVPTlJmMmUxby1FbDJzTmJ4X0lucmVRN25UZEVTb3hBY3IxZW5rWEdlUnltTlRfLUljMWlVSXFBVWpWbVVrZThvMkJCaGFvenFIME8yTERkSFJQNVkzZ01ZcTMycmxiY2tVcERLbWViS0tUWUdLTjZaV1B3ZzRBUkY5SGM5ZnJSbnZLcURHdkF4c0ItdGtRa2k0Z05QWGp1QzM3QzVDWmlUeVNR?oc=5,laestrella.com.pa,es,2026-09-11T07:00:00Z,,2026-10-07T18:21:04Z,,gnews:servicios_publicos,titular/metadatos,
GN-43b80f825e,Vídeo | Contenido Exclusivo: Turismo en transporte público,https://news.google.com/rss/articles/CBMinAFBVV95cUxQVjd5Q3IzRjdnbnBucG5kNEN5NjZKd0RPXzlXT3lIdng4cEdoZEVTb1h6STlCQmlCSV9PY1BZM0tNTllqVURjTUFlZEI4VWhFT3RPN3N3eUo0RHdDX1BRZE5xQV9nUnFBYXhUU093MWU5SHBJV2FZZWNuWDNyZVJhblBMdkxyNXNHc2lub3B5dEVMTUktaHpUVXplbzg?oc=5,tvn-2.com,es,2026-09-29T01:22:56Z,,2026-10-07T18:21:04Z,,gnews:turismo,titular/metadatos,
GN-43be1e523b,Línea 2 del Metro de Panamá fue suspendida tras activarse injustificadamente el botón de urgencia,https://news.google.com/rss/articles/CBMizAFBVV95cUxQVEJkU3R3S3I3eEhFNWlwX0MxNDd2SUVsbHY1SGpvcTV2UHBOOTF2OFJIMGtVUk9XVFBWRF94U1RRUmRrcFNGREV6MUNLaFpSWVVqSGVlaHdzQnBoQk1ia2J0S2U5bXRIeDZraWRfV0tnbzNpNFpqOGZ2SmYyZ3ItQU9PUDk2am9sLUJkLXNsT1FZN2NSRXh1bzJueEFyd2o4ZUlZYXpnQ05XSk1KTjU5djhzdDNkQXh3SHZybjg4RmozMHE1WGlOM3gtd2s?oc=5,telemetro.com,es,2026-09-15T07:00:00Z,,2026-10-07T18:21:04Z,,gnews:servicios_publicos,titular/metadatos,
GN-44254def9f,Metro y Metrobús: conoce la nueva aplicación para consultar y recargar tu tarjeta,https://news.google.com/rss/articles/CBMivgFBVV95cUxNYnYwd01vd2hTajdTQWZKTi00ckw4MUxxUlpoU18xY1dpZnIwWFAxS09jdEpvbjZEM2dKNWJxNXQ5eDNiUW4xaTRVdXBvQU1vNU00aFl3SkhmWVQ1NnpiUzg3Y0w1Q3U3aU9fNTRBM3o0cUh2X0hQVHZqblZvNHV1bjlONlVDbmJONUw2dU8yTmRqLVUyRXBBNGQ2RWM0Vm1vVklmNmlZeEl0a01SUUpVVE9ReWJBM05vLV92c0R30gHDAUFVX3lxTE1hWVE1elB6Q012d3lPMzBZZ0lBVVZIcElVT0xka052R3JBWWlkQ08yZ3dZMlNsdHlKN1BIdUVrblpyeWdIUmhMV0UtRE9zX0w4Mk56V3FxbFpiY3B1d1lSZ0t2YVo5TEV4SXc4LU1yRmUxQWZIY2p4MlN0ejdHTks5NVAxRXhfTmJWR0MxcTM0OTR6RTdSN1E0VU1IOFBLNDlNMF9DV0NDNjloeWdVZ1NqZEZCci1iaDhPQ2hYYW5GLXRoOA?oc=5,telemetro.com,es,2026-09-10T07:00:00Z,,2026-10-07T18:21:04Z,,gnews:servicios_publicos,titular/metadatos,
GN-44aa82bf43,El Canal de Panamá descarta nuevas restricciones de tránsitos por El Niño hasta diciembre,https://news.google.com/rss/articles/CBMivwFBVV95cUxOYTQzVUczcU90WXFuMUdvNk9KaFZ4SVlUbzV2Zlk2Z3J1YXBzNmpTUVVGV1RKMXhQZzBua0RHN0R5SUp5TnpMVERrUUpFcUFVRUlTdkJqNmp3YmllZl9KTVRyVmxqM1ViRGd4ZG5Nam5ManNCMmZJbTVFWUZXV2ZDVThsODFIWFV1YlZiOXU0RjZjaHVieHdSS0JGVDBDM2lONGp5bnY5aEQzdVRTRDRsdlRvVEtoQW1MZllrRlEwWQ?oc=5,prensa.com,es,2026-09-25T07:00:00Z,,2026-10-07T18:21:04Z,,gnews:logistica_canal,titular/metadatos,
GN-44ad3fa7ad,"Panamá necesita recuperar la inversión extranjera para impulsar el empleo, afirma el sector privado",https://news.google.com/rss/articles/CBMi2AFBVV95cUxNQmY5V3dCbzJKUmxfUmhVUnFqS1FyM0NJU2JWQ1IzdWNmV25OVkR1a2NHdDNiRjdOSlU4RUxKek40MGpXb2Zvb0F2ZkswOFNPeUJRYmJxNHNYV2I3eEg0SkRDcnZJWVhCaW9mX2tVb25rZlRUaE56anNhSm9TSGx4SU1vSlZ6LUt1cVpyODRnUzJ1QUQyQ2xSclE0Q2FyczhwbC1DeVZTZ0RjbVYxWXlNNFlDc0FQcGNpQl9HdTVkTUJfc2VjZ1p4QTNBUnVsWTJxZ2wzUk9ucGbSAfMBQVVfeXFMUEk0bFVwX3dZX1JVN2pDXy1aazR0WnFOU3lwdG5CbkVaZ1JBdVUydHZxbG5rcEhBWXgtYXhyWkpUZXdsRHphSk1xVU1TS1IxWXhsMDB2QkxLeXdWcjgyYVR1aUctY1NiUzhlTDlPYzJJeVl2QlpPWnVBWHlVdlh0bDk4R0hvMmVEUXJnSFg4M0UydUFwQXYxeGZNRzVqaEtvNWhqY1BzbDlQMXEtTURRQnh2amlMbXNsVHN6WjlId0hmMzNNY1NhUTRkX2Eydm95Z2NqQ3JLSTF5MTV1VlJpeWREb21yTjRNOU5hZDRmWVo5dng4?oc=5,infobae.com,es,2026-10-07T04:33:00Z,,2026-10-07T18:21:04Z,,gnews:general|gnews:economia,titular/metadatos,
GN-452e51dfcf,Aprueban proyecto de Ley que aumenta de 39 a 41 los circuitos electorales en Panamá,https://news.google.com/rss/articles/CBMiugFBVV95cUxQeHlMVmtkY2szTmQ0b2ttNGVsZjlwbEZpRFhMOER1UFN5X3VqNnRfcHNiM1NlNjRyRjJ1c0pMTV9XOTBWN3NpS0NfWmdNb2lhcVFCY1U5NUxYS3YyUzVWekFTU01DTEE0YmpVQ2xjc3FaLU1sSWZBLTc0X09MalRHOVh3SE9mR1U1SHRGek5PZGY4YzBucTJ0akNBaElPUUswUTdLcXQ0Rmsxbm1KdTl4azZfUUdHR2l2VVHSAb8BQVVfeXFMT19IR1FHQVNQaFcwaDIyeGxUaWk5UDktSURqRmJsMHVjcTRJWENKbGhpMkhQSHc2V081b3laam8waEFISVJ1VmF2aVlBVHRCQ2NRWXBuNVNfdDBvU2JnNkRKSkZCbjczR0ppcFduMDcyb29oWFRwUGlDcEYxSFlHWkZnRWF3TklzM3YzdW9PS3NvcjhURnBRbTlOLWg4WGVJUUVveWdVX3RRNHpRMEtSdUZ2VThpQ3lnLWZGZV84MW8?oc=5,telemetro.com,es,2026-09-10T07:00:00Z,,2026-10-07T18:21:04Z,,gnews:regulacion,titular/metadatos,
GN-454893b520,Consulado de Panamá publica nuevos resultados de visas para cubanos: turismo y tránsito,https://news.google.com/rss/articles/CBMiuwFBVV95cUxQcTkxU3VsM3lERlJsZk5ydzFYRFlPcWJwb2JPZWF0Q1VPaFI4eTl6TkloWm1LM2dCNzdyaWw1Zk4tT21XWWdMZUdRLVFHMnBqaEtQaldRZEtJalFUZnVkVW9mNUhKdEpIeGxkZ2h0SC0yUFZralhSZ0lzQU9la1RLR3hNeHM5UWdFZUI1UVZnYnBNQTlVSTJRNElqT1hWdGhLUkN6aGRDVFYtUVN2Uy1xRWtMZGRKOURQeV93?oc=5,directoriocubano.info,es,2026-09-08T07:00:00Z,,2026-10-07T18:21:04Z,,gnews:turismo,titular/metadatos,
GN-456b114734,Panamá es epicentro de la economía naranja al reunir a líderes globales de la industria creativa,https://news.google.com/rss/articles/CBMi1wFBVV95cUxONjBsUFRrS19lOFpUU1RhUUZSWXRTdXZPdGhNU2lnSGtuU19GN0w2aXZqMzBPZE9FZEJCbS1KRHY5YTlfQ3MtRmpYdFZOMHdWMFE4b3F6bjk0dlNfdlM0Q1FrRERTSGtZZmc0OWw2Mk5RWXJiVHd3UFVuRFMtNGhuVW1lNERLTmhiRUMwRzlyU0FYVUV1M29BMmZiekVQMm9uLW1fN3BLeUpubS1CakhHSGNHRVlLbllwZmlmU0ZOc3pjdE5NLUhRanBHVWdTeEd3aWpzU25TQQ?oc=5,forbescentroamerica.com,es,2026-10-07T15:38:56Z,,2026-10-07T18:21:04Z,,gnews:general|gnews:economia,titular/metadatos,
GN-457553ca8a,Ya está vigente la cobertura médica gratuita que protegerá a los turistas en Panamá,https://news.google.com/rss/articles/CBMixAFBVV95cUxNSFV3eU4zUHVCVEVrcjM2amllUzJGdFdnaHFwTUl0WkdJZkhNNmp4MFI5ck9fUWJQWTcyb0xUOFg3SWZUUWM3dXFaUVNjdkZSbmY5OXFCRzkyMU9PLXcxdXgybkltZTZ5dnJkYmNZRm4xaWM0cnhiNjdpVjVkTTRPQXNXbmUzYXgtOXJwejZYNGdGMEN2LVFBeW1vX2JNR3J6dFBLcTBic0szLXFPVTRqRVhwbHVLMF9IeXNqWmNMR3dPZWdO0gHfAUFVX3lxTE9GcjZ0amlHZmhpaEx0NTFaQXdWa3o4NWZIdmw1Tnk5anhkYUV4MXp2Rzc3Z3BSWVU3WGgyX3U0Q0FIdzdfbkN5eENPS0xmT1VfcFZVR0tJTGdhcXZYWUZTdF9FT1BYcDJHenNCTDhmc1Yyb3hOZmtCZGpRQmo3MXNYc25FclpkdjRqMVAyMzZ5cTJRXzNPSEhGM042MHhXdkhlcV8xa3hXckRXLWZZNGNia3IxUEdpWEpHN2ZVMTRzcG82MkxlOWFCV3ZacjJEOW5qRHJFZXRQbndOQnFNOFk?oc=5,infobae.com,es,2026-09-16T07:00:00Z,,2026-10-07T18:21:04Z,,gnews:turismo,titular/metadatos,
GN-459a998a6c,Panama Canal Improves Water Balance Amid El Niño Watch,https://news.google.com/rss/articles/CBMivAFBVV95cUxQN1R3VFo2S2JlUVB2VVU2TldqaTRsUW9tWm5nRUxja042ckhJRl9nbXdxdXl0ZTJ6dVhPZDJvUkVodC1NN3AySTRBODVKanJBZ200OTgzcFRrOHlneTQxOEJfRUdFTG03cEZuU3R3SnFxN0Y1NGYyVU4yMWNkMk9laUVqbVhmdmU3aHdkTXRCekI0VGRlT0N4b3JpRm9pN3ZheTVqOEl0YkRxU3dqeGFCWEZnREdXUXpTR2hxQw?oc=5,dataportuaria.com,es,2026-09-28T19:52:11Z,,2026-10-07T18:21:04Z,,gnews:logistica_canal,titular/metadatos,
GN-46c72ad3d7,Video MInistro,https://news.google.com/rss/articles/CBMiUkFVX3lxTE0ySkdtZVV5QngxTl8wSC1hUlhSbkR5OF9LTmNwWnAxdThYUnBLU1NWS0lJY0szVGNvdVRTUmhOSzZqMTgwSGFhR1ptMjRZZ0JVVHc?oc=5,mef.gob.pa,es,2026-09-18T17:36:50Z,,2026-10-07T18:21:04Z,,gnews:economia,titular/metadatos,
GN-46d2152be5,"Cox establece en Panamá su sede regional, mientras ejecuta un plan de más de US$7,000 millones en agua y energía en América Latina",https://news.google.com/rss/articles/CBMigAJBVV95cUxOOTczSlB5T3NOTktzenFaVjBxT3FLT3p1d1N5UERMY19qMXVTQjlmU0c2M3dQd2tDYVhLNy1GYnhTRjRqYmJuS0pPb1F1NEdMVGZ5My1IYXhYZ3VZYVFmV0JqQi1fOUJkRFBIeVExU28xaEdiOUVpTWJJSVQ3TlptM1d0dGhoQ1BRUTBuaHRSVHUyTFdSVWdkTU12ZUkyQTkwbWd6RW9LZzZvRkNJbWFIcUJXcVQ2U21jVkVMTF9MQjc4NTBNODN0T1hoZl85Sm9vTjZnWmZKYkxpWFBfRTFIY2FFazJzZjVQbWR5VFFqVS1tMzQyTlNGRlZLdmpHdm1k?oc=5,noticiasdepanama.com,es,2026-09-16T07:00:00Z,,2026-10-07T18:21:04Z,,gnews:servicios_publicos,titular/metadatos,
GN-46ddd18bbc,Panama Canal Increases Neopanamax Transits to 33 Daily and Draft to 14.94 Meters,https://news.google.com/rss/articles/CBMiyAFBVV95cUxQZlR5V0x1blo0ZWllZDUtYjNzNi0yTU01cW1ZeHhKNUEyM0FtQ21VbDFBRklhMDJvdzRpeG80MjkzcUhMandzSU1CVmhwRENVaHB0QkliOTN0UVA5T2NxOGNUZUV2UXVaZzk1RTlNeno1WHNqN0ItWDV6em9RYjgxZ2tSQ20xczVMX1BZSWRQclB4eFk2TF96QVltNXVrbXdCV0Y4TnBMdGw1YVFJTWljOTdmVDFaRDRZTDF4TW10ck9zdzhORFZUSQ?oc=5,dataportuaria.com,es,2026-09-28T19:52:08Z,,2026-10-07T18:21:04Z,,gnews:logistica_canal,titular/metadatos,
GN-46e222c131,Panamá apuesta por diversificar el turismo y atraer visitantes a las provincias,https://news.google.com/rss/articles/CBMilAFBVV95cUxNem1zVGpPUENvbjhQLWVQbVFmdFliVE5ZcDJBWDQxVjI2TmUtSEhSWTJWUHJCbldxanJaREZuLVhtRmhBWG1oSU16Nk1DTXZNSEJwX0Jtc01YR1RXdFNoMVlLVE5xU3hlbjBubmdWOGpvQUVGYUduYU0zbGZCRkVXWUFWSjlQNnM5UmxzYUN0ejFRR0tk?oc=5,tvn-2.com,es,2026-09-22T07:00:00Z,,2026-10-07T18:21:04Z,,gnews:turismo,titular/metadatos,
GN-470436e274,Alerta por lluvias y tormentas en Panamá,https://news.google.com/rss/articles/CBMiigFBVV95cUxQU1I5cFRBR3N6Vm9VY0FsdWpCamVEcFN4YjduS2U5ci1INkROOWs3WFNxUHRfeWMwRVpXU09yYnJkM29RQTNlMG5DaDRfLVBtT09sel9OUHFleDE5VTVLMTJvbDlmUXNnb0h4NVFFT3g3cDNkdDByenNXZDVaR085Tlo5RkMycHpkaHc?oc=5,abc.es,es,2026-10-06T12:22:09Z,,2026-10-07T18:21:04Z,,gnews:eventos_naturales,titular/metadatos,
GN-4711e715c2,Metro de Panamá y Doppelmayr firman el contrato para la construcción del Teleférico de San Miguelito,https://news.google.com/rss/articles/CBMizAFBVV95cUxQcTdlakxCd3NkTDVfZU9rUjVWcUYzSUtfdUZTbGxnQVhwaVp6b0hyOVk1YXVpN291c0RaUlFwSWZINU12MXdKRzdneUZ5NHBHaWhWVnNhVkFEcWdEdVNJTlFRdTdJMXJQZjV1Uzcxc2FFb2J3dm00cDEwR1hBQ0k5RHZVMGlIaHpfeWVTc1VCa19ZT3hRRzhmQUEwQURzenhablo1Qm1nNDliQ0JueTI1SzR2QzV5NVluTU1SX3RrUnR5NjRDY0tSQnl1US0?oc=5,panamaamerica.com.pa,es,2026-09-28T22:14:07Z,,2026-10-07T18:21:04Z,,gnews:servicios_publicos,titular/metadatos,
GN-475de2d530,Presidente de Panamá veta y devuelve a la Asamblea proyecto que perseguía más beneficios para los jubilados y pensionados,https://news.google.com/rss/articles/CBMi9wFBVV95cUxQaWxnMHN6LWE3UDJfVzBySXRrX2xYMDBpLV9qZHAzWDFTVUtSYWdXYVk0YXcwZC0ycE0xcUdkOEwtTG81b1RndHdHMGZxZTZfSEVtbGNiQ2dmT1VlYzFvUlFROUwxQWI4OTRHVW1DQzBhVDlsdFdONWRDM3dSZDNQV3hkMzRqWFBjYVdwVVFCUWwwM011NDNMUGgtZVUwdDYtMC1CTm5UMmwxdzNwOHlrNjF6X2p4alNWVm1OYi1sMlhVVWJVdE16bDN2bWhuM25iRVBjUzRPQmZMZlF3NWZCbFdxdzZMc1hiVkNfWFExZ1VpOUczcWVn0gGSAkFVX3lxTE9LVTFEdmdkenVETmpBcVA0Y01EVmFkSk05a000eTZIN1dIWlpWdkl2YXhLMEg4akFqVEhkMGNzQ1k0MkpNbG1JTzBDcG1HZkV2Qk1ONWlwbURoc3Bid2xRRkFMSkJMaW15T0dmcGtKUWRUR2t5V2xXU1REMDVpWjNTNEpBQU9NRWxNTUMyNGZNOEpYQV9fWk11YXFOV1o1elk2TDVpWDB3bjBnU1JEVTdWYlVobnVGNUdrb1VyWnJiM2pzMDJza2pBbFJTZk9lZ2JQOHFvVkxxZTRiSmVlRjlBUlFCblVLcmltZmt2WC1NSWhDRDhzM2U5RC05QVJaZ0prS21FWDJJRHZsSUhrVWRhT1E?oc=5,infobae.com,es,2026-09-20T07:00:00Z,,2026-10-07T18:21:04Z,,gnews:regulacion,titular/metadatos,
GN-478c80491d,"María Corina Machado, atrapada en Panamá, tras impedirle tres veces regresar a Venezuela en las últimas 48 horas",https://news.google.com/rss/articles/CBMigwFBVV95cUxPV2RzVUhOZ0dXeDN3Y0o3Q3d4ZktEOThBb2pmT2ZmUTczSmxnTWo3MkRXSnZHcHRTRzBzUWtoRzFsT0JiZUJmdWhXaUVpQVZPdHRCYTMwTTRWazNEQUZ1LWc5VUhVZTkxdDMyUVNjLTZsZ3dZSXhwU2lMNHNab1BaQnI2NNIBgwFBVV95cUxQZFVVYzlSc2hYaTJSRnhGNHdkTTdhNlZnbEkwRlN1bE1VWHRvSGJraE5mUDk2TldZaXBmZkdQOVEzYXJpLTdqc0FwTjlfZDdLUHloWS00X2ZUX1RTcm5sajNVUUZSU3VuN08xZzZUOVF2ZXhyYUpJaW9aMEFMYVJkWFNaWQ?oc=5,elmundo.es,es,2026-09-23T07:00:00Z,,2026-10-07T18:21:04Z,,gnews:general,titular/metadatos,
GN-47cfb6d79d,Avanza a segundo debate proyecto de reformas al servicio eléctrico en Panamá,https://news.google.com/rss/articles/CBMinAFBVV95cUxOWXI4Q3RkZUVIZHlyWkJNMDYtVFdtam9GcktGOUlwWWpTZE9pZWVtTVFLTUZjelVxMlBlTnhvenJDZ2ZCUUZDUUl4ZXB2cDJab01ybWlNc3dveE84YTVMSUNFbG5QNTdsaDVwRDFTSUxtMTNzWDdxc2tyVXdGd0NFUlFEZ2R3Mm80Z3d5Ti11RFNQVFpmbFBXY3c0a1Q?oc=5,elcapitalfinanciero.com,es,2026-10-07T14:36:33Z,,2026-10-07T18:21:04Z,,gnews:regulacion,titular/metadatos,
GN-47ea7e0598,Panamá Oeste sin agua hoy: sectores afectados y a qué hora se restablecerá el servicio,https://news.google.com/rss/articles/CBMiwwFBVV95cUxPZklremNicnUxczFIcUFRb0QxTWwtRWJDNEo0SlBVU2hYNHBKemV2VVRTakpNNHk0ZXo4dFFEc0d3RGxJTU1rU28zRUhfX1V5RS1HdGJ1aTlFRXFYNXFuem10STRUcEZTWXBpbjVlMGo1SFVENnhPWGpPRExST0hiVmQzZnlmTDNPUnJtNlMzSUhOTTlxTnczaG9UMkYxX0xiN3NoUnFubjJzeWpGaTJWdC1jbURnUzRuSms4NXRCeURkWlnSAcgBQVVfeXFMT3hTYVdabWVhSEdnMlEzZGw5d2NPSmRZWEdRT0M0ZG9KNDdVRnhQejZ6a2VHYkt3N3BZaWlWUDRpaDB2cXZKdVNYclcxLWZtVXRTMDQ0UmJyRnNxZTExT0EtbVRhdWxvdFJjeHR4dWZsU2R1S2I4TmFqUWV6aGc4UGJydDJpelFVbTJ3aVlvRHdKaUQtNXZpcGRMSU41Vng5Q1hiSmt5NGtFUk84aV9FcmdaZFE5djVZbzhWaVFsaG1NZVBiN3UyVlk?oc=5,telemetro.com,es,2026-10-06T12:38:00Z,,2026-10-07T18:21:04Z,,gnews:servicios_publicos,titular/metadatos,
GN-4805e53a35,Presentan reforma a la Ley APP para acelerar megaproyectos y empleo en Panamá,https://news.google.com/rss/articles/CBMikgFBVV95cUxOX295cE5aM29wOS00TnlqVWNNTGtzTVdjRU1UTUNoYVlDeHQtRkF4TG56YndZQWtNdjNmOERzQUNzVWJ5RVFaX3Y5ZHVyYjV5eDltQ1l6aWM4UGdqcDZYRFpBUm4tdUVQUjZHMzlBalQ0NERjNGFUdTFVOURxcnNtakdGSk9UQTV2SjU5MUVhNW5RQQ?oc=5,elcapitalfinanciero.com,es,2026-09-17T07:00:00Z,,2026-10-07T18:21:04Z,,gnews:regulacion,titular/metadatos,
GN-48b0ef8e7d,Panamá Oeste analiza retos y oportunidades ante el crecimiento de la provincia,https://news.google.com/rss/articles/CBMikgFBVV95cUxOQkZFd2pPemsyZElFT1g3dXJWZG1QZlNrYTJWZnRDSkZHYzQ3S2hKUXEzYWt1RWd5U1RJT1lIYmtfd19KR1BjZEJ6bDBmM1ZzNmswcl93TGZya2pjclBmRlJFOTVDWVJmb28yVXliU3BnWXlwNWNkVmRMY0Vwa1dEaEoyVDIyVHdETUJHT2c1c3NBUQ?oc=5,tvn-2.com,es,2026-09-30T01:09:08Z,,2026-10-07T18:21:04Z,,gnews:turismo,titular/metadatos,
GN-4976b468d4,Feria de Empleo 2.0: candidatos ya logran contrataciones en Atlapa,https://news.google.com/rss/articles/CBMipwFBVV95cUxNUWJINlRjdFd1aXhfVnItblBiWkRSUXBJNUp3WmZyUHY2bWsyT0p0RnRWUDZRczNPQm5RbTlVbk5sN1pjS1c3Y214cE56aTRRMDYzTUhCQVV0Vmx5bGE4bGVCbUJsYnpsWEJQbkhYOFhGRTJhN2NwTG9XRWxQcHJYSlhuRkFUWmtTc3h1OWdBamMxUF9vRFNEWjV6V0VYWHltcUZQSXBzUdIBrAFBVV95cUxQUS1OTzJHTld1b2Z6RnNlZk1fb3Q0SmluMEtINGtkWFV3Vl8wVkRmMGpyVWlVMkVSbGRVVUJEaGRJeUxIYks2SE81U3ZEeHk3WmJnVlhnWWt1TzdvcGgtWTV5MmF2Ui1hek1vYjBpWlFZeWVfVV9QS0pDMm5IaVlFMUlPUmloT0I5d016YmFOZlhSMzZGX0pINE5yVk9pZjcyTVYyQWY1b2M0MDRI?oc=5,telemetro.com,es,2026-09-16T07:00:00Z,,2026-10-07T18:21:04Z,,gnews:economia,titular/metadatos,
GN-4989db44f6,Visita del presidente de Panamá a Vietnam abrirá un nuevo capítulo en los vínculos bilaterales,https://news.google.com/rss/articles/CBMi2gFBVV95cUxQeXVGTHg0X3BKaFgyb191OHpiRWpvdG9Sc2tNNnNPTjB3d1N1RUU1Qk9sd3pWQXN3YzNKdzQ5WDJLcUtuclU4bVpJUXBRRFozUzZHN0VJRXN1aEgyb3ZELW52WVFaVEtJbG9DZTVqTXBLa1RRWFBqMmFsNzhXQ0F0ZTUzTHNHbnR4LXBtRlp4QVRBQmtMWGl3ekl6VnRJeHEyc0hDb2p1RDdldEFaSVAxX3plZ0dCdERfa1JyT2s1UkR4dEJkck1md1A5NFl5Ym9QTkI1Z043ODF1UQ?oc=5,vovworld.vn,es,2026-10-04T11:27:00Z,,2026-10-07T18:21:04Z,,gnews:general,titular/metadatos,
GN-49ab11b5fd,María Corina Machado en Panamá: los motivos de su perfil bajo,https://news.google.com/rss/articles/CBMiuAFBVV95cUxPWEFCRnZFZlFBdnF3dHMzaElnVWhkWURHd0tLOHVlb0s3MEM2ZTBTZ01EZ29heWlTaXNTWDJWY3owZl9fY0RLc09Fd3Z6LU8yVmprb1NmaHl3WkZKa0dyWTZzc0JPazNHZnFWbHRQRU4tS2xGLV9ubWdReXBOb0VIenh0YWp3THhZZUt3U1NmRXI2a2tmSWk0cE9Bb2FOSk53SFZROXM2ajVfT243V1p6RVg3c3pKRFJa0gG-AUFVX3lxTE0tNkgwVkV1LTJydEFCR3dmeGNmT2VqWnY3YmZERVNNbGRXWXVSUHRUbUNyU19mb0tjZk4tVEJBR0daUjdTbDVVbEF2Sk9Pc3lyYTR1SVRTYzJJelpDX3A3d04yVE93dGFXdDc0ekRfR015Um9xVnBrVVVXbjhOeTZ2RjFVZ3ZPNXpkZnpZd20xV2VyQ2ZWV2JGT3BLdDduZE5RT1FlVWdmc2o0TTQtUGoybzZyRWU3V2lETGtsb3c?oc=5,laestrella.com.pa,es,2026-10-02T15:25:00Z,,2026-10-07T18:21:04Z,,gnews:regulacion,titular/metadatos,
GN-49faaf71e5,Fuertes lluvias y tormentas eléctricas: SINAPROC activa aviso de prevención en Panamá,https://news.google.com/rss/articles/CBMiwgFBVV95cUxQeDhUMmRDZDFHOEUzajl3eE5zZmU2b1YtNXI1QW1LOUVPSkwxRW0xN09NTWxpblpnLWJNdzhFVGJXSjN5b3VzdTlzbWZrclZCNURBbUl0UWNjUG1MZ1EzdVdMbl9vM2NtNmN2c0hzMnVaQmt0bTZQYll1MU9GRU9JQWI5aEZlX3FqNEt6dkE2QlNnaWF2RFlvTnlKSFRlM3NGNkF2TDI3dFRxcVlrQXNISjBoRDV5cFgzM3hfQzB5Tm53Z9IBxwFBVV95cUxNWk1HeFN6NGQwRlRiRkxoSzhwRVpuWnZrZ0N3aVlRU1ZsaHRVaE1aTE14Nkw0Vld0WTd0eXoxQ3RGRjV4bFBFSlFOcHhMcWU2VW1ycTE5YnE4QWRGRzR3dnp1Um9UY2FjWkpGZTJ0NGN1N2dRc0ZiS3Z4ODVZekNGZjBrZW9OSHpWd1RwdnRBeVhlbTdMZkJJYnF4TG5LWWkyZ0Jrdnc3cTlHRld6dmlPa3dPd3JfU2NEU1J3V0tHN3p2N2tOaFdv?oc=5,telemetro.com,es,2026-09-21T07:00:00Z,,2026-10-07T18:21:04Z,,gnews:eventos_naturales,titular/metadatos,
GN-4a23ac895c,Sismo de magnitud 3.6 sacude Panamá: epicentro al norte de Tocumen,https://news.google.com/rss/articles/CBMipwFBVV95cUxNQkY1REJKb3hadEJ6YWFiYU5oMkhaZm1JTmtuMHhZb1poOVJzS0JYWVJ6cnAwQkJxWXY1dno4am1ITHkxekNfWGFuTldUWVRrQzZqLUUtX1huRDR4X1pSZWY0Q24wTjRIR0dFbzUyYUR0MlN2d1FMeWRaM0JmYjhBN25uOTZHUkh2Y0Vld0ExbG1SYzJnNmxkWVM0dE93bnFNa0R2d1BYSdIBrAFBVV95cUxPUl90OVZvaEtkX0xUbFlaUHRUam0tX1NrNTV2c3BlajVqcVItR3hkdUp3VjFpbm5HQnlrRTdKS29PVFppd1FOTnhXNVppMEtIc2RVMUlnWWZmVHFuRi1XeVpvVy1iaTZ3dmU5Y2E2MTN0QTVUQjlKOF9DcjFkaGZlYThYV3dEbEF3M2ZXTEdNMHlPZDdIM1pwNVhuSlMzeXdFNzNjbTZDTkJoRVNJ?oc=5,telemetro.com,es,2026-09-15T07:00:00Z,,2026-10-07T18:21:04Z,,gnews:eventos_naturales,titular/metadatos,
GN-4a50587383,En Panamá un exdiputado fue herido de bala mientras se dirigía a una junta comunal en Colón,https://news.google.com/rss/articles/CBMizwFBVV95cUxPWVVuUnA5Z2VBMmFGUW5MdHNGMURPbngtUWJnZzRkLW5POHVGZ0w0QXcteFNpb0h0YmFxVDRubk9GVGsyaVVTeDVJNE9wSUZsYmxjcWt0N0dFM25fM1FfNDRPNlFqLTh4UXgxcjZJQ1Jkb2hPODE1R0VZclZ1S192eEhHdWo2OXNnYWRYeUVYY3c0N1JPUTExTG9EcW1lWS0xVHh0UlQyWXVEZnJmei0yX1hMa3VXTk1DcHVPbFd0dXZTS3BKSmdfYVk0eC05RjDSAeoBQVVfeXFMUExYVFdCNkhfUnRqT3ZsUktRdHNZcDQtMHkxUTdsWm1mZWZ2bjlVSjNHbHVnbW1DTlViZGhMSkxGajhQeUx6QkNnVlI0SzJERU1KTC1td09idzlXNmt4a2FUVFZXeHR0NGxWSS1QMzdzWjN1amhWdWFXMjU4bTRObEhiU21BQmEzOXQ3VHE2d3pQNV9PZFN5Ny05TWlaV1dUM3hNVW5YbWpTUE1QTEktdWZuZXZyb3BLWGJWXzlMbExUNGo1eGlhWklocXkya2xyc1BLdjlkdUZUMl9XZy1xOG95cFh0TVdPUkxB?oc=5,infobae.com,es,2026-10-07T12:25:46Z,,2026-10-07T18:21:04Z,,gnews:general,titular/metadatos,
GN-4a757014e7,Mulino y Sánchez trazan una agenda común sobre el Canal de Panamá e Iberoamérica,https://news.google.com/rss/articles/CBMiwgFBVV95cUxQRTFhT0lWVG90NkxDemd3QVBSbjJLZExWY003dVZ0dndFcFpLcDdsVWJUaDRkNXNZcnlwQVZBZ3VLSFFKTEZWWV9BUDBmVDZFNHZrdHJUNDRoVEJjeDJhaGxRMkp1VW0xOU5OLVZWUTB3THJkQ1lkWUVpMnJKZ3RoaVJNWURudm9SMGRSOHlITkRDMThMQnFCdjV6SkhhcndOb1pfZjJXTHhmZEtYLXNVckFZelU2TDNKeURYVy1icFloZw?oc=5,forbescentroamerica.com,es,2026-09-22T07:00:00Z,,2026-10-07T18:21:04Z,,gnews:logistica_canal,titular/metadatos,
GN-4b004c49b3,El puente entre el Atlántico y el Pacífico: de Magallanes a Panamá y el retorno de la conectividad multimodal,https://news.google.com/rss/articles/CBMi-gFBVV95cUxPdFNDV3VFbTlUaU92dEpGNmlEOXBSS3dUWXc0M2l6cnM4eE1MWmtob2tyZUstMERrUGdkRmJMQk1RSXU5SzNXZzkwbWRSQUxBcjlYak1YWXhaSDJEZnhKY2lHNEk3U29WQUcxZVV1OHhzMFlFeWRmLUtsRWsxZ0FoOHk0OTYxSnpsSml3WDlhLUEyVEpEaDZuNEZkcTBXUExnVDYwRnN3Z0YtdWpNUWxmUDI3TUZ0azJuMmFObGh5d2hGRlU5bkNwaXZ1RW42d3h0MmFDbHFuWG9iZm9ZZ0R5ZjFHbDZWNG0yLWV5akJ5UlZTdVRLVGpBemF3?oc=5,atalayar.com,es,2026-10-04T14:50:28Z,,2026-10-07T18:21:04Z,,gnews:logistica_canal,titular/metadatos,
GN-4b8b429aa0,Panamá e Israel fortalecen cooperación para optimizar el suministro de agua en Azuero,https://news.google.com/rss/articles/CBMizwFBVV95cUxPa2hqamUxMzkwemQ2dHpnRE92OXFpME5CUnZNNlZqdFZ5ckNjVHhFeDFsT2pocDJ3Z0w3RFR5OWk2eFhkU1RfV0ROdnFYdnk5MFdRNHhheTVyU3ppdGstZ0tQSVF1WjRsdG8xVk9ha1AzMkJueExkT3Z1c0MySktncU96cWdpZjh1OW9zd3Bub21xeWIwN2ZJTEV0VE5FZUU2T3lXNGlfYklsN2V5Qkx1ajJ5YW42TUZsTHVURzc5NWo2SUgyaXFQSjJnVmdUa1E?oc=5,metrolibre.com,es,2026-10-02T18:45:41Z,,2026-10-07T18:21:04Z,,gnews:servicios_publicos,titular/metadatos,
GN-4ba187e216,La Eurocámara aboga por reequilibrar economía con China,https://news.google.com/rss/articles/CBMimAFBVV95cUxPTnc4LXJXb2NEM3NKaVJueGlJdG9wVGlYanUtS0pNT0FRUVU0cTRfX05tYXlTOVdod29aS2xGOVY1TF9qbGNGaG03Q3g2TWhlUnZHMWRRNW80YVVpRnltRVdzUEtvTmdkNVZ1MHhia1Z6alRUU1NMT0lweU8tQlBBeFJHR1RiTl9mX1ZRRFpoNXZfRFg3bU5yLQ?oc=5,ensegundos.com.pa,es,2026-10-07T14:31:07Z,,2026-10-07T18:21:04Z,,gnews:economia,titular/metadatos,
GN-4bca2168d5,"Definición sobre Cobre Panamá condicionará el crecimiento y el grado de inversión del país, asegura Deloitte",https://news.google.com/rss/articles/CBMisAFBVV95cUxNRVpNUjE0a24wclJwTkt6RlNKc0F6OGhZdjFGZFF3R1psTU5oOXBZUWlPSWxHSENKY2RXSVZRWjF5VmxseV9mek9xaW1WN2NDaUlGejhQc3JBMUZkakhndTVVNWtUeTBFSnBra1lCbl84SzZxSnF1V1FYRmZjRC1sOVZ0a0VaUXU5VkNfb2xNUjNIejdFdW1ybG1mQ2tCT0lvUXdkMjF1VFRJRFlpRG9KTA?oc=5,elcapitalfinanciero.com,es,2026-10-02T15:02:19Z,,2026-10-07T18:21:04Z,,gnews:economia,titular/metadatos,
GN-4bfcfe6c5c,"El presidente de Panamá y su esposa contemplan el cuadro ""Regreso a casa en gloria"" y aprenden sobre los 80 kg de madera de agar en el Templo de la Literatura de la Universidad Nacional.",https://news.google.com/rss/articles/CBMizgFBVV95cUxPLTRFTXhPdUpBN0VWMkU4UzN0MzlVd1gzcm94VnBjcmE5MGxrMGx0NW9HdVFtZVI4YVQ0SmMxRFFILUFuakliQnpfbVBTLVU4V2hZS01zSGI3bk9DVU1WaDhJa1ZNRWUyb19tUmNfcEFTRDlJWllKWEwzOGhfUkxlZ1hjQzBsNUk3bzljYUJzdjFmMFBBdUJyV0lBaERpR1JIcjhJQWF4WWhzb0t6WGN1bDBTaG9pVUlZUjdjaVRvMEFyWllkb01fRVdnb0Jkdw?oc=5,vietnam.vn,es,2026-10-06T18:36:16Z,,2026-10-07T18:21:04Z,,gnews:general,titular/metadatos,
GN-4cb0a035e0,Canal de Panamá eleva calado y aumenta capacidad diaria para buques Neopanamax,https://news.google.com/rss/articles/CBMipwFBVV95cUxPZ3UtLTRhOVprMjhLTEJaS0I3NDRyeHNlc2NSLUNIa3VjcWNWUzRTNWtUUklaWHh6a1NBa2k1UlYyWkxpUF9VN2FkYzZtUUJ3U2R0TzlTSVdUX3cxS08yQjJGVjJVWmRiUkI2OUFMYi1TWjNsN3Ffc3BKekxBY25JcDYxU3J2VVZwSlNuRkxuenZGVkI5MDlyMnR1Q3p5WWozQXNWQ3pTYw?oc=5,mascontainer.com,es,2026-10-04T20:48:54Z,,2026-10-07T18:21:04Z,,gnews:logistica_canal,titular/metadatos,
GN-4cbcfbcd5b,"Mulino sanciona nuevas leyes en justicia, pasaportes y turismo",https://news.google.com/rss/articles/CBMipwFBVV95cUxPNGQ2bU9ib1hDdzBDaG54d1FYY3JwTDNLbTlCa2MwczJTWnlQb2VOWWRRR1J3T1FXWkI3SDNRdDlCazJZWWw4VE9lNDlneF9SRlJBY0RXYWNDbzhmSVlkb3JRdy1WTk5Xb0JYM09wWG1ZQ1QwaTRZRVNnbWdjRm9VczY3TTFzZm54RzYzVF9XMnBvaktzYjhjcHV5MTR5SU9fbzJTQnhKc9IBrAFBVV95cUxPTVRsZXozQlFIOXp4UGE1M0ZVUUJiMlY3djJJbjdFcVA2M3QxR1ZFUmo4S2hhZk41aDg4SEpDTjVFb1RvSVZqdVBnWkZ2d1BWb3o1QjN6ZkthZGplS0s4NHdRWmV5cll4elo2ZTNFZHU1aEN0Z0ZwQ3dIOElpaEVTQVdmU0hyY2ZHRGttX3lVNWg5YmREenNVZGZJa3R4aUdxM1lpTDdxOXhpa1pj?oc=5,critica.com.pa,es,2026-10-02T13:58:01Z,,2026-10-07T18:21:04Z,,gnews:turismo,titular/metadatos,
GN-4dbec2a500,"Panamá gasta 288 millones de dólares en la compra de productos vietnamitas, con el calzado a la cabeza.",https://news.google.com/rss/articles/CBMiiAFBVV95cUxPWlhPZ1pha1pqU1Z0cFk5U2hGVTJLV2FybUtNQm5WNUF2LWFwSzhCNHFXYlMzT0NTRS1RM0NNZlZMa3Y0ZFEzVmhvWkl4aFVHaFh1aUdueVpoNDhlS2xRU3hBREE0a0VEc3JZN2xiSi1UMUZIaXI4Sko2TjdOcnlaVmZDcHBxSnU0?oc=5,vietnam.vn,es,2026-10-06T12:54:45Z,,2026-10-07T18:21:04Z,,gnews:economia,titular/metadatos,
GN-4de0475f82,Canal de Panamá: fuertes lluvias afectan el servicio de agua de la potabilizadora de Mendoza,https://news.google.com/rss/articles/CBMi3AFBVV95cUxObEVpUXh1U2ltS2dqbmFQa1pXbW1va2JTUDV3eGUxU2doVFpxVXVvSG9CNjVxWWVlSTcydFRrdnd4T1U4MXd0b1dRU19nSXkyS1BkZTItekdUc1p2RVNnWHIzUXcxMGFqRENTZHBqbW9rUG5MbUg1WDkwWTRPWWFiMC1XS3c2dEU5c2ZOdC1zZ2E1eXlXNnliMVJxSnVCRnY1SVg3czUxWGNxT29XZ05EZTdhX2FUZ21LSDVSZ1RaS2t4X3FGMlhnWXVWdF9Jd1FEQUk5dHRpeUY3S0FF0gHiAUFVX3lxTE1OeVZpNGF1QVl6eTMxQnBMclNhX2tOSzFvM1RLTS10V2NhSGgzWUt5SnhxWFAzekxGaHM3TGx5VGFZSDdrYzgxR2tCRzUyenFXNUxRenZ2SElWTGRUQ1ZPMFd3dTRRZXgxQ2JIYVdZTVB0WGlQeUtvVHFKXzdKZmRldUJMYm1mNWxDdFc5RFNZZUpBMzNTSjZBUkk2Qmd4dUx5Wnp6RXRxR3Vzbm5tMmNXelM3QTQ0WGxMaEszbXhxYmdWOThFWmpQT01oc2F2VDBwUlJfbW9qeWpxdzFuVXJ3Wmc?oc=5,tvn-2.com,es,2026-10-04T16:57:08Z,,2026-10-07T18:21:04Z,,gnews:eventos_naturales|gnews:servicios_publicos,titular/metadatos,
GN-4e40a82d38,Panamá estrena vuelos directos desde Bogotá y Quito para dinamizar el turismo,https://news.google.com/rss/articles/CBMiwgFBVV95cUxQdHFIQUVaX1czZVV3YmVpbGh1ZHMxUlBwQ1V3aExXTmlvOFR6MUF2bV9YUzQzMUJNYTVqZ2ozLWV4TUw0Vy1RWDZMd18tVFNsRFBaaE1fa1B0cUxvNVdJeXp0anRaN2ZmdFAtR2FQWXZlMGFkOU40anN1YXdVSkM5bGtpUFAyb0QtX2JDVGlJS0Y2X2tGcHdmZ1VHV3JhTXhhbG5mNHh3d1NodWRRR1Z5S082Ylo1dkxlalg5bkxXc1F4Zw?oc=5,metrolibre.com,es,2026-10-01T07:00:00Z,,2026-10-07T18:21:04Z,,gnews:turismo,titular/metadatos,
GN-4eb55a4b9f,IDAAN anuncia trabajos de mantenimiento en plantas potabilizadoras del 21 al 27 de septiembre,https://news.google.com/rss/articles/CBMiygFBVV95cUxOVjB0bk5GTjBPSlFNeEhHbl9rcnk0OFFUdl9KeVhLVWtPMnpMTGVWRUxpLXhiZWcwYmY5eFl0S29IVlhzOV9JWGpPNDF3dmhkdFZvUllnbVlrM0NOeVpCRkp4NXlRejQ1bjZKSUg0UmhJQ3V2WTBzaHZHUnVsZkxlVjV3MUdKWTRsT2hmUEltWVgxQnhMSlhmdzB1bkpFWUdIUWxfRGxISzdvdmVOUkYtWXgxU3czeFR6Si1jbG5YUEc1eGtNZC1pYVpn0gHPAUFVX3lxTE1xZlVHUkpUYUNLZUhCOVBJSmE4Qng5bDFtdUJfMklrQzJuN3p2WlU3NDExQVpLQ3ZvZFQzRU5jeG1HVmVjN2wzbERscFlKQ0h3Um9pRXhKbTZ5MkRtNHRDWkFuZHpfUklpeWtQME9uVU9YSzFzemdSZ0NHdkh4cEhZSDlCUEhSTEQzUE1CMGZheUZEUGZxT25QZnJuMXBhMXBjcVNwbGkwWkNEemNTeWhKcHVEUHNKRThCU09OcUgyTklPVFVlRzBxclZwdTVjdw?oc=5,telemetro.com,es,2026-09-28T07:00:00Z,,2026-10-07T18:21:04Z,,gnews:servicios_publicos,titular/metadatos,
GN-4f3167adda,El IDAAN alcanza las mil reparaciones de tuberías de agua potable,https://news.google.com/rss/articles/CBMitAFBVV95cUxOeDFCX3h4c2pfcXpWd3ZHdVZPUVUya0ZoZkVWTTdRb2J0b3RkcTdET2ZMd0dkbTZXaDUwUVJscThDOThFZVpjVGk4aTRBRm0tU21ReXNUc0JMcHdHSENCZjhXTWdWYnJjLWNUVkx6SDFscEZKMDROcVJPU1N3aXI1Y3BfZ2RqYlZIanhLWlFOLW9jUW9oRjFDb0N3OGt4OWNPcmhQN1lnNTVHT1drWkdieHJHNnU?oc=5,metrolibre.com,es,2026-10-02T07:00:00Z,,2026-10-07T18:21:04Z,,gnews:servicios_publicos,titular/metadatos,
GN-4f541a9871,On Vacation y Wingo abrirán ruta directa entre Bogotá y Río Hato desde octubre para impulsar el turismo en Panamá,https://news.google.com/rss/articles/CBMi9wFBVV95cUxPYm1VcmpVQmlCQUI4R2hmQnJPLXdxbmtoM1JDX3hSTXEwRlJPUm9DU08yaFNoMFZTdllmQ0Z2RFdhX05BS1BsSjZhS1VXTFNEOHJINFp0Y3VaeExkZjJSdGNKdy1FdDFsUk4yVzZ0LUdfMDB0cERCVjA4Y0Y1RU1UUEJETUE5S0pRSF91ZzQySmdJdEFMMThkbFZrY0pfYlRsZmNEamZUeUdmS1g0a1ZwZlNmZGlSQWhwTmdaTGRFc18tNFU4dl9hRWJNMjgwd0hYcWljUXZZcXRXYmR0UkM3aDl5Mm5ONkJJMGUtWlRlNEEwU2RNOG5B0gH8AUFVX3lxTE1kOEdwY1Zod2ROZVN0Zkh0MWh5akhnX2xGaGZ5enVSZENmYkNQdzlLOEI5TTJIcTcwMktBTkpNQ1JReFZaeGZ0dHJEb000aFljdC16bkVNSndqeEJxaXNqdndvQ21FQk5ET1FNMWJwZlJhZUNKclZJMXI2V3VwNjhOenhVSHFoTXhPYXJUc3RoZUhONlphRXdRbk1sNXBkTnNSUlN3THYxUkdTb2VCZlJlT1dfSE5KMWk3MVBiT1BCVVdYMmFXbzdSQjRtNmtUcFlOZDhJTHVxMlAzV0NCWXpOOU9ZREE3RFdYZm5vRUk0LTE4QVJISTdjeW5JXw?oc=5,portafolio.co,es,2026-09-22T07:00:00Z,,2026-10-07T18:21:04Z,,gnews:turismo,titular/metadatos,
GN-4f7d673394,Muere trabajador de 25 años en la Línea 3 del Metro tras presunta descarga eléctrica,https://news.google.com/rss/articles/CBMiqAFBVV95cUxQSWp4Y1NCTF9qX3hvcV9nUnhkbFNqUTY1bjhDZFh5VVhOLWxzNEYySXBlOG1sWDVoemNEUkJuRU5BNzZCTzdZQjE5QkU0OW1zUkFRWUNoUTdIM2t1bTQydDAxc1B1MnhLVzdQcVBlX3BKazJZeHFYT1J2ZFhYd2lBM2dMUE5FZC1iTUJfV0lWTHR2bTE5VUtnRFNZTzNMbk93Yzc2SEZLU2LSAa4BQVVfeXFMTURNYllHRnF1WW9yN2FHRmlfYTE5cElMWUNfd2NhVFJqUC12NE8tbGRxcEZxTUtPdm1BUWFUTWZrWnFQTnVnVDdKcFN2MDdnb25EWmh4QUZiUkhKNENXUEtNSktzaTBVZlF6ZDFiUk4zQ3g2SHFnMDNNLU5ac0FRRGFyeW5vT3FSQ0FhZm83Tk5LUjZIbmJJc3FQOWViSGJuMlpGTm0zdi1Lb2VBN2t3?oc=5,tvn-2.com,es,2026-09-22T07:00:00Z,,2026-10-07T18:21:04Z,,gnews:servicios_publicos,titular/metadatos,
GN-4fe5bcaad8,De Héroes por Panamá a referente de turismo comunitario: así ha crecido la Fundación Agua y Tierra,https://news.google.com/rss/articles/CBMiwgFBVV95cUxPVzNnZV9sY2xKaGJzWjV2ZE9GMkg1bjlHOWR1OGY1LXEweUIxWU5rQlhKRGlJU2pXY3ZCMk1xRW9ENVNqckYyRE1WYkdLaTFhM3pwakhHQ20tQTY1aDZLcjFHZTJIUjBmOWNpM0lpdGNHY0ZsNFpCYS1XMWhYdHdhdE9ZVFlQYXRwMU5HQWp0VXhpdURBdVRoai1EQWNFSm9Tc1I0QXRMRzFKUzlHSFNzWGtvSXQ3QUQySG5SU2Nnbll4dw?oc=5,tvn-2.com,es,2026-09-10T07:00:00Z,,2026-10-07T18:21:04Z,,gnews:turismo,titular/metadatos,
GN-5018c4d93e,El dengue repunta en Panamá y los casos aumentan 28% en cuatro semanas,https://news.google.com/rss/articles/CBMisgFBVV95cUxQWlNYVVNNcFQ5MXBBYjAxZ01JYTM5MnRwVmZURW15bVV5emY5SU91aWtySVBXXzF1SkhObDB5TjNjblZhaFNrU2hEU19WNm1xdWhOTGFseDZTRnZmVzZ2T001Vk12azlCa1lLbmlTLWlkOFhPMnBEMk5IU2dkNVpxTVplUHVHUjNrV0hRZFQ2NzMxNTI0NjdXN0dHTndHYWpNTlFKdVdjOWVObFB3dXZ5Tndn0gHMAUFVX3lxTE9iVGlqM0d5bzhjUHhMREF4WWd2WUJlbW9uazl0NUx1b1p4TFZDb2xpZnBkNlhUMXRsWDhFUVhMamozNjh1WHJqUUZkYTFLYkR1bURtQnc5U1hfY2dNejJjVGlrMHVSNzBJeUJsUmtxZlYxT2pmYlMtMUZUb1U4QklxUmJYdjdSR0x6LXRaWG5zczd2SVhiWnhla0RNSm8xZloycFIyUDFHbjNqYXRYUkJFYXIwTmNKZm9PcWRvdlhjT0RtRzRjaG9JODdHMQ?oc=5,infobae.com,es,2026-10-03T18:00:00Z,,2026-10-07T18:21:04Z,,gnews:general,titular/metadatos,
GN-50a97f04e8,Tráfico por estrecho de Magallanes sube más de 70% ante restricciones en Canal de Panamá,https://news.google.com/rss/articles/CBMiqwFBVV95cUxPOVNFR2RIWEhBSDRMRFU4ZHMxWFA0MjM0Y2dRMU1BS3NzWVowbU0wcmdrT3JKVEtCeW41RlA5ZXZlMzVhLWhiRE9nSjJIeDlROFpkdjdoZkhQQTZnWF9zUXNmTUtCMEpkUjY0T0E1QW1pejdfQkVITDdnQ2RfUGlwNDhjRDk4bkU3Y1duaEpmQVFDMXZhR2lmeHVTbFNMWmZOeWdsXzl3dmp3OTQ?oc=5,bloomberg.com,es,2026-10-06T18:36:36Z,,2026-10-07T18:21:04Z,,gnews:general|gnews:logistica_canal,titular/metadatos,
GN-5111761908,SATENA va por el internacional: conectará Montería con Ciudad de Panamá desde octubre. ¿sigue Miami?,https://news.google.com/rss/articles/CBMid0FVX3lxTE5KZ0FWcXVXX3RROTd3NDNTVTdvZ29XSlFSNVlObEVlcW5BQ2VOZTBzLTV3aFpNSUZqeUZRZXRWYWVQWS1YWjZ2NW5pdFhOWmZKR2w5ZVRCbmFLRl9pTVh3LWY5S3hBZk1BMWlOR1pIMndoRnNLSDBn?oc=5,aviacionnews.com,es,2026-10-06T04:11:26Z,,2026-10-07T18:21:04Z,,gnews:general,titular/metadatos,
GN-511bf60423,Clima en Panamá: prevén lluvias en áreas marítimas con posibles ingresos hacia las costas,https://news.google.com/rss/articles/CBMiwgFBVV95cUxOR3hZMnpiNERJN093em9EVzZmR041Qi0yWGM1SFNOeld1enRtS0xEUklINDYwRGtxX2RsYmU3ZGZHWV9LcERWeXo3TTkxWnB4NVEzYWZtV2VRLTh3NGctWUdndExPRmNzcFVUUnA4MUpuNWw4RFlKVkxxSmNZdVRud28zaEV1S3Jza2dtRlozUS1PRHFHaWlPWlU0U0tnMUd5N2xoS1lIZkd0TEw3TzdOcm4td2tseDF4clJkY0lUMXRmd9IBxwFBVV95cUxOR1JaSm4xSmF6bFQ2ZTlIOUtRMm5BbW9ENmswWmFTM2Y4T0VCYzIyTmxaYjNSYlZiOEhfaTg2bGZUM09XaTE4LVBnSGR2bzZmWmhNay1fQl9BcFgweUNqSnM4WmpfQm9rbENjUmxkX0tmOTJtTzJfQU1XenB0cks2M2hfRjF3QnFiNzNScGItQlNuU0Q1R2QtZnRkWlNRMm03cm1FZVpWamtEN05VeTlSOHdtTDBxOGpQaVpEZ3JLVTdrdnplYlNF?oc=5,tvn-2.com,es,2026-09-15T07:00:00Z,,2026-10-07T18:21:04Z,,gnews:eventos_naturales,titular/metadatos,
GN-5158fd5937,Contenido Exclusivo: El metro por la Tumba Muerto,https://news.google.com/rss/articles/CBMiswFBVV95cUxOb09mU3Ewc1dwd211aFRza000cERUd3FrUXBXdjF1emdXaVJ0QktYZEFrYjlyZlQ5UFdnSXNNQllJZHFDQXdNWG5oS05DVDhLMnotek1JTW5hcnBzLW1GR3UwYTl1THFTR2JNTWluU2hSVGtjbzNfWDBxNzF0MEY5SUpBbzhCcWp0VnVQZER2cDNfSW1odjBUNHNsNFAzOUtOOWVKQXpQZEJSWDFVb295NXNjZw?oc=5,tvn-2.com,es,2026-10-06T00:47:04Z,,2026-10-07T18:21:04Z,,gnews:servicios_publicos,titular/metadatos,
GN-518cc2d7b3,J.P. Morgan estima que las negociaciones para reactivar Cobre Panamá podrían extenderse hasta 2027,https://news.google.com/rss/articles/CBMi1gFBVV95cUxOMmhXM0tyYXFPYWgtVHZDYklvcUd5UGR2dG9VcXNNT1E1Vlo3ekxxejdHQ0xWdGhHcTlieldFdEJWVW5BZmk5Y1oyZGlUam5TbFZIZlJvd1VDS3pTNnlQOVpxWVprV05rZ0ZnZF9XMUdqakFuRWs5TzN2cVNIVGZ1QW9NLVlSazd6bFNSdzgtMkx4cFZMb2xDejg1bVNabmxnWFNqa2xlalQySDIyVkZ6MXUtaVgtSVNuTV85b3BRemRvTlZFV205VXhhRTBNc2UwbGU4aWRR0gHwAUFVX3lxTE5ZbjNSbzBUdXBpX3d0ZGltZEtjdndiVkpOQ2J6QV83OG5iQU9KOGdvcnU5Tk1NZjhRbGoxYXQtMER4cHBJU0RmMWVCbUNSbWp4d2lfVFBaa2pYTmM5ek5YSDBqZkE1QVp0RUFlZWExTk5EWVlpU0xlOUdpcGlrQ1k1cjU4cW5CQUFVYXhVNzNWQ2FmbGlJZWhkWlZJc2UtdWIzX3JwbmxHaC1MQWlTaGw4czZJRFlvandwTmtzSVd4T1RNYXR6TzI2TWdoY3JDZUh0NlFpNm5md1JHVjNULUZPTV9qalM2TVJkZjEtNHhGNg?oc=5,infobae.com,es,2026-10-06T17:33:00Z,,2026-10-07T18:21:04Z,,gnews:general,titular/metadatos,
GN-51b5d7bcf5,"Agua, tecnología y producción: los temas que Paz abordó con mandatarios en Nueva York",https://news.google.com/rss/articles/CBMi0gFBVV95cUxQcG5UWWo2VFBvYUpmQVAtRTBtZW5qM2hlRDlfLVBLaEFTa1p0bjhfT1ZWSjFBRW1XVlUtcDdzQUdXa2IwVmFDdWxSYlhoV0pJMFRrZzhoQWFNVUlCamFvM0hob0ZReTlXbU9Rc25qZVNITVhiSW1HRk1IdlJYOTZPUXFYYWk4NUNVNkMtUHFNWmEwMFBpS1JsVDVHNmN1ZzlMYmhiMmd4YjZUMnNpc1hwaVdpOWthT2tCY1AxTlJvR29CczVWM3FPQ2RHXzBDMmU3ZXc?oc=5,reduno.com.bo,es,2026-09-25T07:00:00Z,,2026-10-07T18:21:04Z,,gnews:servicios_publicos,titular/metadatos,
GN-52114ffe20,"La ruta del manglar en isla Cañas, una apuesta de turismo sostenible",https://news.google.com/rss/articles/CBMipwFBVV95cUxPbWRFNnZ3LXRzaG40NGxtSVJldGpPM3E0YXM3alBrUGYta2k5bGVzb1dFNHk4dlRsZnlxb3RLaUR1c0FaMEFRNS1lQjhZeFpOV3BuTk01YzVXZjliZXp5VWJNQXFqZGJJbGw3NDQtOHdHdFRXZXFsbmhkSXdSbDl2X2JrZHpvQmlnakxLclpPeEZIWVdYOGw5WVljdzQ1M2dNUnVLdkZPOA?oc=5,laestrella.com.pa,es,2026-10-02T07:00:00Z,,2026-10-07T18:21:04Z,,gnews:turismo,titular/metadatos,
GN-5332698347,Canal de Panamá pospone restricciones de calado gracias a las lluvias,https://news.google.com/rss/articles/CBMirAFBVV95cUxPZGxUUDc3Q0NJTS1DTUgya2RwcnU4OEgxZEJlNnJqQVF1MkFhRjM1c1hWN2xmWmVZbEJUYVk3X2VyR2dRaGZscjlHV0tyV2ZrYVNEbEpJRGxVOGdtWF9qQk5kc3puN1RzMk80aGw3UW1YRS1nTFpYcWJIMmhWaGY3NHJtNXlrUDlKQ0pIbzVLUkZqQ0tlX1htLXJHdkZORk1sZ2VDbGFmOUhjdlFM?oc=5,panamaamerica.com.pa,es,2026-09-24T07:00:00Z,,2026-10-07T18:21:04Z,,gnews:eventos_naturales,titular/metadatos,
GN-5333ee9429,Panamá Oeste tendrá circuito judicial propio: así quedaría la nueva organización,https://news.google.com/rss/articles/CBMiwwFBVV95cUxNSnF5VTlRMlRjZ3dieEZSNEpsczlUVXdzUnJOVzdHYURKbG1hVlV5OWoyNzR6ekNuRWlpR3dCNHNsM2czWlYyMzBMQmlyUzdkTjNnYmF4WUxHSy1WWVVtbDFfUU9HRmdWeVVpcjF5QTJHeE1RRVJZaVF3dWZoZFB5RVlpZm5oWmhwM1hFOG1ULWdSV1QwbDJHb2VLVjdkOU1wV1pTRm9SWVhrSXRyZVNNLXpsaFZVejRhOHpYWTBfQnVuWG_SAcgBQVVfeXFMT1BHWDg2NTB1NDNvdHBEck5NbDItQVZvZ3JsbGRsb1RIeVFoUEMyQzhhNDUwRGlTSmhJTTBUVjRKaGo2aTkySlgwYjkyTXJmTnk1MGZZbFdYWDdjcXl2b1poVThlX1ZUcXExaDItcC02SnlwVm5ZZ0N5YmllaTFNSkJ2bEd3VGFDcjdoQU8zSDBOSHFWUUpReFBHbnRiU2todl9Md3ZjeFl4b280eXFXZ21MWXoxWHpKRl9yWjdBZHZ2TTgzSmp2TVM?oc=5,telemetro.com,es,2026-09-17T07:00:00Z,,2026-10-07T18:21:04Z,,gnews:regulacion,titular/metadatos,
GN-540a468d9f,Francia desembarca en Panamá con 20 empresas y nuevos proyectos de inversión,https://news.google.com/rss/articles/CBMinAFBVV95cUxPN3RuTDR2WFQ3ZERtXy0teUY2YzExV21sYWpCUXVzRmNqaDRkR21nNDA2MHhhSGJFUXZJWnhJTEF2M1gxRERBZFByMF9xamxhRFpuMV83djNmSTNVOG5RRHRBU1RxYXBRR2UyaVFxUU54YnR3T2NLbG5JdGg0a3Y3WWszYktaaGF5S08tNndLZzFVNVZrUTdZeGZUYzA?oc=5,agrolatam.com,es,2026-09-15T07:00:00Z,,2026-10-07T18:21:04Z,,gnews:servicios_publicos,titular/metadatos,
GN-54924c77a6,¿Dónde lloverá este lunes? Estas son las zonas de Panamá con pronóstico de fuertes aguaceros,https://news.google.com/rss/articles/CBMixAFBVV95cUxNSGw1eGRzcE56VHlCWDZfY1pMZk41dTZuRVBjakF2WG92NHYwMXMyS2tuYlZFc2RmTkZIZDliWmJnNVVNTUxfUTZXa0lDRUwxd2RqWUdVSjJNZzVvN2tBM0phVDl6eTNfYUtBTnJUSkw1VEF2U1VJWW85dnd0SXg2eG4zWGZRWTNXRVdVUWV6MnN5MFR5WHdXTGZBdWgxZzJ3RVp5YjR0akItWGdhXzNVNnpQeE9GUFZlcU16RDc3ZzR5eW1n0gHKAUFVX3lxTE5rd2J5d1AxSk41Nl9QeWxib0lIZUNiS1drTG4xa090NnQ4dmkzeUpxSEVjd0xEVEppbDFPeXNZTnAzOXV1aTM5TGJhOTFmRzhLQkJNRm94ekh6TW9MNEljZTNWNUFucGpzLTdCX0NWUHlpMV9ITTlBNFRWVnN6bENnaHZaWkdXWFk1RmQ4NnVzYkE0SzZOc3U5a1pwLVFnT1BudmwtanNOaVc2VnBIOWRUYmxERDV1dXFfRi1FTFo5Q2Y2U0h5QlpKQnc?oc=5,telemetro.com,es,2026-09-21T07:00:00Z,,2026-10-07T18:21:04Z,,gnews:eventos_naturales,titular/metadatos,
GN-5505b0d8cc,Empresarios insisten en que Panamá debe transformar su ventaja logística en inversión y empleo,https://news.google.com/rss/articles/CBMi0wFBVV95cUxQLXNSM0ZoZVM3NWZzcFVEdlhMTjZYSlBDei13SUlOSHdWYWNjSURpLUVESldmWjRSVjgwYU1wMi1ENy1xaFdvUHkxa2VSZGI0ZlZpRk1CYWlvZGVMa1RDSVB0QmxSMHB5b2tzU0taTHUyUFZ1X3FUZlRFWnNuM09RcUFPTFNxZDE0OGFqTmpaYjh5cWpfMkxZWDBGUTdDandLQjBFMWRlQ1RZV2hTTmZybHRIT0w5OUpjZFViTW53eFVSZ1pSc25Wcm0wQk51LWNBd0p30gHuAUFVX3lxTE9fUzJpbHlJWV9lYWNmdjQyYVJwZFlCbS1KdVdDeXlYbFAzeWNEYk5rMWpoeFlEa3VXNllTbGo1S2FoUk1qbWVBcGE5ZWVpUjl1SEpIRUIzanRWZnU3aklCdThTYXlvRml3bWhuZDd3Ym9Kcm5LdzZoNlMyUFpSWVJ5ZFQ5NVB2OXdyRHdzaHVZMjl5TkhTbUZUa25EdXNYOTlVUmxESHJud1VUOF9XX1NsR0xXS1duVVVQSXJUcWlPUl9HVmwzajM1cXFtbDB5ZFhlVUZrbV9BSHpyRHZ2c2M5S0t1TmZDaGtmU3djTXc?oc=5,infobae.com,es,2026-09-21T07:00:00Z,,2026-10-07T18:21:04Z,,gnews:economia,titular/metadatos,
GN-553b33dc37,"Temblor en Chiriquí y Bocas del Toro: No hubo daños estructurales ni personas afectadas, informaron Sinaproc y Bomberos",https://news.google.com/rss/articles/CBMi3AFBVV95cUxOTGwzbGtRWXV3Rk5kSFRuZWtwMFFhWmNnWXpHdU0yVVk2a3F2TEpTWktiYlVESHRubU4xWDhGODV6OUNKMkdkWkZ4ZnhILXVRcTNqZ1RmbXNCOUxzcThrQzZwUEFlZ1VMYTlDbDlSX0JFMXYyUldob3BjTTYzN1o5OG9lM3U0eVQyaDFGMllhVDB3TmJubk5MYnJLWmFOdWZIaTJRWjZaTlRZRFlNbmd0UW15TVNSQm5ycGp5WmdGM2pYc0YxMlE2MTNaeTFyM3Fud1RtempUa0tmRnN6?oc=5,tvn-2.com,es,2026-09-12T07:00:00Z,,2026-10-07T18:21:04Z,,gnews:eventos_naturales,titular/metadatos,
GN-57599e45dc,"Economía panameña crece 8.49% en julio de 2026, según el INEC",https://news.google.com/rss/articles/CBMiggFBVV95cUxOb2NHaWJ5UUZCc1RqU1hueTVITFBpUXdxQzdUSUdmdV9YdUpwc3V1cG1DTy1DNWFLc3FybGx6UFI4bHdmT1VVT3N5QWVDblFoWlVLRmpFMzlrRE9nWWdrSzR4VlQza1lkRmFWRlNJdDN3djdnZzZlSDJKYWxkM2xzOUF30gGHAUFVX3lxTE9rU2xxR2xEakd2MVgtRDg0RzB3TXFlcllDUEF2V1NlOUNBNUhndGJnMzVYR3U5V1FfMm1BSVhZNkpIWHJDMElMaEk2UGxGMGVicl9Tald6ZHJVNlFESmhPMU05RVF5MHpxUUdnMFJaYllfbHdJRjBRVWJPRnR0N2c3VkxlWXEwMA?oc=5,tvn-2.com,es,2026-09-15T07:00:00Z,,2026-10-07T18:21:04Z,,gnews:economia,titular/metadatos,
GN-575a31b73a,La Autoridad del Canal de Panamá flexibiliza las restricciones de tránsito marítimo tras el incremento de las precipitaciones en la cuenca interoceánica,https://news.google.com/rss/articles/CBMilwJBVV95cUxPT2ozUWROR29FZ2tJYUVWTlJ4SEdZVEkxQTJKT1U3WGYtSm5OZ01Xc29zY0szdGpOdXpXQzZoeUpGMFRYbU5tMThnVHlVMkhZckZQVEdmSS11cHlKZEtIU0NiX3FhU0pJTko2alhMVjh6X1JYa1B3UkJWT21EMHU1S3pxYjI5bjNOdVpnNUpTQzR1XzdJa3BiUjNEeTU3Q0FKanJ0MnlOVnRvaHlOSE1udUI2V1V3N0k5dERHcHZYcnI4Vkxxb3hTNjFtNXhJUjFfZGhFRHFheF9QTVE2ejVNLXI3WGE4YU8wb2RrRUFPVXJpdlgtRGR2TlBCTzNGeHpoZGIwd2dPOW1OTGhNRHh6YmpDajFwMjA?oc=5,elnacional.com,es,2026-09-28T07:00:00Z,,2026-10-07T18:21:04Z,,gnews:logistica_canal,titular/metadatos,
GN-57fb05fbfb,Singapur se adhiere al Tratado de Neutralidad del Canal y busca alianza logística con Panamá,https://news.google.com/rss/articles/CBMiowFBVV95cUxOUWw4ODBVQnExMkZLbW5vVmJWal9YcVEtTk5Ld0UwbnZDNmpmRC1ocHAyaFExM3FlQzJvTVlhNksxT1FlT2ZKa2JWaG8xMGpmcW9td2dGM1U0ckNqRjZ2cU41Q1FjYVlsTHZ6ZGR2UWhOU3BTZ2VGQjZTaE1PUG0ySXlHdjJWZ2JfQUZnZWRXOGJYVmxycERBNnRQZzZVbVdIWngw?oc=5,elcapitalfinanciero.com,es,2026-10-05T18:06:13Z,,2026-10-07T18:21:04Z,,gnews:logistica_canal,titular/metadatos,
GN-584ce2cbfb,Embajador de Cuba en Panamá presenta ante parlamento informe sobre afectaciones del bloqueo,https://news.google.com/rss/articles/CBMizwFBVV95cUxPckMwYWxxZi11Mm1yQi1sVFF3M1pmSjY3dmRNZVMzaElYc3c1SzJvcHZXTl82YlRMd1F1V19QR25pSHhuMklxdE1OYnlBeXpTb3BucndXb0EyTDBMTGdWVy1MNGp1RmFUcklJZWNVdVRzLXBsRHdybEN2bzBveE5yS3B4S0xqZkEwTXBlclBPQzl3Qmx3OGdDMHBycWt5d2hHcnpfTFpYM0p0YlgwMjhPeHN3NnlOMWh4MmpFb3p3ejROOEFsc1A0YkU0bEhMbE0?oc=5,misiones.cubaminrex.cu,es,2026-10-02T18:52:19Z,,2026-10-07T18:21:04Z,,gnews:general,titular/metadatos,
GN-5856738443,Panamá registra crecimiento económico de 5.5% en el primer semestre de 2026,https://news.google.com/rss/articles/CBMiwAFBVV95cUxPUVIwNndkQVdXMXdDb3RzUF9MVzROQkVRbVgyVXRjcml6VW1Cd0t4clp4ZElUMURWaWxiWlQ5cGJhMEJ4TnRzeWxoV1pOYjVybmlZUF9OM1d6Sl9BOTdEbzRwZDdyeVBJdUxxVHl0VC1KOHNkaTRWMUtBQ1htX0VNUG5sV0U5TUR4YTJKN3lIY1BlUS16bzRXSF92ZmdWTEhFdFd1OWg5cEpxV0Yyem9PWW56OUJka3B2bjZQN2Q3b1DSAcYBQVVfeXFMT3k5bVhEZDBvWTI2SUhpMXhzYXVjX1I5UDlsNlVlZXF2YUxwaktlbWZXMVVpZHRwbll2Zl8wY08xVldYVW9DamhQczA4aFk4Z3lwMnUySXpqRGxsdmxaeHRVWUFQZlBKV0FjNVJIMmlGY1RsR0VxTlo0TUZzaVNFeUNTMmpaWVh4TDBocktHNWlfSGdFTjJrdkFKRUk5THhURXd4YVh2Qkg1N1paM013N2pxYU5jZm44MkcxQVhCdWs2OHdlOWZ3?oc=5,laestrella.com.pa,es,2026-09-16T07:00:00Z,,2026-10-07T18:21:04Z,,gnews:economia,titular/metadatos,
GN-587678c678,Generadores de Panamá piden reglas claras en reforma del sector eléctrico,https://news.google.com/rss/articles/CBMitgFBVV95cUxNWEl5NmNSRHRnYk94Y2dWSUZrUjZJaXFtWTEwUHIyajA5bmdvQjdBUUZqcjlnQldONExXdEFpOTJETnBfMDMtYmlqUURVR3ptU2g0d1VMeGE0ODVfbm12THZaTDBfQ3hGaEhwQWd1VkRCdV9Wc2NFUlozckhnV3pzUFhYeW8tTGl0Q3JNckRZamYxV0dDa1pIQ2ppN1Q2akhFSTBKeGRORkpLSnYwaFh3M3R5bXI4QQ?oc=5,bnamericas.com,es,2026-10-06T12:09:26Z,,2026-10-07T18:21:04Z,,gnews:general,titular/metadatos,
GN-588353ed6e,Onda tropical No.50 en Panamá: Aviso por lluvias y tormentas se mantendrán hasta este lunes,https://news.google.com/rss/articles/CBMi4AFBVV95cUxObk5ZcFk0UkhSeFpUaUJfVVZEdElDUURBZ216N1U3UU91bHBVRFV5ZUdCX2txdmEycndvYVFDc0Zibzhacmg2YmtHUUhycEg3THc5LWlCYXN1UkcyQWJxeUE4blNGSjFXTGFrLUxMb1JSVjhMWEZlNWJWVU55V2IzNEl2STYwUm9MVE82YUk2ZHdNbHhEa2xpQk1WcDh2UTdhcUJxMnc3SHhjTzMwT28wVG5KZFJERW1BZDNzbzRscEh6c24ycURkTDFteld3SEE4SzEzT3B5QTJhWEdBUWVoTdIB5gFBVV95cUxOdWlndWRkU3Bvcy1pUmFWVk1aSlVORVNSS1FTcm1LeGpLbVVGRHZLY1VDNGdKX05FOFEtNXo5dTM0NDBJd0l1eG5fS3Y2S2U2bTRERHRjcUt2bUhncEtXWndsVnBIUTlEYnJSSExnakw2dFZERi1ja0Q1U1RTZXBXSEc5dWpCZFBYcXdOVXY1OE9rSjBTUXQzaG1OY015b09sRnBnYVA4X0oyaGZXcllORnpsdXZJMUI3UjFiMThuZlp2dzBOWmxTOWxPMFlhYUg5d3Y5NHdTRFdWbGhWc3RkYnNMSE5sdw?oc=5,laestrella.com.pa,es,2026-10-04T15:04:00Z,,2026-10-07T18:21:04Z,,gnews:eventos_naturales,titular/metadatos,
GN-59bad76864,Las lluvias dan margen al Canal de Panamá para evitar nuevos recortes este año,https://news.google.com/rss/articles/CBMivgFBVV95cUxPclAzMms1Vjhzb3pnUE4waTlNaV9aUDZBUFZybVgyYmo0bWxBWEEwUWJUMzB2VVd3QUJhbGxCdzFZSmwwSGhPY2hmVUl4RWFFUnJIMGFoaGN1a0JfeTFVNEx5WHd0T1poSmM2c1BNakNmbVYyNGxYVkN2Vm1TQkJjSElPNTR1dml1Y3lEcHRXS29ET29RMVF3eFFzN21oQ25jSlhCSHE2aXBRNC1JMjNzZ1NnaFVJMWFPNXdnVmFR0gHYAUFVX3lxTFBMT0ZnY0JsVEVqUmVTbzlGV0R4bTBnNHQ3N0dQYTFxRjBibjF4RThRWlJheTMxRzdWY3RHdXZhaU9MVzM3MkFsa2lzM2x4Z09mWjBzYXdiVnhUbWZfT1ltQy11QllRNEdUYUxEdXh3aFc0UU9PVGlTbWNjWkRXdHp4cmxzNVRTOVhFaVJnNmx6dDNUMDB0dXN0cUJ4WUlrWW03WDExeVFCR1FuRV85d19MWXJKcDJ3Zkp4T1A0RWZXVWpLdFFmMDRXQWtPajJRY3JSTHFLR3oxcw?oc=5,infobae.com,es,2026-09-25T07:00:00Z,,2026-10-07T18:21:04Z,,gnews:logistica_canal|gnews:eventos_naturales|gnews:servicios_publicos,titular/metadatos,
GN-5a71e911bc,La Fundación Barça presenta en Panamá sus alianzas con la OPS y ONU Mujeres para mejorar la salud y promover la igualdad de género,https://news.google.com/rss/articles/CBMixAFBVV95cUxOdGx3Znk3aHhMVVJ5MFd1ZTYyejBxY0ZoUDB3YV94SjJ5WFBQazQ2c2NuYW54T3lrOURvbllucW1Kb0t0aWVWc0ppM21nRzJ4dDVVeFFDWEFTd3pWTk15bTRBNVQzVjBTR044MF9ZZXFHZkhxaGhnUWh5OFpmVjllX0ZPOElmUGdvS2lTTVJGYk9IcWQ5ZFJDSHo3eVNYZmJJMjFZamNud3JINXk4YXZQYkhLRExGRWdVRS15N3ZVU3FtMFVV?oc=5,lac.unwomen.org,es,2026-10-02T12:00:00Z,,2026-10-07T18:21:04Z,,gnews:general,titular/metadatos,
GN-5ac9da0314,Panamá Sin Fugas llega a Panamá Norte: IDAAN atenderá fugas en Alcalde Díaz y Caimitillo,https://news.google.com/rss/articles/CBMiwgFBVV95cUxNRHc2U2FwM2p2WFhIMjk4UzhYN3pmeG1MUlRBVUJvYnd4cGlVd0pfc2ptRDJJRU40eExQMmRBTm9MSTh1bm0tN01iR2hVeTVQa3FIaHZfaEZQdDFHNDBmYzIySERrbEFlYW5qMjhoYzI2ZXV0d2pqeGJFbG5YeUx3YXZuTUJtYmFKam9aS0hFN3NEQ1E5UXlGeEtCbkJuRDF1T01Md3N4VnlEVTdqMHR5ZHRDMGUyaUY5NXVWLUdrQmVOQdIBxwFBVV95cUxPbHp2VFFsUkt0RGpnaUYxbmROR0ZUQmZmYVlSLVJ5eFhzeE9KdURESzZ3Z1JPRkZoOUlwWTRxVFVtemc4b3FxTnN5WmJaWXJqT2sydGM0SlE5N0dScjJUcGVzWEx2SDFremRpR2FhemZ2Q2FhUl9BR1k4eEJiSFhaOXVuYVh4RU90dlNPLUc4eUJCQWlieURrWExKTlZZVVB1RXNDNHdpQmZWdVZlOXdxMUREbmIxbE5fVFlPM3RlcXl2WFZJT180?oc=5,telemetro.com,es,2026-09-25T07:00:00Z,,2026-10-07T18:21:04Z,,gnews:servicios_publicos,titular/metadatos,
GN-5b0498a2aa,Metro de Panamá: Línea 1 queda temporalmente fuera de servicio por mantenimiento eléctrico,https://news.google.com/rss/articles/CBMiwwFBVV95cUxNdmVFQkhPbk10bkhWSU5YZkFLcWJlWUpCdzh1YXRhRlVmSGV4d0pzYTNZM24xUDNUWXR4cE84b3FFd0V0UWhlbHlFWk5zX1lRNTAyZmpKLTV5VUthZkxHSTlHU1RBQXA1TDRjX0djWW1zYzZWS1VMYWcxNlpSV013YXB5dlE0OVZINm01WWV0QkN1Yk4xa2FqcnVIcFlVbExPTTU1cHVNZGdTektsSWxSTEJPYjhma1psaDVFV2I0MXVETFHSAcgBQVVfeXFMUDhNcGNkdm10VGprOG5Ca0V1WElYeWs0SFU2V095TDN4cjA1c0tOWldWUnJFNy1TdHNDS1kta1gxSlQzeVhmczdYZFNVVFIxaXotbGdrQl9ndEYzZDlyS0dnT0YycW9CQzVFcjdJamJWWVJsMHItTnkteHBFaVgtdEcxTm9qUmZibi1tMy1zTE05ZHdfLTBCVV9TN0h3UWhNVm1WdmMzZ0I4SVUzc2lvdzRyRmlqUGw5SzFndzltT1RCLVQ5VnBCNmc?oc=5,telemetro.com,es,2026-09-16T07:00:00Z,,2026-10-07T18:21:04Z,,gnews:servicios_publicos,titular/metadatos,
GN-5b19a8aad7,¿Busca empleo? Estas son las vacantes disponibles actualmente en Panamá,https://news.google.com/rss/articles/CBMisgFBVV95cUxQZFlNc09BeXpPRXZ4NmNyelVna1lfb1BHdUkzaE1PZ0tvN0V5YUx6VXYwZHZadTVkMnlURU5jdmdlSU83VGdzZmRDLXZqMFRUTFNNandBQmF1NFU5bXM0VkRfRU5ZendjVWVscFlYbUxaOUd2VGVWcTRPZG5nUG5fOTl0azZld3VaWFpXTUVvbUhuNXgwUDNvb2tzc0R3MGxLZDZoSm5FbjVKVXF4Nzgwc2FB0gG3AUFVX3lxTE15TjlwcnlkUUx5bHczb0tyaXNGZXhWbFhOVmxzejlkaDVvZFhFNkF5cEJrTm1UMUhPa1VIYnFzbkRWQ20xcXR3b1UtaU9KWVdZeUtxRGpYWHVEMUFpMUVJbzRXYzVlZTlDY0FibFA4dEMxNkpvRWYybmdXUFdrQ2xVWm16Q2FobEx3VkVUN0tYZHVEMGtJM1hEUU4wN1NUaE56a3pzQzRaX0NER19WcUlzZndGRGFUcw?oc=5,telemetro.com,es,2026-09-28T16:07:00Z,,2026-10-07T18:21:04Z,,gnews:economia,titular/metadatos,
GN-5b1b9ccdbd,Jóvenes en Panamá encuentran una oportunidad en plena crisis de empleo,https://news.google.com/rss/articles/CBMirAFBVV95cUxPc21KdE8xbGNyVG5xajdMdTQybFBJQlR6UWh6ZmNVN3V2RjFyN08yZi02akRxSXUwam9lTENjRzlzN2dzRnlyQmc4bTl6X0FNMVlGeHlYRVRaSEJNWl9kYU5KUWJBbXFlUkN4RnB1S3hOUkpFM1llM3VBbjNYanEySGMxdmswT1JKcDV5MndmbnQ0ZTh0dV9fZHphYnZMZzFtelpPTUhnM0dPSHJl?oc=5,abc.es,es,2026-09-16T07:00:00Z,,2026-10-07T18:21:04Z,,gnews:economia,titular/metadatos,
GN-5b31443240,Reforma fiscal excluye al Fondo de Ahorro y fija meta de deuda en 50 % del PIB para 2026–2036,https://news.google.com/rss/articles/CBMi2AFBVV95cUxNTjFGRkRXSzQ5WWU0OVV6aGRGdHA0S3BzY3VxMHd1ZnJYQVRtc0JZdGdYbERVcGZuMVJabVlqWXd0RG1YV0h1QnFka3ROUnh2WHhXSnR4XzZ5RzR4cm1rNE9tQlphR2hSTlByZzFPenBPbk5WMXRkNUtuRzlMSHhPazhvRVFSLUJVSE5xRTdGaS00UFNUX0N3VWZXeldYYjdnaUlsMzcyWmU0OTdoRmJ5YTlmYjVQTUNWLWJWajE4X0tfU0hIOU9nWHdlTC1nRGpIc0VEb083X0_SAd4BQVVfeXFMUFRvVUM0WmxuQkNwcWhyQUVoUm9vN0dhaUZnNDJuWFQwVTJpQ3RuMVozd3huOVRnbU1FNjk3UWlBd29sdC0yNWJSNUs2SVpQNW1RajBSb05LMEh0M1ZQaFJYSUxsdURpNzQ5V0NwVHREVlE1Z1M2ZkVQMWNkRnJMUE84YTlQclJwUnQ5RjZtOFNXQ3IzTTNiUFBZcElkZ3RkeVd1UHBaTkJ2cnRSd0JLYklqS2Z0Z0dCYjc5YkVWOVExNWYyaTVGLWRzX2dOLVFqZktfa05aaHU2YmU3SU9R?oc=5,laestrella.com.pa,es,2026-10-02T18:38:00Z,,2026-10-07T18:21:04Z,,gnews:regulacion,titular/metadatos,
GN-5b56e1627b,Gobierno Panamá recomienda se inicie cierre ordenado de mina que era operada por First Quantum: ministro,https://news.google.com/rss/articles/CBMipAFBVV95cUxNck5mNzBoZ2tDYU9zSWJNbVo3WlAxdFBTWHg2WkJ5anJBcVNSWDVGS3ZxenFzRE9HV3RDRk9MX0N5U0F6Z29ySG1XUnl4aGhiazk2bG4tWWJEMXJWZDRXUlVZbFJMc25BWkZ6RW43WktiUU1VRFdzblI2YnBCbXI0TU1BYnhXd1dLSnlwZU1jNFpfRFUwU3FGemw5eDZRR05uUHpWbg?oc=5,es-us.finanzas.yahoo.com,es,2026-09-30T13:51:57Z,,2026-10-07T18:21:04Z,,gnews:general,titular/metadatos,
GN-5b635b0876,"Panamá registra más empleo en 2026, según el INEC",https://news.google.com/rss/articles/CBMilgFBVV95cUxQc09xdHZzdmJ0Wi01TEZVX0lIeXVCOGdIVWZmczlyc1R2cDI4cUt5cUs1UmVJRG5LOWJ2bl9mbklUclVUeklYWGxFa3hSOEJMVFd6YjVUUmJKTldnSC1XenZ1Vk15dDZ3OEJDcEtRMm9LYVZyV3pkaVdJMHlpVm51RkdpWEV0OEIzWlIzY2sxd1BEUUtwY1HSAZsBQVVfeXFMUEJOTTRxY0NZenRRRmZybl9NU2JiQWVyV0ZPZ3FfR2thdHVDQWdaMEFmbG9JcE1fQzhtdXpCbkdqVG4tcDRHZ0l3Q1hIelllb2l5SHMzWXNBWGZaZFBYU2R2cDZoMUVvbzBCdVhuRzVqX3oxYUNLbV9xVWh1NE9naXFnc3czSmhZX3RHU0Q5YlVORFE2YndOOWxhak0?oc=5,telemetro.com,es,2026-09-29T07:00:00Z,,2026-10-07T18:21:04Z,,gnews:economia,titular/metadatos,
GN-5ba935da7c,Comisión de la Mujer recibe informe del proyecto de ley de adopciones en Panamá,https://news.google.com/rss/articles/CBMinAFBVV95cUxOY0JidlRuZzR4bVFTUldiOWJfeFhJejdmLUE2TEN3a0lTZUNhV0VoZkZpMHJRTlFOZC1LVVhSaV9jV3B1bW9MWDh1REZlUHRvTFB5Q0xnM1hwWXVxU1NNQ3lZc3FpUHFDQ05ZczBDMjRQZGg1WkFFempMY1gwcVJvZUlIMTNONk0tNkJvMTYwVVl3MU1zWWRUeV9LR2Y?oc=5,panama24horas.com.pa,es,2026-09-30T00:37:35Z,,2026-10-07T18:21:04Z,,gnews:regulacion,titular/metadatos,
GN-5c05e8d140,Cancillería de Panamá presenta proyecto para ingresar a la Agencia Latinoamericana del Espacio,https://news.google.com/rss/articles/CBMiygFBVV95cUxQcVFSTC1IM1JjNTZ4YU04WW9mOV83cVFKT1J4RlZSM013ODI0TE9IU3ZvTmlvb0E1UzhSQkNsSjMwRUhHSmpRdFpwMU5SSXdsLUdfUUlOaGhBTGpXWm4tdU5OZ1F4dE9PWUZKaGxhNVdVdVdpbWVJS3JHM2hxazFzRVF0MGVHQ3paT2Y1Tzg5ZWxuS0dIa2VKbUhkZDVZV2lJOGFmbDVTcUxfNHdCVjc1ejltRmxISFF5MjlvS2k4Z25YM2p4QllKTkhB0gHPAUFVX3lxTE40ZlpLOUs0VWx4S1A3RXptTFlNbzNoYmpuMEEzaE9XTy0tMTQ2b3lKN184WU1yUDBqMEdaM1hNclhHcVUwTW1uTnJCRmhrQzJ5UjJrU3FHUENIUUFfUHg1cDc1RlQ2di1pNi1yN2pOaDB0c1hwcVB5YkFIOWgtVjRVYTR6b2JDblEwYi0yanp5Z0N3WVJ6aXF2ZU1lczVRSDQzNW56VnM1cThFZmlYdkc2ODZ5b0VYcjk1ZWFvV2QtME1rU3h2dlhoZmxKQ0xmUQ?oc=5,telemetro.com,es,2026-10-01T16:24:00Z,,2026-10-07T18:21:04Z,,gnews:regulacion,titular/metadatos,
GN-5cb7d98efb,Lluvias y tormentas esta tarde: ¿Dónde se concentrarán los aguaceros más fuertes?,https://news.google.com/rss/articles/CBMiwgFBVV95cUxNYkNRU0RDUVpYVTRYUmVKTmZKMThpb19UTnVjcDJwajNKVGM5Mk5Ob29VLXMzSDNHWnBvdEVIZTVWWmxvMU11dzBLTXVDMTVRQzVrb0RybVkxQnlqa3YtUE9iTHJPX3FpTDM5X2tHRGhsTTJJbnMzLS16czZ2cy15cVJ0a1hCMC05NnRuYXZCZEhTaS02WjAxYXlnTVA2UmdVTWE4bEUtbV9TRGx4eFJCa0NoUWYzcmZZRnoydlhYMkhfZ9IBxwFBVV95cUxPM2dWT3NKZlNaQXZNMHJDcjlYcm9JSl81TkN5V0JNSmVwRWh2WThSOElIVlphUFNUZU92VXFCY29Lc2d2QmVNWUtOVVFKYlZWN2dQWV9Lc3JsR3lPUEZyWDl5NXhrR0dFV0RrUC1YTm85aTdnX2d2eTlFUTJsVVNtd0ZpcGZfdzA3REx3VHpZQXlFNS1MckRGUjloWkw5bTZOakN4MEc3VE9vbW04dHVaLUJCSExQajBfWWU5WjRPTE15Y01aakxZ?oc=5,telemetro.com,es,2026-10-01T16:41:00Z,,2026-10-07T18:21:04Z,,gnews:eventos_naturales,titular/metadatos,
GN-5ce09c2c49,Estrés hídrico y contaminación amenazan la seguridad del agua en Panamá,https://news.google.com/rss/articles/CBMivwFBVV95cUxNZzd0ODZWSXNWdFFUNXZxRUwtd19vQVBVbDFnU1JVVXBXQnpOcnVZUF9EQXlqRHJOS1MydmNCV2dMM3ZBM0VLbV83em5GM04yV0wzN2hYTGVxYzFkSkpUSmdIMTVRR1pVVEk2UV95RWhHV2l2SVpTVWtiNlJ6YTQ2Y3IwREFub1BUbHBBakRMME53aUVwdWg3OTRmQnRHOGRjak9aUFZSVTZaUm1MbVdTbm5OU0hjdVhTelVOM1FfSQ?oc=5,tvn-2.com,es,2026-09-24T17:31:45Z,,2026-10-07T18:21:04Z,,gnews:servicios_publicos,titular/metadatos,
GN-5d2188e062,¿Hay esperanza para México tras los juegos en Panamá y Bolivia?,https://news.google.com/rss/articles/CBMipAFBVV95cUxPTUJzZWtrRkI3bTBNbUhveWpxdmhXMnFyRzlSMVhmckNKcGVEckpvRDZBQ2tMMmlRYlo5bUpCeWttQ1dLRTIwLTdyTml3SDRpOC1aNk1vXzVxMnFHbG5rWlhXLXpZTEtIYU0tT2ZYNVBSbDFVYzlmUkNGLUwtMHJXaDZnVUxSZURqWExxV2JOWW5xTE44MkNMbDRIN014M3RXemRtZA?oc=5,tudn.com,es,2026-09-08T07:00:00Z,,2026-10-07T18:21:04Z,,gnews:general,titular/metadatos,
GN-5e3132341f,Canal de Panamá analiza nuevas restricciones ante la falta de lluvias y el fenómeno de El Niño,https://news.google.com/rss/articles/CBMivAFBVV95cUxNb3JTQUN4cHNYRjI5UVQyeWZ5OWdVeDZZaFZBNjk3dHdBMnNMeDhKSngtUjZuZ0NnZ2d3VG9kcHZMLTQ4SEtLREVSUzdNTE80cmZHZ29sOWFYQzJWdHlQVXJGTHlmTUhHQlBDaEdmZmV3T2pzV2tna0RIeTg0MVRlRk42VkpBMEtMVC1VSXJQVGpLSHJKTE9PTnVGbTdmTlR6cjM5NVBpM1VSQ0hMZXViVzFhYkttNUlEeFh4bg?oc=5,tn8.ni,es,2026-09-08T07:00:00Z,,2026-10-07T18:21:04Z,,gnews:eventos_naturales|gnews:servicios_publicos,titular/metadatos,
GN-5e3f1a6065,Presidente Mulino viaja a Nueva York para la Asamblea General de la ONU: esta será su agenda,https://news.google.com/rss/articles/CBMixgFBVV95cUxNN0RyQTBFUG9MUExpRWkxNVFjNTJuNE1jZ0ItUVVkRzlPUGZ1bjNWQlduaGF4WVVFenYtbGY0THJMbVFwdlk0THAxZE9acG85RUlsdjcwdEpvU3N4aVFPYjRrOFozWFZMal9jdE1rR19pUWtRY2tWeUhLMUFjVFlxb2pWNHNBT1hZZjBQRy04dHdWS0hpQWdDNmZWLVpwWkRub3dyNUF3TGxkU2Z4MjlFYzhiSjhidVV6WmRzWTNoa0l4MVFycnfSAcsBQVVfeXFMT090bDZIM0lJV2FQa1VOdTZJandUaXJ6T0JiYkdXRWxrYWtpSWdzNTl2WU9ndnFnSHI4QlhfVHR6eUludXdEcHlhYmtrdXg4dGRyUmhBLXhQSEpCMjdiUDhfV1k0TWpTXzBZcGt1WUZ1Zml5Mk13SUJrX1g1RV9WTC1aakZLbzJ2dVVBSF9UaERKWWFHNlk5TmVMODRaZXlmTFNNRXE5TTZvVUlSLVlhUFN1eVZrd1RXcXZmb0Y3SG1GQWpZUWU0cGZna2M?oc=5,telemetro.com,es,2026-09-18T07:00:00Z,,2026-10-07T18:21:04Z,,gnews:regulacion,titular/metadatos,
GN-5e54f4120e,El Primer Ministro y el Presidente de la Asamblea Nacional se reunieron con el Presidente de Panamá.,https://news.google.com/rss/articles/CBMiiwFBVV95cUxOMnRYLUhPN0psUkZuRkVRUFRsb3NnZkxRd2pxSlNXMjAxV01VTUJncUVnRmpncnp6eWdkVVRFbjgxbTgtYXBFVTRrZjNRT2hwMTY3dDNGd2pNb1NERHNQc0d1Qm9NX0VyVkVZRFRJLWNJNm9LUzgzNG8yUHJHMk1ocHptZUdmTlZZeVp3?oc=5,vietnam.vn,es,2026-10-07T14:30:06Z,,2026-10-07T18:21:04Z,,gnews:general|gnews:regulacion,titular/metadatos,
GN-5f649c4a3b,Metro de Panamá y Doppelmayr firman contrato para construir el Teleférico de Panamá y San Miguelito,https://news.google.com/rss/articles/CBMi7AFBVV95cUxPRVlYVE03NUR0ZTBSb1E0aEVNNmJIRWw2V1BWblhBdmhLT0QwUUVOaFQ3ai1ieXFNVHlqeXl6M1VWS19qb3ZGSHFHTnV1VzAyLUtubUF3TmN1ZldBYWl5SkJ0a0wtenVkZTRjUTN1Vk1NVlBhdmZGd19nZV9fZ1dYLUhac1BDVG91UHl2aVZpU3RBTUM5eGd4TVczTDNTVzNpX3Z6ZWtKRnEyVHRrZDFVSkNiVExWNGxmOC0zVktqVEdHNTk5SzFyeHIzM3BBd0RQazhDOGIxTEJ0NkMwX2hTMjEtNjFRd0xKVGgxZNIB8gFBVV95cUxNZjI1VFJ2MFFDQ0FRb0xzLUtfNVpZNVEyNnlzd2x5Q2VIVGZjSkJPUE1ORkJURXpUc3p1a3Vvd25xYXVQM2V5RlRHRktGd255b0F4dF9ZbXA2dTdweUVPTkpDaGRWR1VMTUFYZW85V3dyUE82Z2RGR1RTU0UtSy1Pb242anB2ZDAxbkpWcm0xN081SUhYMXoyZC1RSUVMNDloZk8zUEhBdmRRazFYMUNhQm5yNjk5UVd4VE8xMC00RklHQXpqRjhuRmNVY3BUeEREVTBUeF9hOEtwSTVKS2QxeVl6Q1Vyb0FtQ1diYWN6NnQ1UQ?oc=5,laestrella.com.pa,es,2026-09-28T07:00:00Z,,2026-10-07T18:21:04Z,,gnews:servicios_publicos,titular/metadatos,
GN-5f75501b51,Mulino viajará a Nueva York para participar en la Asamblea General de la ONU y reunirse con Benjamín Netanyahu,https://news.google.com/rss/articles/CBMiyAFBVV95cUxPTXdFYXBLZnV3MFlHaW1nU0NGbjIyMjNpYkZzRmFhd3RJSHpkaWxBRDZUQWZkNndLQm91VVZXUGZKekdsOG5JLVZXUmNFZEJUUmdBRDZ1WUxSbkpHX1ZGcUhpQWUyMHRtS1lVYkRZamtMNXAyM21BSWltTEMzMkd1RTBwMUJmMlBjTlBjeFhpeEdsRkx4ZS1iRzRxSURoc2gtZS05emgwczNCV2xhR3diRzYteDZocGFiNW5lVVl4LTBhYV9rNEQtOdIBzgFBVV95cUxONjJfbGRzM2NfT3hMVWlWUFFsMU1wWEhIclYyckNLSEtxc0tLbEVIdWloV1JKODZ1Njk2RjZFRmtDM3VDa2NvYWtlWkF0cWg4dVVoZmFSay12eDhSc2Y3ajB3bWZpUUhxTzVRc1duTTVqbkc1cTUwR3ZoU0lXU2szU0toM2RYYTBBalMyZmlhOXd6M2ZRQmtVc3EwU2F6UTZzaHlxejI3T1lvZjV5WEhRYkphR3VXcHJIb3E0Mm5WNk1vcjN4YnpCLWtVTjV5Zw?oc=5,tvn-2.com,es,2026-09-18T07:00:00Z,,2026-10-07T18:21:04Z,,gnews:regulacion,titular/metadatos,
GN-5f861d6111,"Las claves del día: lluvias, salud, transporte y seguridad en Panamá",https://news.google.com/rss/articles/CBMivwFBVV95cUxNTHZQUlZxMWQxT2VxelZhNFVUYkVuZ09jVzBTZjNGY0pwYlMteDY4em45VGZRRjdISFdLRklucHU3LUZJVzNfZXdpY2ZoWGhpM0RSUkpqMkh1SHhIUXRwRngxa2pzdzNvMFlBYXpiTU5ZSklZZGtGTVdHZHpOejNZaTRfdDUtaENOd3VPRmNOSDdwX1lKbm9JSTFrRFhUTUNQczAwVHlUb1JTZUZNUmcxOVN4MUU4RENmdE1lTDZQRdIBxAFBVV95cUxNRVByN1YxbXRRbGEtNjJ3WkoxY1l1S0JiTzNKWTRKVVYwN2lIV09uRUcwckFaMmtFZHI5SWVSbHdUT1E3Rk92UWpWNmZtbG16R0NGeEZVLVZYWnY4R2xBYkxXa0pSYkdzZVZVU2hpWWpsMUJObWtZNVJHM3pRTE9TRzEyMVRfaXpDMHQyR3QtQ3pQZzVFVFhWcF9pbmc1NFB1MUdLcXdsaG8zVHhiU1FlOHdEckVhSzdFT1dtSXB5eEd4NG9H?oc=5,laestrella.com.pa,es,2026-09-30T07:00:00Z,,2026-10-07T18:21:04Z,,gnews:eventos_naturales,titular/metadatos,
GN-6075510a2e,Cómo funciona el Canal de Panamá y por qué se está quedando sin agua,https://news.google.com/rss/articles/CBMicEFVX3lxTE1SLUlQeHhLX05kQ3lhS2tFNTY1NjVzUWFaZEgzd1lSaDk3TzE3eXVsR1lnazhURUZ2VDUwN0d1SDU2bHFHbXhEZTc5dVdxV1BrRFRocHVOOWdYeERUa0wyOEN0cmNRdTdnTGxvaGVXQVTSAXZBVV95cUxQQVBfWFBBTnBYZnBCeUxRclEyTjBrbVZNUHQxQTZGdEJIa0xuYTVKdnVXV25SNmFNWmRPSmY4TVBVTHJzNTFzejFsRUd4dTJ1WDN4amdIR01IRzRkQVpkOS01UUJPd0QtcHVEQk9udkE5NU5wbW93?oc=5,remolacha.net,es,2026-09-17T07:00:00Z,,2026-10-07T18:21:04Z,,gnews:servicios_publicos,titular/metadatos,
GN-612f1fc820,El agua que sostiene la economía de Panamá está bajo presión,https://news.google.com/rss/articles/CBMirwFBVV95cUxOa0ZwN3MwSms4NWZva3c3TmNMV21mTWo2YmFtc1N5T0hnVUI4SC15NmxIS3A1UDNZQXBBaUVBYWVqc3lhTlNPX2c4WUs5WDA0U2hDckxVR1c0TzhySEx1MXR2OXF0TkZQMFVCeU8xY01ka1ZaUFlJbVhYc2lWdjAtdmdqUlBXMXJkaC1DczF0eFE0ZUlKUVhqdk1ZRWhqdE52VDlmMkhQN1JZVjRZZXBz0gG0AUFVX3lxTFBRbFhBLVZranN3ME9zQTFDRVRQOW9HaEpvTzhsRWg5ZWxNUE5xTWw0ZTZqbDFQeGl4ME81WVNzM3oyZnF5VU82RGp4U2g4WEJJQzR0Ukc2X3ZYUDRMeVdKQlNYR3hRdUs2M2k0X2RXNnRpWjg2TE0zaWd6SDFWSk92SzhveWpucS1DMmU5UjQzTVUwNFFweU5DSG9VaG5JckRZdWpnYWNWeng1b1NIOVdmejdiOQ?oc=5,laestrella.com.pa,es,2026-10-05T05:00:00Z,,2026-10-07T18:21:04Z,,gnews:economia|gnews:servicios_publicos,titular/metadatos,
GN-6144cbeff1,Clima en Panamá: Lluvias y tormentas en varios sectores del país durante este miércoles,https://news.google.com/rss/articles/CBMioAFBVV95cUxQY1l3alZaQmpUTkdHV0JCM2tzYzBUVXE5M28xWlI4ZDNSdlZzM2VqTk9ENC11ckl1VDhVQmd1QjRTVnBuVnpnVzZ3dTNJcHFyTEMzVFdvR016QmE4RzNsV2NtLTlySzlyNWV1UlhVbVJUOEsyUHplbEliQ21KNThHSTk0TnlUWUtBeXljbUxkQ2hUa2E4ejhacFdQTTNFQ0h60gGmAUFVX3lxTFBBUlh6UXZBV0hkdHA1WG9rN1VKWDhJNDJSYVZzdGZWUHFJZl9DVTllSm9NaTFNUFAtT0lFb0dnblZ1amptUmlmem9jVWVacEdXd3JhV3h3bGtibHJIMTU3QlZKUjlOZWJXRDVtNjRrbjI2RTZ5MS15QXhJVXVaRS1CTmIyWXBCdDJkR25OdHB0SzVVY1c4RjhOcGdSMVBQdWdNUG1ITGc?oc=5,tvn-2.com,es,2026-10-07T11:24:59Z,,2026-10-07T18:21:04Z,,gnews:eventos_naturales,titular/metadatos,
GN-61689ade96,Directo a... Ciudad de Panamá y el plan estructural para controlar la sequía en el Canal,https://news.google.com/rss/articles/CBMi1AFBVV95cUxOeGxsMWc3Z0V1RmZUY0NnQlhhaW5oeFhqUF8wUmdzMDN6RzRSV3F0ME1PVHJMUjFQdkhBQXNGS2JabzVrTkk4WHZoak0xaldYVFVkR0hadXFoTk5obkpwYk1EN2pQTkx3M29HTTE3SmZNY3VxbEo0cWUycGQwY0ZMcWFWd1YwdnlrRHJ0cnN0Z3NYamRrT2s2RkdpQXlOY1NmTlVIeXZOcVhKVUZTdjZLOVNkUXI4NG91ZlZkc1pXVEFOSkNJNkxGclc0dnVuaXhiN3RsTw?oc=5,france24.com,es,2026-09-08T07:00:00Z,,2026-10-07T18:21:04Z,,gnews:general|gnews:logistica_canal,titular/metadatos,
GN-61a04110d9,Vandalizan estación del IDAAN en Panamá Norte: cortaron cables y dañaron equipos,https://news.google.com/rss/articles/CBMivwFBVV95cUxQUklUenNpN2J5UVloSkMyTDA5RE52VE01cEZ4U29HdklER1o2ZzkwZ0xYdjk0eVdYTFpKMEZhSWx5dFVkS2NBLUd2QVdWSEt3RHlSbUlYRjI1ODhMNnQzM29lSlNOQ1pwQjJxSEpfaTdRLTBVS1hzVUhxV28ta2ZJTXlWM2hBWjROcGJUU1BESzNTdDZ6anR0VlhZNlR3dGhnaHdaSGlwQWYxdHE4aTJ3UjlWc0lyTk8wTUdRV2hBNNIBxAFBVV95cUxNR3ZQcWtYQ1gxZEdsbFJadTdRTkowcW5tZFBaZmNSWmVRNUJSRHl2elpzVWdheG9iQVFVcTQ3SmVXUTBvM1YzRko0bTJNN3k1cHM2clJwbjNhX3VtSW5SNU1DRlR0UWtEbFF4VUgzM05vM1loSWMxdnJwMjMtSkcxUUdVbEs0bVBUM2RldFg0TkU4TlAyUG1WdlNzOS1tcmVvVF9MMTZ3N2E4ZGp0a3A5QTUxVEEyYUMxYnhfY1JxQmQ3QWty?oc=5,telemetro.com,es,2026-09-28T07:00:00Z,,2026-10-07T18:21:04Z,,gnews:servicios_publicos,titular/metadatos,
GN-61abde49f8,Canal de Panamá recibe reconocimientos en Merco Empresas Panamá 2026,https://news.google.com/rss/articles/CBMilAFBVV95cUxQQXdrYkZBSk9hNmhZUG9nZEhZcTduSXJFU2poSktvWUpOak0wUnZ0UzMwUXV5ZzBNQmJIYXRTbUNwLXJTMWtmYXAzVVVmMGhHZm5BMHZpZENmU2hGVTRVeUZHaElXZXF3OTQ5cWkxalVVQTU3Z0RLMXhhUUtCWUpyZUNyTUFhR3pBZlMzUVZscndVcDBN?oc=5,pancanal.com,es,2026-10-03T01:29:53Z,,2026-10-07T18:21:04Z,,gnews:general|gnews:logistica_canal,titular/metadatos,
GN-61dd47de59,Emiten aviso por lluvias y tormentas significativas en todo Panamá debido a la onda tropical 44,https://news.google.com/rss/articles/CBMiuAFBVV95cUxQMWFtWWp2Nk5iUjdxd2F5bUVNaGNYME1PS2tIVUZ2eUJVbzhlcktQbHlkOHZBZHpWV0gyYzRfQlczSUlOekNiN2hxak9rVWtDaGp4dGhCQjUwbGFoU3JDVERZTGZaZ1R2Z2V3XzRfd1R2UnFzSU5VZ1VoRjZJZVN5a0dLTHAxNml4b2F0dXJZOWRHX1ZUQjFwM2VWMnhvRUpXVW5GaTlmdFdnZl9XSEVGMHZnU0lKSFZj0gG-AUFVX3lxTFBKcWM4Y2tKeXFnbktlSGZYNkFoV1dZQldENlBlbUJwRVp0ZkZ4bmRzR0x1Umo5dGIxaVNWVVo5QTNpWFI5TlpTMUV5ZmR1cUJrUHowc2dWU0NmMHA4ZkhBaXRsMy0wcF8yRE1Db2NwNU04cVpoQjVCRnQxZy1pYWlWRlFKU3JzWUxPcndUZFBGNWZFODg4QS12MkRReXNCMXIwTlRzcGhFbWx2X19rNHNxWkpMRHFnNUdkVkRsdVE?oc=5,tvn-2.com,es,2026-09-08T07:00:00Z,,2026-10-07T18:21:04Z,,gnews:eventos_naturales,titular/metadatos,
GN-61ea47e290,Limpian rampa del Panamá Soberana tras acumulación de basura arrastrada por las lluvias,https://news.google.com/rss/articles/CBMikgFBVV95cUxPZXpyMktXVXo3bXhqNWxhYWtFdjQ5SXFzbGFUMHp0YnE4TnJXeXRiS2VYVlVoYk5CXzRDbDlkcEJudlI4d0dOblNSNUpJMTBqcTE4RVVELWJDOUhGZ09ObmdBZmZUUXo5ZzY0VDVSNGw2ZE5yQXRFSlRfWmNVWVF4ZW1WMTVCdy1jVUdyemxSLV93QQ?oc=5,radioabcstereo.com,es,2026-09-29T02:21:39Z,,2026-10-07T18:21:04Z,,gnews:eventos_naturales,titular/metadatos,
GN-6206444104,Sin agua potable en Panamá Oeste: estas comunidades podrían verse afectadas por falla en Laguna Alta,https://news.google.com/rss/articles/CBMi0AFBVV95cUxOVlpsb09KenNrSXNSZGc5MDdnRXk4TGFxWmNwRi1lSFAtbDJIbUxfYW9lNUIxTjAxVkJ2WFdLQ2x0ZkFlZGZVdWJrU2x0R3ptdkppVlpROEROOXZTNGZJWUwzOXhVcGQtZ0p5UnJwd2dPd2FEenJINXlZUWxGTDc4bUh5NlNhV2FGUWNxVjlVTlE3ZUZhMHFHd3VNVWZxWWQwNlhEQ1VESTJKMk1rYlRGMW16SVJSY2o4dFVLZlNtcFB0eFpyS2I0clhrUmUtckJG0gHWAUFVX3lxTE9KbXQ1S0VBZlpod00yWm1pUzhJMUlUcnM2ZkJxSXlUSi15U2k4STZnbnd3QXJFeTNwbzZncHd6dm9NZ1RYMko5Z1kxamsxbVd4RzlZS2Y3MGZYaEw2cFpOMXgzNWxzNzJ3cTU2Y3I1WFBKemtMX3BkWjJ2TlZPeUVYZVlsLXZxd2RQWkM2ZF9ZbmlvRnp0OExmNU5MYmotY3UteXJXMXpVWXpSVU04Sk8zb2JnYzdRamdNRGNWeUloQS1ZdDlpZ3BPcEg4bFRoMDcyQWRFaWc?oc=5,telemetro.com,es,2026-09-08T07:00:00Z,,2026-10-07T18:21:04Z,,gnews:servicios_publicos,titular/metadatos,
GN-6209254342,Avistamiento de ballenas impulsa el turismo en Pedasí,https://news.google.com/rss/articles/CBMiowFBVV95cUxOaGFwTWJ2OUZ4dlNHUW92dUo1R1VzT0F6WTBxX0JSb1RzVkJkd3dRR0d5bkpRY2xNTm84NzhZOGNYUVc2NEtGMW1HNW5KT1dSLWZRbFA0dkVpU1k0eEloOF8tSUFCNVNtWHczZGd3YlVpU1B4OEdIemdwNld2Mk9uaDFJR1BUZWU3TXFCbE9nMjg4X2Q0Y09EZGM1MmdRU0N5TlAw?oc=5,tvn-2.com,es,2026-09-09T07:00:00Z,,2026-10-07T18:21:04Z,,gnews:turismo,titular/metadatos,
GN-62533f096b,Proyecto sobre electricidad: ¿cómo podría afectar a los usuarios en Panamá?,https://news.google.com/rss/articles/CBMiqwFBVV95cUxNYUVCVHYyOVVlYXlWRzZoVnVSRE5BQ3R0VXFlR3lrTGE0OEk2ejRnZFFIUlJCSlg4eG0xLV9CZUVYVTQtdVFNM1ZOajRYNzl2d29VWllZMUVVcU1ybF9qSGJ4Y2pRaE5jcW80NGFjeFhLcnA1X3BrUGdUdnhoMzEtejRaNEstQ29kbXZLWVdHRFlXZkY2bkxYOHN5WDZRZ3Rhc00yWkVGUjVIZ03SAbABQVVfeXFMTnltaHg2ZlhHMWtGQUxTWFBqZHQyTWFqTjg4c0FtR0JRSFBCdGpFZ2xhRW44azdYWTd1ajMtVXZqQ3JRMmplaXZpeWUyQnFkTnFiUFctQ3NidzIwcVhQV0VlbU5SaURhempfQjBUT05JSHh6c2w4am5lNlVBWVJxbkJWUGt2cE1zc3VSSXZpUHdvX1EyOEltZzhiemZrTDBIVE92MENkTHlhQ29oLVZVRnY?oc=5,telemetro.com,es,2026-09-10T07:00:00Z,,2026-10-07T18:21:04Z,,gnews:servicios_publicos|gnews:regulacion,titular/metadatos,
GN-637277abd3,"El Magdalena llevará su oferta de turismo Argentina, Chile y Panamá",https://news.google.com/rss/articles/CBMivAFBVV95cUxOZlM0QmtteWQtWXd0LVZlOU5RV2kzdGFJaFc4WGJpTHZVZVpWaVI1U0R6bjVNTHF6OVBSTExaRlZ6NW1fdGJibGhLWTVCRHp5S2t6WnVaNWlvQ1R5MG5NLTBvdlF4UmVpMkg1YXBFVnNEY2YxeklBUDFkWjcxTE5SMXhNU0Z1N09aUENXeTRyM2MwZUxrOGhGXzBTQUJ3TlN3cGF4RG5JU0pfYzNZLU11NEpycWdmRHNBeWRXQg?oc=5,hoydiariodelmagdalena.com.co,es,2026-09-28T00:15:00Z,,2026-10-07T18:21:04Z,,gnews:turismo,titular/metadatos,
GN-639f95bbb8,Clima en Panamá: Pronostican aguaceros con tormentas eléctricas y ráfagas de viento para este viernes,https://news.google.com/rss/articles/CBMilwFBVV95cUxPcGthalhyWWp3ZUp4X1M2cS1zN2VVSzcwVW9ucU4wY3ZZa2did0NPVVZsQ1Fabm5PQlRfb2pGZnd0b1g5TUNNN1lzdnFMMHBzWVJaYXVEdm9na29jbnZuUVZ5YWlCN3BHaXIyLVFjZ3d5MFpQYmVPOXBrMm90TUlkUVV4enptTF9BTGtPeFZUQVNlallNcUtn0gGcAUFVX3lxTE9Nd2NwdlBRLTgzQmI5Vjl5UHF0b3VZdDdBOWU3T0o2dTZTM0pTNkNaWnFWTDRzSjctaWZCVGZZb2lkZ1VrYXU5M2VLbVdDckFQWmlGUXZKTWpYWmMzYkJQUWtkME85S19PQnk3Q3FHbVNUckdaenJXajdNQ0NFd3BNb0ctOVlmby1tZ205LWxfZWdJWjVuVHJibGVqeg?oc=5,tvn-2.com,es,2026-10-02T11:24:28Z,,2026-10-07T18:21:04Z,,gnews:eventos_naturales,titular/metadatos,
GN-64de903eec,El empleo en Panamá se concentra entre personas de 30 a 49 años y deja rezagados a los jóvenes,https://news.google.com/rss/articles/CBMi0wFBVV95cUxPeUlLNE9TQ0s0RmRlWHk5MmF3Y0Z3bWpnVGFzRnVQdnVRMnhZNWZRQnZHUkthTnljSW5NOFNQaGFVeGFTZExrWG1ESXN2XzVGTjh0YTU0M1gzeVA0cFE0bkVSbmN1QlpzSDRIcjNrb1ZKLUktcEY0Nmd4Zzh0NkhFWDN6R1Vhd3hfaC1BYmg3THFLalpuUmFsVkdLQ0c1WlN0LWtZNjc4MHlmbkl0LXdoZUQya184Q2xWS19vcWJmSnJ0blJ2ZV9teTNxX25KR3ZyQkFj0gHuAUFVX3lxTE5ydUtTdTBoWmZDNUtLMU5RaEduMTFsYktaUlZzdG9MMDJBYVBhOHBGamdSSnUxU01aT21xWWljR3A2b0lURFNhdE13OTZMdjd0TnRBRUQzQVo4RXlrRlUtMEo0RXRRSGEyRGNNWnRRd1NqWDlyT0h3Tm9nWUl4a0xvMmZ1ZExXSE9hdW5NXzFSOUQtM2hxdEhVT0VBR0JBckxJc2tzNmVTdTUwLVhnVjJpcTZ1eHRpc3ZCMDVHdnVIeHZvMzNEdGg3d0oxZC1kT3JXMGs1QVJsa0tQbDZPRTVZWlNZY0owWHpkMFdzRHc?oc=5,infobae.com,es,2026-10-03T23:12:00Z,,2026-10-07T18:21:04Z,,gnews:economia,titular/metadatos,
GN-6559f3b5c7,"En turismo, grande no siempre es mejor",https://news.google.com/rss/articles/CBMieEFVX3lxTE85Q3pZb1hlaDF0RkZxaTc5X0xIb0NycFY3Ni11MWg5ZV8ydUFvc042NTd3THJJRmFJWjY3S3pUUzloQ0tKX294MzA0bEN3ZFZNVkpfZ3B6Qll1UzRLMjBPcEYwN3FSTDNKNURQM3drUlg3T3VabzZMeQ?oc=5,prensa.com,es,2026-09-26T07:00:00Z,,2026-10-07T18:21:04Z,,gnews:turismo,titular/metadatos,
GN-65e6c2a133,La institucionalización de la precarización del empleo joven,https://news.google.com/rss/articles/CBMilwFBVV95cUxPYW1lRG5weGRGV2lRdUxRS25FTndiUHRXU3BndVJDTG1ZbTlDLWhZeHlIMmpEaGZzLWJxOHp3TXZSbEZfVEZBRDZOeFF6V3lmcUF1bE1CbVNzQjg3NElyRUwtTFBLSjZfaHc2TE1KZ0JUWHJWeEQtYmxscmNUZmFPT2o0aUxYWEpvbUE2LWN6b0FVVHFiOUU4?oc=5,prensa.com,es,2026-09-17T07:00:00Z,,2026-10-07T18:21:04Z,,gnews:economia,titular/metadatos,
GN-66a4fa91d5,Expertos de la UTP advierten que hospitales no resistirían un sismo fuerte en Panamá,https://news.google.com/rss/articles/CBMixAFBVV95cUxOYWQ0TzJZMUR0TENpT0hjWTYyYlJvUkFEbjBiRTdkdWRxaTlTWFhMWG5zVExHN21pRUpDdElvRWZrTVZqYjAwd1JGODAxNVNlakpWRVozVFhYd24tNHl1WUpydFo1MnNEcFZJa3ZBV1YtOURienVOQURvbm5RMUtXaUhSdEVJeDBFWkh3VHptUzZfVmpoYXVwSGJWTEgtZnM1TFhhbmpRYVZKMFNjTWtpaG9oSFFqSVY4cUlaUXUzUEpna3pL?oc=5,panamaamerica.com.pa,es,2026-09-15T07:00:00Z,,2026-10-07T18:21:04Z,,gnews:eventos_naturales,titular/metadatos,
GN-66dd5a794a,Metro de Panamá ingresa a la UITP y fortalece su proyección internaciona,https://news.google.com/rss/articles/CBMirwFBVV95cUxOcmRHMjNGVUdyekIyTXBwOXFrOWFTa1BCbDUzY2tORExrTmpTYXZ0cEJhaE1VemNyMDVzOFB3U1BUekRWeHUwNGZqSXlsdFhIbi05TTktWHplNkNaMDZiVFJjZzIzRkV1emU3UUNLOTdmdm5DNzNTcjgtTXVrRGd5XzdjV3pmQVNsSmpsT20tWHpneVAxak5CM3UzVkdXVURjeUJQR1cwOWx1NENIc3Rv?oc=5,destinopanama.com.pa,es,2026-10-05T22:37:58Z,,2026-10-07T18:21:04Z,,gnews:servicios_publicos,titular/metadatos,
GN-67b0bd7d9d,Amistad tradicional entre Vietnam y Panamá,https://news.google.com/rss/articles/CBMid0FVX3lxTFAwRG9VWXlNWGlSZFdCOG1VUUpVcVRMLXNrWkI2czZQd250UGQ2cW1zWDNWbndWVDE5SlJNdTNUY21JZU9kQ29BQkVYSnlabnRWZmEySXVidGdQaDJlbnZRX3pFQURxMjdoY0FCdnBDR3dvWWV3aW5n?oc=5,vietnam.vn,es,2026-10-06T08:07:25Z,,2026-10-07T18:21:04Z,,gnews:general,titular/metadatos,
GN-681f09c941,"Desempleo en Panamá baja al 8,5 % y la economía sube",https://news.google.com/rss/articles/CBMilwFBVV95cUxOeW91enJQZ1RiTkdNVDI2VUVjNE5UWkxxd2hTTkFRc0MyMlNlcmdmdWN4aGNXVTU3bkd1M21aYVFUTEg5Uk1JWnM2RjM3SXozUjNkaU9ockEtYTRwLTc4emdFdW9HVWFONGYwME1OLWZVdDBZMFIzRlpMSmNfWGNFR2VpR3BIVEZob0FtV2RsMm85NFY2SnZF0gGcAUFVX3lxTE1xSTkxX2dKaFBxZzBPTV9LeHRvLVpiWF83RzlVTHNPTzU0cG1kQkgtNmRHY09pOTRsMnlqNWRya1did1B0Z3k5WEFScXRDT3NxSW96S3VkalRIdXByekQ0cGk4Sy04c3lnUmViVkxtLV9BUGVXcFE0LU9VMEI0TmNtT3lPTlZDTklGQnFxMGVWYVdycUZOak14UzFhVA?oc=5,critica.com.pa,es,2026-09-29T20:28:59Z,,2026-10-07T18:21:04Z,,gnews:economia,titular/metadatos,
GN-68c360fd7d,1-1 (3-5). Panamá cae ante Nueva Zelanda en los penaltis en un amistoso en Japón,https://news.google.com/rss/articles/CBMiggFBVV95cUxOOTBpMVVqWnJjT0dtM1lhYlZqaGk1MDVpcFpLT195MlNhWVRadHdzUWhvbjdWcmxnN0JoZ1Vaa1U3SUptb0pkRmxlOHlScVR6clhRdi1vNldjN0lfczBzRkpCRi1iN252WXJzcDJ3REQ5cHlpOU1nUm5RM1oxUmlVbW1n?oc=5,es-us.noticias.yahoo.com,es,2026-10-01T08:52:26Z,,2026-10-07T18:21:04Z,,gnews:general,titular/metadatos,
GN-6a3d9a7e55,"BBC News Mundo. . El Canal de Panamá se enfrenta a uno de los mayores desafíos de su historia reciente: la escasez de agua. La falta de lluvias, agravada por fenómenos como El Niño y por los efectos del cambio climático, ha obligado a reducir el número",https://news.google.com/rss/articles/CBMi6AFBVV95cUxQZi1XQ05YMUFzZUh1YkRVaXd3c3lYVkhqMk9VeXpqUlZDNm5rcjlTR0xUQ2FMdE1fMEJSa0JvdUFHeW5FbjZIdllRSS14dDY5SDZuUGVxNFBKNWVPbmVOcjhMWWpVSzdBUkdvdDdYRFZhbHN4RlVxUFpLN25fMm02Y1JXMWVOcS12enRPb3RpX0dEMm9mZm01OFNfdnZFQ2JOaXlnbWJjaUFyZ1FQUEFUU2puU2c1aXczeTFIWG9qekQzVG1Fd0RtLUJqV3I5eWk2TjhqMmhaZmhvMFN3bnhRT2xaX3VsZFZU?oc=5,facebook.com,es,2026-09-21T07:00:00Z,,2026-10-07T18:21:04Z,,gnews:general|gnews:logistica_canal,titular/metadatos,
GN-6afe9162c6,Ley de Pasantías en Panamá: ¿qué deben saber los jóvenes y las empresas sobre las nuevas reglas?,https://news.google.com/rss/articles/CBMixAFBVV95cUxNenFkeUpBeHAzWXMxeWpFN3E5N1J3eHpsaFo5OE5ySi0zWktqQXI2bVJFeUJrdGpwMUNFRGN4RThjY0dqckZaSmdXNll1TU5JNXZqUUYxOEgyMkx6ZW5XTi1jbTdsNkMyaWpEdWxzZ3RSbHFjdmZDQUZjSEt1SktiMUJ0YWNrdkZfLVpIWnVqYmVMMm0xQ2lsajgtZG5ra3V6QVM2Wlg4azZRY29XT1VpbWZsNF90aEgyYjR1ckRhNV9KODVr?oc=5,prensa.com,es,2026-09-13T07:00:00Z,,2026-10-07T18:21:04Z,,gnews:regulacion,titular/metadatos,
GN-6bdc8bb1f0,Fallece capitán de remolcador del Canal de Panamá mientras cumplía funciones,https://news.google.com/rss/articles/CBMikAFBVV95cUxPb1NKZ0F2Z3c2aE1rLXQtcUJrZDVNc2ZvYWdFb3o5OFBxZEtpRnhVc01FT3UxcU9JS2JfMmd2QTF4UWI4NWtOOHUtUlRxdi1xWDVieDhmR2VGSGZ5TDIwOGQyek9qUTMzYi1Ib2lWR2RkWnM3T0JfYnpiV2o3bklscnhfaDBuU20wUTIzRkMxcVbSAZYBQVVfeXFMTzhuQURqZEdGTDN4Yks1ckhhZzVNR2hMNXFnSE5vVWdGdThKNUFRZHdJY3ZCLWozTWFVM01qaGFmc2h4UF9VNU80NkpsSWwtLU15ZnF1NzJaRjJjeE9FUDloakl1TVY3S1JSMEhaWTNJY0lONmF1Yk9qRzhxMVZ0ZFFvQUZpb0xEdVZnWkFHTnEwY1kxNTd3?oc=5,tvn-2.com,es,2026-09-30T22:58:37Z,,2026-10-07T18:21:04Z,,gnews:logistica_canal,titular/metadatos,
GN-6c96cd8b36,"Ley de Pasantías podría romper la barrera del desempleo juvenil, defiende la Cámara de Comercio",https://news.google.com/rss/articles/CBMi3AFBVV95cUxPWHl2cUdaR3V2VzZuVnZVVS14cVRhM2l2V2RiU2pLTXB3RHZuYjlrSGR4c2JERVNOUFBEVHpibmh1a1Y3VHk4ZnhDTlBWRFM3eElqajZmaEh1Nkl0TUpQaG5vR3NIZnY3ZVFlem82Vl9icEpHUEdRWGFudll3Uk9oUUpxRkpRRlIxRzFsZ25PUFhNWEt0V2ZUejhaVjJEUUdpbVJLcW9vWUpISDJ1RWYtMmR4MkpFR0g3ZS1zTEhvbF82bU5sOU9vbmgtemc1ZlNhUWtfNWQyWkloZUVS0gHiAUFVX3lxTFBNRDBpMXVwSGpXd19sa1R4ZmE4WjRNM0hPejZIaXBGQm03dzNjNEpwRXZSTEZBZm5SVzVSMTNSMURNbVNWb2g0Mko3RmdIXzY4SU12ZjhzQU9vWlpEOERzNDBPQ2hFclhQMVJxd182djc2eVRyVnBwNW1oVFprZmthaEVrWFhKWE1HOTFBSHpwcFl0a29LOFhqZE5OSjVxZUlTMEx1cTZUT2hVRmR1dUFIZGxVRnV2SHc0Ri12aFppNWxNX012S1dMV19TMm1scjRhNVo2SU9aY2NDVXdUVHN0b3c?oc=5,laestrella.com.pa,es,2026-09-13T07:00:00Z,,2026-10-07T18:21:04Z,,gnews:regulacion,titular/metadatos,
GN-6c9acb138c,Incidencia en el Metro de Panamá afectó servicio en la Línea 2,https://news.google.com/rss/articles/CBMioAFBVV95cUxNb0N0SktXb1drZWozaURDQy1HdFFzUE9Fd005cFgyeXVOUjF1WDk0NjFJZG8tclZBNm5Vd3lPYmpiZmQ2SlNZeVVibTA0VVFKMlNZejFCeUJYZXhiN1JGblNNMGtaRk9WOTNhcUU2bHlVZ0laN3A2SWdDVGJXU2w2OGZrbW8zRXhXYTRTREI5MEwyYXZlV2ctenNaOEF5eXRC0gGmAUFVX3lxTE43RlNoMmhUN2lxUXVycGFHYkFQa243RGlWNklVd1plZkxRLXRVYlJobGVLUlFiblVxZW5oZEl4YjJvVzBxellBUVlZN1hJcWxrWW9VSmdoUjdPcHFBaGhoZV9tXzR2eVBGUTY3cTV6RTNLd0FWUFZZVHp5RkJjSnF3WVpyRzVkQmV3UEZJeDlzUTczY0RaVVlibEVzbVpGVGZGSmRVX0E?oc=5,telemetro.com,es,2026-09-25T07:00:00Z,,2026-10-07T18:21:04Z,,gnews:servicios_publicos,titular/metadatos,
GN-6cbcc30701,Ley sobre buhonería deja desprotegidos a cientos de centroamericanos en Panamá,https://news.google.com/rss/articles/CBMivgFBVV95cUxPa0sxZVRyOUl0dXZnM0l4VS1VdjFkWHd1SFVOZlc2SlFHaU5UYXE3cE1BN25xU1NzQldzcEJSOFB2U3NfZmRCdXZPRTduWVpXX0c1T2FQdWVSWDJibkZBMDhSbTNpT3piSUZQS3ZUNEJmcnBFWFZhY0VzUFN5VWlvZHRJNi1zZjJFdmFfb0tvX0tLdXlmS2p3UUU3dm5pN19YejFMYnp2d0lhQzlkQ1NOQnVITklJVlBNaTlCUUxn0gHYAUFVX3lxTFBsWU0zY3Q5eU0wR0kwbzFKZEFVZHhrRVdabWNXWUxlS1Q4RlV0UDdhM2ZfVUJoamFWS0g2N3BTNjJIRkg0d2Jud1ZOdTRMQUh4SzlUSGdYU09fR3lrcWoydjRVWGdxbTE3N29FQXBsTDBXWThsZDgxQml2YkpEaWpkQXQ0YzRHaFZYN2YyY1ljZmx2R1BUcDhDal9PZFNudUxzck5zbktJdm40RDA5MjNQdUxfVGpjM1hrUVRmSlVKNG5EM2FHMlZ0R2ZmWDRpR2p5UDBkTWlLUA?oc=5,infobae.com,es,2026-10-05T19:28:00Z,,2026-10-07T18:21:04Z,,gnews:general|gnews:regulacion,titular/metadatos,
GN-6d411807ec,"Economía de Panamá es sólida pero debe mantener la disciplina fiscal y mejorar la educación, dice FMI",https://news.google.com/rss/articles/CBMi-wFBVV95cUxQSVVpWmpvWnFvS0dwUWRROWQyZmVmVTJldDJlLWVnZFQxbW9abjR6R0xseDZqSGNDTGoxWTRoRmRRbEd4RUdXZEdRaEpjMG80Mi15STlJMXhiR3U3M3NvOXNXNWIwUWoxbjRMekN1YThyZHh4c2Q0YXkwdG5KQ096X1VBN2l2eGhkZlZBbUtvOGxaM3FrcGZHVXp1SFYwUVBobVJBUUVWb1RmcVpfOG1OTGw0RXpFcndkSFdQMElIbTRBcE5fdllXTUE2QnpkdkJ6UlBWRjJfUEYxenBhSTVLQnFrLUItdFc5azllRmFDbnNVYmRZU1U5ZEZkTQ?oc=5,estrategiaynegocios.net,es,2026-10-07T16:00:00Z,,2026-10-07T18:21:04Z,,gnews:economia,titular/metadatos,
GN-6d924fe0b1,Metro de Panamá reporta servicio parcial en la Línea 2 por falla eléctrica,https://news.google.com/rss/articles/CBMiywFBVV95cUxQN21HbzhHanU5eFBqQ1phdGN2R0FtQ1FyQW4xazYzQzNVVVRoenBRSFl0azBiWFVnaTlVWnBwdldGcEhpNjlDTG1ucENkNEM5cWFXbVZUZERWUXJySE9TckwyLTd1YmFPZHl4c2lhQVlHLVMtU0p1S09xTlRsUTJjUzNtd3lOYUlyM2ZlLVVjbklwOHRJM0ZDSnZ0RkxWdTlwR1huR0ZITWx6WWRqaENQOTVxcV90TVlsd1JHZndvRnVCN0xaalVOa0Q2ONIB0AFBVV95cUxPY1FWYVc4ZmxsU2JOMm1Edm4yWmVPRXRaQUxFNzRpOUZ4dWtZTWtJcTVUOXNJLUVCZlI1VktZSW8wV0pKV2ZoSGFOdW85MDhHRmhvQXBuTXlxalVNZkxXNlg3c0wwNXozcEo2VzZMM3RFT2JURUpvVTZXZmZqYmFKem10M0RWdGFWQzBxZGR5ekY3Y19sMmtvY0JBVnhfUjdMY0t1bVp0QXppZDVqLUJLUmZ6ejlpSW5xVjliOVZCM0tVdWRuakpVX3NGTFpHNk1V?oc=5,laestrella.com.pa,es,2026-09-25T07:00:00Z,,2026-10-07T18:21:04Z,,gnews:servicios_publicos,titular/metadatos,
GN-6e612ca472,Lluvias y tormentas eléctricas marcarán este sábado 3 de octubre en Panamá,https://news.google.com/rss/articles/CBMi1gFBVV95cUxPaFNHcHlGeTh4VFB6NjNPSS0zbmY0cE1NSEk3c1IwWTZOQmg5Y3ZHaXgwMkVkb2pDWFl4ZUJUR01MMTlBaFlJUkJmak55cWI1eTYwLXdFaUhudGFWcno3NGN6WWVmUWlxWWxFS21kQV9PcEYwZHVkMHFmdVlBemd0aTB2VnRFbHNLX3F4RmJsaGlTc0xBNzhnWF9VelhaeWV5Yjg4UUJMQWQyUFZpVTFCalJfcVRxVVhtaEIybXZNUFVHN3ZYVnV1TTBNS2pxSG9vVlVUZTZn0gHbAUFVX3lxTE1OdnlhTUxtU2hlYmxvbmRNTXdWaTZ3a3JURlJwVUpZc3FZSWh2Y015OGsxVjNLUmw2N2Q4dmRpT09HcmhuVU5ZcUg5NEFqS3ZWajVNZVNMamM4QkhBbWZOY0FzSXByc3BIMm5Dem9jUnd1VUExVUViZVFBRmpmSlN1aThTcVBUN2k3OW1vMkthQWRFaEh3SnJwZ01TanNPOVA4UFgyak9hOGs4dHFwLWZ0N0ItX1ZyWmFZbjNDUGpDcjFaVW94OU5uZXBTb1oxSmJkY1JuR0JsX25Gdw?oc=5,laestrella.com.pa,es,2026-10-03T13:34:00Z,,2026-10-07T18:21:04Z,,gnews:eventos_naturales,titular/metadatos,
GN-6ecb56416d,Canal de Panamá aplica nueva restricción por falta de lluvias; reduce tránsitos diarios a 32,https://news.google.com/rss/articles/CBMiyAFBVV95cUxPOFlFRWlrSzJ5dW1ZZGZ0TjJvbmNtblhFT3ZsbTlyUk8wUFpwVEcwaFdEY2hNRUxEMHpuYVRvWXgxVFlZMjZONEQ1bmY4QjVPdFVnZ2QxZFk5WWtRR3ZLQnFNWllDZlYtNmVYTTBsdVJFQzZockJCS1lONnBqUzZQaFROZDc4czBXb2ZaVzFLM3BydHJ6ZHJQYWEwb01BX1RKVEtSYS1PS2U1U2xBLTl0eVNZTEo4NUJueHRUSEVqNWc5alFmM0JrMdIB3AFBVV95cUxNbVY3T3haTXVPQmhVRDdwcGRYdWlZMHhlT0x5UTBhS2ZSZWo5dlJaYnZsWTRBSl9DektscG5XT1lRWVRlUFNiM0hwTjRnYzFpZjVRcTFmWGpoUVZ1Q1BpU2I5MnhleGJRTVJ2RFF3bjZoa2k4UW5iejA1cF9tN1hwVEh3NkIycS0xWW13bk9uVHZidXVqUkI0V0I5dUdJakpTYmZYYzV4OVNaZ01pZHNnR3ozbXhZWlhXakhjdjI0RHRHejF1ZUp5T1o3VlZxaUQ0NHhSaVZHRlBoRXJX?oc=5,eluniversal.com.mx,es,2026-09-15T07:00:00Z,,2026-10-07T18:21:04Z,,gnews:eventos_naturales,titular/metadatos,
GN-70087b98f3,Panamá pide un puesto permanente para América Latina en el Consejo de Seguridad,https://news.google.com/rss/articles/CBMiV0FVX3lxTE12SmpvUXpCa1BuVzZvVlNvMHNiOGcxejM5WC1hQm5NekdZM3p6TEFMbTM5NUl6LU56bkR2RlBqWjNIb25uRnMxdnl3aVNjNGxRQzFKcjVnUQ?oc=5,news.un.org,es,2026-09-23T07:00:00Z,,2026-10-07T18:21:04Z,,gnews:logistica_canal|gnews:regulacion,titular/metadatos,
GN-701f3934f6,Tanque de gas de 25 libras: estos son los precios máximos que deben cobrarte en Panamá,https://news.google.com/rss/articles/CBMivwFBVV95cUxOaUdMZUk5eEhHM19TX1B0d21JUHNKTmtucWNUSVQ5SWpyeUdLWmxTMFVScFlkOWJGVTJzb3dRNExqQ1dwWWNvZE5VQkE3RTFQYm5feGxEbEw0SWZLQWJzSE1YZzhNa0FoWXFxUnh2VWdsdXRFSXRSSUdyLVE2VkE5WHd6LXp0OEJjY0VYV1BhaHpfcGtRLVNGb1E5Z0VCOUQyNElQQnFkZVRmRWllanhmYUdFeUdUeDF0TDNpNUtGb9IBxAFBVV95cUxObFJvakdwTzVVWS0zMG92bVhyVEd2VkpLcDlKVDF4RUZNODdwZ2ljcTQ1cFJjZUVMd0pPYldocjlGa2Znei1sM3FGMWgwSzQyOXJJY194WGlYQmNpSFRkdnVJNGUyTWs1UTVzU2gyQmtnUUwxREwxYmxxdzVzS0RLdEVGWGFZZFFIQVJtUF9tdnR2dE9xTWxqNURPeG1jTHZQZDQ5THZJVWlLcUZ3WFFPZ3NkSkRpWjlncUtsLThFN0J5c0Ja?oc=5,telemetro.com,es,2026-09-10T07:00:00Z,,2026-10-07T18:21:04Z,,gnews:regulacion,titular/metadatos,
GN-7069bddcd2,Panamá bajo alerta por lluvias: así se comportará el clima este sábado 3 de octubre,https://news.google.com/rss/articles/CBMizwFBVV95cUxOZFI3ZVdyM0poUjZXVnhFZXN1Ujd0TmJPekpmanByXzdSa2dQY2owNE5mNVZBR1EzcnoyZzd1bWR0dUwwbEZHODVxOVdQYy1ab2MweTRZS21tMjVPRzIwOHN6R2FZSmVVUTJJaEdHSUFLajUtUDVLZUloNEZyVFhTQUZ5R2xyckNlOEhxMWw2OWdLeGpOOEZxTmcwcmExSzAzblFmWWMyeV9BWFR4WXBEaTFUTmloMVdyQ2RQM18zTjZZSF9icXRXX2RzQUdaaFnSAdQBQVVfeXFMTmgzVVl5RjY1eDl2U1drYVNYcGdXcmhZTDRZNkJZTENIMmdMRzBwcjhpbGZOSl9XcHVfc2lwNC1fQ3AzNlNxaGZMQkdyZHFvT2lYdTBOcE5NYkF0SzlUMUp6VzdYejA4Q3BvQXZKd2lsNjJqWFFVMmdVV0VaR0NWaEtSZGpXYXdXUUstWXBXRjF2X2Q4eXR1RDM3WURqMUlOMzdiRU1oZjdGUWc5QmZWYjFkeERwVi1NR0RpVmJCSUVpTzlDUnVaV3ZFUGcxQ2VFemluaDY?oc=5,elsiglo.com.pa,es,2026-10-03T13:15:00Z,,2026-10-07T18:21:04Z,,gnews:eventos_naturales,titular/metadatos,
GN-714e084e30,Panama Canal Launches Panamax Booking Slot Pilot Program,https://news.google.com/rss/articles/CBMiqAFBVV95cUxPdFZOSnhaWGxycU4wZVFocElvV1ZBQVJ1eUR4M082WUNkbEtEUXFENFJhWEg1eUxUS2N5bnQ1bHZCN2lGRnUzT3NoMEU2Q2ZRb0F4bFc1NjhvSU5fbDlua2ZlaDFRc3JMcFA4MHlWZHFHeGw3RXdLMmppbENCTHhaWTY4RjNuX0FkUmZ5S1RLRG02MHlpbHpDYXh4UU9YVmZsMEl4QnUwZXA?oc=5,dataportuaria.com,es,2026-10-06T20:50:31Z,,2026-10-07T18:21:04Z,,gnews:logistica_canal,titular/metadatos,
GN-722e110cd7,¿Vives en Panamá Oeste? Estas comunidades no tendrán agua hasta las 3:00 p.m.,https://news.google.com/rss/articles/CBMirgFBVV95cUxPQTJNM0FJRVNESW9lVThSWVJvWG1yLXVwTlFlUW5uWnZRdnBhd3ZpQ3BIZ0JiTGVVZTV6WEVQVkR5UV84UzJVSDBmQUY1cnVzUlhrd2NMTURFMThaemQ0WURNb3hiOFdFSkk0QVhCU1VwcEVVXzM2ci1mZFpWOWRxTVh4MlBjOVN2RVg5VDF2dUtxS2hyZFppVTVYdWZyUjBLdTFBb2VldVFkX0c1SGfSAbMBQVVfeXFMTWc0ZWpXUl9UaGs0STdDLXE4anNrMDJ0dEVhZkFSWVF4b3NxdE1UZDRoVFFDNTZCVWtUMEtVaEh3RXRxNnZxMEJCZVExU19iUi1FZkxRdjBKRWZtcVBROHl3TDlzZ3FhTElFczZ4X0VHUXRDNjN2V1N2WUJ2eGMzblBhV1MxY0hQWkM0blFiQmxaSGl0ejZiSGs5SUZUc1l3dlZnWTBHOXdGblV4ckxpa19aRVE?oc=5,telemetro.com,es,2026-09-23T07:00:00Z,,2026-10-07T18:21:04Z,,gnews:servicios_publicos,titular/metadatos,
GN-72ab901893,Canal de Panamá aumenta a 33 los tránsitos diarios y a 49 pies el calado máximo,https://news.google.com/rss/articles/CBMivwFBVV95cUxPZnE4b3ZOczdicTNDektHOW05dzZreXZPUkRTcGdMUFJDSDd1eTdESmIzQWFiUlRVSF85OWt4WW82dU85X2dVRW11a1lhYWctQjFMV2ltSzk2VTVJaDhRMlMtQmFYR01mQW9JNzVIb2RZQ082UHBvcXBYQUh5d21maXFSdHpEUzdscGpSdl80MmFGQlVHTDcwdlhOUmFhazQtX2ZkY2czQjI0bGl1UWJTd2VzdmJHNWw2MFhyalUxONIB2gFBVV95cUxPVXZHRmV0a1BNN0tBTUJ6NXdHZjZBRUFSUTJCb0hfS0lEYVU0S2xYVXozTUZGS2ZPOXc5bTdHTEZ4Z0R1VENmcUZlR09YaFdrRmRpeTBhekJfWlJFMU42d3BJV0h2TTRDQm1Tak1PcTdLY2dwNVZaSFVTS2plRW1UMktieTNQMk5jRDZMS1FLRzBrM1FRSjlrZGpiZ2M2X0J0clphZ3NUTEVVYUlXRnZWZHhEWWNPSDNCNmdnR0ZJSkFkM0tzMTdDR2ozUE50N1hwVUpxYU1qYS1XUQ?oc=5,infobae.com,es,2026-09-28T07:00:00Z,,2026-10-07T18:21:04Z,,gnews:logistica_canal|gnews:eventos_naturales|gnews:servicios_publicos,titular/metadatos,
GN-72bb3f52f6,Nuevo ajuste de combustibles en Panamá: la gasolina de 95 llegará a $5.39 por galón,https://news.google.com/rss/articles/CBMiwAFBVV95cUxQN2RwdUh4djFiVkNPU3JMQU05N3Y4bzZ5azVQc1dYeXpqaTN1SS1HSnYwNnBVQkdabThpRHo5NG5qT1JPSGRhOHhrclA4UTNNb045bjB4blBnTC1fNDRKakxpRWQ0SF9iYno0WWJ6RTF4T0ZyREwwQ25tcGxuV285Y2xfazRhNUxBYU13LV90TVJYTmFrYmdFSHFhVlJQbXpfNmNwUE1TNlp3b3F5UTR3M251bVhfRGR0d3lOSGFwZEHSAdsBQVVfeXFMUDJGZDg0VVBaelhyem5oUklMUXpkMkV5NHFuWl9CdVBLUUpfemg5REF2cmJCZ0ZmMGZIRE5OZEJjT0pGTl9UQURrczV2Z0tGZ3E5QUR2b0xiVno1V1kzSE5LNFdJZGZ2MWg4QXh5RTE5d2h2U29SN0VndjFxelZvUUl2WWUwS0ZvZHhkeFVud1JQbk02M0ZMOUN2cnp2TmJLMDBLNnJPWmNZd19vWHotUnV3LXNlWktZZHNUR2FfUEZnd3l0cXNJLWF0b3NtclFqSEt5OTV1cTdVMGlZ?oc=5,infobae.com,es,2026-09-30T22:46:00Z,,2026-10-07T18:21:04Z,,gnews:general,titular/metadatos,
GN-72f4ba2dcb,Canal de Panamá eleva a 10 los tránsitos diarios Neopanamax y restaura calado a 49 pies,https://news.google.com/rss/articles/CBMiwwFBVV95cUxQNlRGZnhFS1p4eWxXbVB0SXc2T3B3RklqVHFJMHhKb3NzeGM3aHNHSXI1b1lGTkdzeWc3b1Z3elQxSkFyUng0d0E3d2xlQXI0Nmpja2NrOVJrbVhjWW5UVUh4SzRHVU1ZbW4yM2hQV1I4T1ZKZTN2T0ZCaFlxVDZSUlNueWdyMENTVUlqYVhSZ0xRb25iNXh4amswQ0kyQzhqU3VrSlJBVnowZ1JadXdwN1ZsOTdocUl6b1pNOVhHTE9MM00?oc=5,destinopanama.com.pa,es,2026-09-28T17:15:51Z,,2026-10-07T18:21:04Z,,gnews:logistica_canal,titular/metadatos,
GN-73adf262bb,Feria de Empleo 2.0: primeros asistentes consiguen contrataciones inmediatas en Atlapa,https://news.google.com/rss/articles/CBMiwgFBVV95cUxNaXVqbV9jelc0WUk2QnRVUnRfM09YNV9hR2pXNHB3RWtmMHZNenRvSkVtSlFFX0ljRWxPOEtrTHVwQXQxaEZoV2ZXNWRheThVTTljYXhkbGJfeVFUTXZSUEtsRE1OZWtabkg5Rk9MVGVRdno0ZUtxRE5XaTl0VFpUeC0xUlN4TWlhTndqWHdSNy1RaXBMY0ZmUERua1liVFIxMUVTcUMzdE5Xay10eF9GdWx6TlNUVkhKR2diNnk1Zlp4d9IBxwFBVV95cUxOWmY5WjFIWjdtNXV0My14STVYbTItV3Q0dm5sYXR3aWFrdFVHUXloYjFQN2ZfU1k1VHpFNWI4ejU5cjEzN3lmcFJSNWZyNmZYWS13MlRlTnJXOUtYcGRXMWpPa181Ty1BU21HSnBfeTRiRUM0NlRVbHZ4MXFFZFZFOGtlQXMtMFZTSnl0SjRXcm9FUm1yY3JwVTdKVWJkd25oQlRBUy1WczluN1ViUHhGeWJncTduVGNhcGZPcDd6TGpnaC1WaU5F?oc=5,telemetro.com,es,2026-09-15T07:00:00Z,,2026-10-07T18:21:04Z,,gnews:economia,titular/metadatos,
GN-7644874c92,Sergio Díaz-Granados: Centroamérica gana peso en el nuevo mapa del CAF,https://news.google.com/rss/articles/CBMioAFBVV95cUxPTXJvblo1ZHhMU09UdmtIWEhialhLbzdESm8tX3JieFJuX0ZJNHlhZV9IanpDRkNZZXVZWVdCUjlEMlQ5Q0tQMnNfSEpsdFdPVVhRM25qaTJrNTdROTlGS3MweDVLSGNzYTJTVnVPNHRiUDhHMExPSl9ybzBzb01kREUybjlkTEZ5XzNhdXo4cTk1MTdheVhLbE5MUUNfZkYw?oc=5,forbescentroamerica.com,es,2026-10-07T11:18:56Z,,2026-10-07T18:21:04Z,,gnews:general,titular/metadatos,
GN-76f1e695d0,"Inversionistas ven a Panamá como “el favorito en el continente”, afirma el ministro de Economía y Finanzas, Felipe Chapman",https://news.google.com/rss/articles/CBMi8wFBVV95cUxOZ2U2blE1Tk1TSFk2SmJPaDluVEJZVWFrOWVlOS1PRTBJSWF4VW1RaGFpa3JiUWZxOE5ORENjSFNtLTNHQVFYcTJKVGk1Y01qbDYtZGNqLUtuSEpNUXFFT3VrRDdLTGozZkZ0aUJSbDRwamt2WnhURlVRQXE2RXVULU52dUtnRWU5R01yTGpJYUcya2UtSHdpenlHOE9uVlltZTN4c0plTWh1d3pPTk1FR2tQX3J4LXQ1NVVkSmJtcGFSYXAxR0UxN1R0dk5tRDY2RzlLMWJSR2FabWNFejNtUDNDWmpFR0FjamUwMjNmZUV5cWPSAY4CQVVfeXFMTXVxZkhtMENGZnZTMHR4dFZFUmxPR2RQd1UzbVVmc1lGY1VzQ3FuT216dkxrRUVoY2RNLWg1Nk5RRlo1ekRvQmRlOFFPb2JxWkFEWFF4SjZXMmhuaEN3NzBVODBudW9IbTlEamVYamRGdm4tN1NhZzRkMnA3Q2RCZXhzZ2tHbWRnOXNDOVl3WmEwMzdKZWxnZ1dTOGozdGYzMzN3MUdIcDhicVNvQ1NkZHhUSEJwOHlOandrZUttbG5ZMEswa0w5UGtFeDJQVXdOVGdqRlpyb2NfdEpmZVI2VGZ1dHNMc25XbVNPQzUxZWJ1MmNLYzl3MzRKLWpaR2MwcldFYV9wVmpxNFdyVzRR?oc=5,infobae.com,es,2026-09-28T07:00:00Z,,2026-10-07T18:21:04Z,,gnews:economia,titular/metadatos,
GN-77adf71674,Vietnam y Panamá cooperan en materia de turismo.,https://news.google.com/rss/articles/CBMicEFVX3lxTE03ME1QVHIwbTdpUDktNFBNdWZJNWoxMGgxSUpvcDU4TmprYnVqbTdGbmF0NlFUV3M4RmZFNm80SWxPMEV0SGJkVXc1NE9kdW9BbGZFRVNuSTFyQllqWWVVR3RmaFd6UUIxcm96dnhaemw?oc=5,vietnam.vn,es,2026-10-06T19:52:40Z,,2026-10-07T18:21:04Z,,gnews:general|gnews:turismo,titular/metadatos,
GN-77c2ae4e18,¿Cómo está el empleo en Panamá? Presidente afirma que el desempleo baja y sector privado gana terreno,https://news.google.com/rss/articles/CBMi2gFBVV95cUxQQ0J5VVRrbnkyZ1JDanhPSTI0bDFkZUtJSjdTZ3NHMXlXYzFsczJwLTlwbzFwdVhNVjJwR0Z5OUNNVVZUR2NzMWY5Sk55d19fa2V2ZDJjVUhjdm9GczBBclNiYW9yU2hDMmRwdTdGczV5U3hwWVYyV1NMZExWcU1oeVdPSFU2QnFlTzE1VHo3MlFfSW41dWdVUkQ0S01oUXhBTWc5c2xfOERDanVENFJvV253VnRRc215VzhDOUllTk5TTkxLT014SWVYUWVHVnBMUzBGazhCdS1FZ9IB3wFBVV95cUxOSGU3VWR2eXFUZ3Q1aGxRZU53eTZjdmlBZVdxc2RwSlBacFRUeS04T1lTdEI4cExQYUVhM2g2c2JCYU5oZGtwbUtEd3RCRXpWS2dRODl0MjVPcEJWcmhaaVh2b1RnOXI3ekxZb096dlBaakh2OHVwS293b05vMnFhWXZJTk13LTNzd3pZdmc0S0ZfenZ1SXhuUXc1WGl5ZkhOczdOQUFVMHhPZkZTeHB1LXJuRHhpNkc5aFhUdzJadDdTcldrdUNKT3MzOXJZT3Z3dTROcUVBS1VtY3ZNcWJN?oc=5,telemetro.com,es,2026-09-30T13:07:00Z,,2026-10-07T18:21:04Z,,gnews:economia,titular/metadatos,
GN-77e33127f1,¿Busca empleo? Estas empresas tienen vacantes disponibles en Panamá,https://news.google.com/rss/articles/CBMirAFBVV95cUxQbU9aSkVtSEVoWDJZZ294UjhmWUdiQVJielZKTWgyUjRnTFcxRlVSa3RVQzJMUnZ3WE5DQ2JEd1U0dmZXSGhNd1BvM3kydlZKSTV0QkxjTUZnOXdPdm9xUDZBWWh3SDl6WVhEX0RuZ1pBeFJ0b3RRbkpTeWJiTjlxSXZDN284T1dkdWlweFg1M2pnMVR0Tk5INmRaQmZIbUlYZFpqUlJCcUE4d1lz0gGyAUFVX3lxTE54N0dISVc3d1YwOGozY1NRNHdJdHExTkp1RW05Tk4zalU3T2hyQ1BUNlZNZVFpU1lxNjk0UERUczFYVC1CXzdyTHhQWlJhdUxsZ2V2WTJoMVhGeFdFM1pud1VyMUppd3FEcm9KZ0hzMURSaC1jdkNxRVA2NVZhSnJfemlQX0t1bzZIUm16R2ppMWEtekcyZ1A0UVVJdi1odUtiZ00yRmdFckc5VTdmLTdTenc?oc=5,telemetro.com,es,2026-09-22T07:00:00Z,,2026-10-07T18:21:04Z,,gnews:economia,titular/metadatos,
GN-77fa74ec9a,Metro de Panamá da un nuevo paso internacional: estos son los beneficios que busca,https://news.google.com/rss/articles/CBMiwgFBVV95cUxPN0xaRWRrcDlyLUc4dDVFMElSRGxkeHl6Rmg4dGtxZnVHdEFkekdjSFQxRUdyek1sSWQxNWc2M21CLXB1RXV1Ry1udzJ2OEh0M3h5X0NmNWdoQ2xRQzJ6TGFybkVUR1hFTzVwUVB5cGs2MnM2RnZNX1Bjc24tWWVWak02YVlaVlBJVWs3WVNzeVBaUTEySEVZanVESDg4Ynl2N1BZRGczVUpHX2dSYS1pbGdzSzQzWnAzQU9LSFFnLUVrd9IBxwFBVV95cUxOenVwRTVJbnl4U3FnZW5YOG1GMWhNVTB4UmdlQmcxTGFETTNPb2M0VV94RDBwdEF6aThSaFk3ekpqREE5RHFFZUhFOTBvTF9rR2ZZampCQV9feEtoVkNVUm1GQWRmV3ZUQ1VuMEVsMHYwelVPR2ZWN1ptT29PSjFZUHplbFJ4REpqNjlmck1oc3E3b0I1cjVOak1mV05DNUFmY2l5TlNYNXo5ODRBWGRPbFJvSzJ1QTZkNXdpbENCdVFteW45UXlZ?oc=5,telemetro.com,es,2026-10-05T20:45:00Z,,2026-10-07T18:21:04Z,,gnews:servicios_publicos,titular/metadatos,
GN-781594daaf,Copa Airlines realizará feria de empleo para estudiantes y egresados de la Universidad de Panamá,https://news.google.com/rss/articles/CBMitgFBVV95cUxQVHhIWU01bkxxaWFJRUZ6eWswa0QwVi0tUldXUTVnMnRuVkJqaUY1aGhYeDA3MlJLZEhiaExWd1hITzk3UTlhWXNMTGRoSUJ5TmxfSkplLWRfYUI3dUZTdVJzSDBZMnd0NkRyeUN3YkNZRG5UVmZOVlBya3dXcm1HS21tcWllWFhqN1M0eGRjbnAzVUpjaFBxQkpUWG1nS1FlR3JNM29CSU11cThmNV83S1Q1X1BWd9IBuwFBVV95cUxNSW9YbFhaNjBncHZTTU9PWVFNdHpUa2lONDRYa2xMelpXeGpQRXJfcDJ5OGRpUm5wR2oxMnA3cGJXa1h2MmtPdEtXMUZEYmY5S0NSenVPQVBYb3g1SktwQ2xPcnktcVRRVGVFVFBDdlhfVXNQd2hPaXJpRmRHTjZUMG1USXdELW5ZdG9JbkdaOHVJTzBxclUyVWNIWDU4M1pUcDdHbkgtVFdkeGI4b011TVNrQmpubE5ybWdZ?oc=5,tvn-2.com,es,2026-09-18T07:00:00Z,,2026-10-07T18:21:04Z,,gnews:economia,titular/metadatos,
GN-78171d5d21,Panamá recuerda a Vietnam como el primer país en firmar el protocolo del Canal de Panamá.,https://news.google.com/rss/articles/CBMipAFBVV95cUxNbDlTVDVNV21RZWc4NHR1TF9YZVRMSS0ycEpvSjJ4c25vdHNOV05rSVI0WHJSSU00b09QZjQybVJEY0FiOTd4aV9OYU1QbnpTYlN5dmV6ZFRWcWRmSVpUcWZ3MGxqcW1IMEdTNC1uc1hXVS1xaFdPMXZ2WEdlZWstejd3MnB2VlpxUXJuak5pdVBOVERpbGlVXzRiZlI0Z0NlbkxvVg?oc=5,vietnam.vn,es,2026-10-07T12:22:05Z,,2026-10-07T18:21:04Z,,gnews:general|gnews:logistica_canal,titular/metadatos,
GN-78b5c5ee2b,"El Súper Niño seca el canal de Panamá: 743 buques menos y pujas de 4,5 millones por cruzarlo",https://news.google.com/rss/articles/CBMitwFBVV95cUxNSDBkc2c5ZlJoSVNYWmY3dTNCMVJBY3lMQml2anYzVkd5OXdsN2huLXpIQlJYMFZsRzZ4OUVOSk1maHhvUEtQTHJfbGRUNm5NcVl5UHdCdnN5T3JFQzlQeDVTYUpPWWNnV25JWFM5LXBqTmwyWTlPOElWcFk0NkU5dU9DcUNLYzZ4WGlrNVpKc3RnSFFjNGszRnl0eDhueTZ6TTE1N3JzTURnZk5JMlpCbXRLWWd5QnfSAbwBQVVfeXFMTlZacVJpeWhIaUEteXZSS1REWU5Hc0EwMW5QelJTRUxiUWVJYlJlQU1oUzBjTDRJd09qVmNzdTZjZm5HbWFUbkw5YzR2bjFlSU1ieHdDaDQwX2NqR21IeDJrU3lEUklXaGpXZll0X3BYY0VpLTlzTkowNlY4UDdWQ1RWNExaUHd2eGloWHBDYXJVbU9HMUt6N1I0eFh5ZlRUaHdXLVNFbEt1S3h6LVhjbTB6TjRoQ2diRUFJMlY?oc=5,okdiario.com,es,2026-10-02T03:00:55Z,,2026-10-07T18:21:04Z,,gnews:logistica_canal,titular/metadatos,
GN-79176f9669,Las lluvias dan un respiro al Canal de Panamá y frenan nuevos recortes,https://news.google.com/rss/articles/CBMilgFBVV95cUxNQllUVFAzeFZxNU9veV9WQjhfU3RjMko1N1V2NDhsZnQyV3JRSkZoVUpORWx2LVBFQU5VdkdFbnBiWHNNQ2FtS2M1ZzQ5TWZuLUtLYWU3aHpaRGJHbDJSdTJoRDM1bmhCbkVlWUlwbzUwQzVoZ0Juc2ppXzZXT2o1WEpHVHVxLW9KbGpWUEtZMlNOQWloRVE?oc=5,agrolatam.com,es,2026-09-25T07:00:00Z,,2026-10-07T18:21:04Z,,gnews:logistica_canal|gnews:eventos_naturales,titular/metadatos,
GN-7ae1a105b5,Tráfico por estrecho de Magallanes sube más de 70% ante restricciones en Canal de Panamá,https://news.google.com/rss/articles/CBMi1AFBVV95cUxPSVk5RGd5eFRLa1RsM1VXZjdNcW1vS3lhS1ZUNU9yRTFpZElPQzFzbXBNRkR3MHlTaDFneE5DQlJ0aEZrUFNQcDNiXzFvOU9BOVVGMEdmWnlHM2FYcFQ1LXY5SExtdXpsbnJtS0dfckpOUnREQjk0YnU2MTNycEJCQXJIa0pBNkxRVWtwY2VHMEdadnRkSFRwQ0w3MVdiNy1saTBJNEtuRklmVUp3WTJ4YTdMbFlIbW9qc1dGOGlyZVdLRjFMQ0NYZXJPVXZKOVBOaThSYg?oc=5,perfil.com,es,2026-10-07T14:22:00Z,,2026-10-07T18:21:04Z,,gnews:logistica_canal,titular/metadatos,
GN-7b8bd2f6ff,"Economía de Panamá es sólida pero debe mantener la disciplina fiscal y mejorar la educación, dice FMI",https://news.google.com/rss/articles/CBMi7wFBVV95cUxPcjVvMTYzSWx0SjhvNUlYYTIwYzIxMFhPT3VFUVpXTXc3UTI0a2RRczVOLTVOYWZNUzZfeV9iTG4wb1NOOXc4SVRkUExDOGRrbHhWYnIzZ0RCclNtNDZQa1o2WjdhWjR3VTZUYVMwSnQwY2tGTGw4Vnh0MFVWMTRnNTVoYjZlSGJDWHhxRlhtQldVUVBfemN5bEVlemtHZDdaMjFPRDdXWEJuSU5hYW9lZFRXczhyTnMzR3lBbC1kbzRjUzA1clY2dWVENm00Nzc1dW5rT3ZsdkstTm5tVzluZXNOSVFQR2tJM3ZWbTFJWQ?oc=5,revistaeyn.com,es,2026-10-07T16:00:00Z,,2026-10-07T18:21:04Z,,gnews:general,titular/metadatos,
GN-7be4873752,"Canal de Panamá aumentará a 33 los cupos diarios de tránsito y fija calado Neopanamax en 14,94 metros",https://news.google.com/rss/articles/CBMi1AFBVV95cUxPZXJWa3hONmN1TS1QeUgwelNUQUJseTlSdTZaSnUtNVFCQkdneXVtbVhBSmZRd1Q3OHNBclRVZEdoNk85YlhrNEphNGhyLWJiRXNTMmRPVDQtMVNjdDZheTlVWmxQUWdFMndDTVVoQmllYjgwMXRwNF9aNUlCUEFOb21NMDM5WDAxYTg3emdOek40Y0N2aFhjcXpkQ2hqY0VlQzhlak9kdEpxdWxGNnd6cWxyZTFtN2NoUEZUX1RHYXAxaUVOQ1dxak5jV3RGdTAzVWJWVw?oc=5,mundomaritimo.cl,es,2026-09-30T18:14:46Z,,2026-10-07T18:21:04Z,,gnews:logistica_canal,titular/metadatos,
GN-7caba20919,Singapur se adhiere al Tratado de Neutralidad del Canal de Panamá durante visita de Mulino,https://news.google.com/rss/articles/CBMitAFBVV95cUxNSGNjZkw4S3RsOUVwOVM5bkFiMlBDYjZMdWpXemV2T3BwYXRDb1lWcmJaMlJrdjFBeDV5QW5vVjFLaXZlNzBPSjEzdU9BNjJpN05rZ2ZSRVlSNnZoYmxUSS1URG5qZTVUaktfNWFvUVlqYTh2Z29od0FNcHJRM1NFTEdaRmRoU2R5OGFtQ3RmbkRDNGd5R2JZdUdHSnZ0clhJc2I5QWV1VWVBTFJXdDJuSVpTY3A?oc=5,larepublica.co,es,2026-10-06T16:05:32Z,,2026-10-07T18:21:04Z,,gnews:logistica_canal,titular/metadatos,
GN-7ccb1e4712,¿Qué dice la balanza de pagos sobre la economía panameña? Servicios crecen y exportaciones retroceden,https://news.google.com/rss/articles/CBMi2gFBVV95cUxQRTUyWWFlYWkxNWY2OGRiTktid3hrUEN3ZUF6LTdPRjZaQTcxTGhQQ0tEcDhvSGJVVV8wOXl6VHdsUVVoOE92bEV3Vnlkd0JWLW5ETUZvUUVBQ3VJQUdUVzVIVmRrOFdzMWluVEJTZjJtdUJMSDJfbG1ldnNiWUlqOGhlc01SUmg5TUZKeXJSZEtBV0Vmbm10bUZoSGpyNDFyVUs3NVFKQ0phVHl3cm9pbXZIZkZLRDRHdjZ5bU1CbzlkOTExaDZIbW4zdEsya1dQejBVc2FmZVFYd9IB9AFBVV95cUxPU2RMdHRValpzU1Y0QzVSaVpMc0hWSEtFaVNZSkNmLUJDOF9RM3k2MktFYi1KMS1jVjZRRHI5RjkySG1VTVI3R1pnM2oyc2luSWZvd2hSSnVuTDhaRmJQOVltS3htZnFPZFVPRVBMTVI5MTBFQkNQTThYT29vUUxUZU1ya3lzSWpHOTFzS3dmVGNEUk8yYjRRMXplX1AxcjJWQXFjN1ltQXFvQk1jcDlya3FVX0NhNkJOeURoZWpjS3lPNndWb1RuOWNocWVMUHRFLXU2cmt1TTJfV3pIR1NVYnY2aVp0aUtLTDFOZGhUblRrNGhj?oc=5,infobae.com,es,2026-09-29T18:35:00Z,,2026-10-07T18:21:04Z,,gnews:economia,titular/metadatos,
GN-7da5c06511,Escasez de agua recorta el transporte por el canal de Panamá: Ilya Espino de Marotta,https://news.google.com/rss/articles/CBMimAFBVV95cUxQVlJObnpLdWZ5a3ZGa2ticHRQWmtQTzlmYXAwTVZTM3VYZ01LNndEdzdMbnFPaEVLS1pRQ3FIZHFabzRsLTZocGs2c0FhTVBWcEEwWEtqbU1pMENQZElZTGlOVWR5WVc2WEw1eXJzb093N3VodXFEYk9QRTRpVEdmRS04WXJMTU0xUVJ0RDQ3MVpSOUg3U3FfQtIBmAFBVV95cUxQVm84ZU02SGdESHl4LVJnTmhfRzRSQmQ2UUZ5Nkx4akQtM1cxYThzYnRfWDhoam15YXpLMGVmdXN4WWpxeUw2emNjMWMyWTRLazN2WjNodjhnS2t5OWFORkVHczA2dnJaeXk3LWU3bEpvejBKek53NzNmWWk0S2tOank4ejNRYnduNENWNzJCOHlaZXozaU52Tg?oc=5,milenio.com,es,2026-09-08T07:00:00Z,,2026-10-07T18:21:04Z,,gnews:servicios_publicos,titular/metadatos,
GN-7e921ae390,¿Cómo impactaría a Panamá la posible restricción de EE. UU. a las exportaciones de diésel?,https://news.google.com/rss/articles/CBMizAFBVV95cUxQb2lkRFctbzZBbmtudlh1RGRYSUdnajhEODlxS2M2ZVlHUzVEdTBTNXVUMkVsLTlzNW0tNl9pWkIwOGd0dUs4ZHNyOEdZMk9yOHJGVlhjSHJib0pLa1dlZTVLMDdoeThqbzNRc2N5NVR0RWYzTjNjdTBiQ3lxMFlzY29sUHU2RFU2TmgySHJKZkVGOFVoeFJFb3d3ek5XQzhMeW5GMXJYWHprZ0x1ZFhuZGlsRVpUUzFvUlZkRGh6TzJ3VEJFUUxiY0dxeC0?oc=5,panamaamerica.com.pa,es,2026-09-24T07:00:00Z,,2026-10-07T18:21:04Z,,gnews:economia,titular/metadatos,
GN-7ebe488889,Clima en Panamá: Pronóstico para este jueves 17 de septiembre,https://news.google.com/rss/articles/CBMiwwFBVV95cUxNRGN6czBZVWFPSUJZN29PT3JwYTJfOVlxcTQ4U2d5b2x5MUQxMEQ0S0lraWlDRGZZeEFrV0JiYXFUNXNhYzV1bDY2U1lmWUFDNDI1VjVQMzVwVUNRaTA1cTYtQTR1OU5sYm9qNS1fVTA4M2s5T29nSUZCdUMybjM4NFlJQTNPVzAwSFJtSk5uMThJVzBUOC1OaEJFU01KYzJFNHJFdHczeFdrNFRTWTRab0UtV3oyVUk5Y0JBaUlQUFhraTjSAcgBQVVfeXFMTUI1VDBWX1Q1Y0VvTHd2b1Bvc0FlUEV0Qjd4aUprcnFFWDZtSGkyMl9KY1JhejFNTVRveTZHLWRGeEp2SnpsdTU5dnhJbFY0NGVnWFRxam8zZ0VfWFpVeFlFSnRyeUd6bTFUTWljbnBOMkstY2FyZFNrZFFuTUtLMGd6OHdRQzlMdHgzMGZjVnNsMWxoQlo5ZUc0MFg0b3NZQ0dKaHYxX2Z6eWNqek1XaEo4bGxQZVVOcGI2WEN2SWNsT0RSVEI5cFY?oc=5,laestrella.com.pa,es,2026-09-17T07:00:00Z,,2026-10-07T18:21:04Z,,gnews:eventos_naturales,titular/metadatos,
GN-7f869f83f3,El nuevo Porsche Cayenne Coupé Eléctrico presente en el Panamá Motor Show 2026,https://news.google.com/rss/articles/CBMikgFBVV95cUxQUVVNNzVUMkx0OUhMdnF3NkdmeVdoMHluaE5MUUZFLWJBaG9yeENJOEJ4ZWM2MDYxVDBHTGc0OWpQcnl2Nk5aNWdBVWQtUTE1N0l2aVNLVEpLZWF5MWRpWGQtN0tjSS11UUUtQ3dsaUVFR1FKQXIwLTlkWW5sOFBzWmZPbnllTzRBQm0yQlMzRklsQQ?oc=5,newsroom.porsche.com,es,2026-10-02T07:00:00Z,,2026-10-07T18:21:04Z,,gnews:general,titular/metadatos,
GN-7fad35d676,"Ley de Pasantías no plantea una solución total al desempleo juvenil en Panamá, advierte la Cámara de Comercio, Industrias y Agricultura",https://news.google.com/rss/articles/CBMihwJBVV95cUxQdXNNUnNtS2k3b3g5N1FxTURJakliSlc1Y3FPSzZQNWd4eEdiS0FtZWh5THhkNGQ3dV9HR1ZtOVMtRy1SbXpzd0RCTlZSbVhPOFpkNXdLbzRTR21xdUljWHJXbGEzcjZQVTRoTU9ta1pSdmh5WUFpa2RfTXA2RUVYVHZEUVFoUldmRWR4N0VYRjRqX2RTdWdyLURhUmVzR0FYeUJGVWRRcFlSTUhDcVlmakpScEo5ZTdtZTIzQTd3UGlXNG5iU3dFM29TeFB1ZGJORGNhNWkzaVloUEtnOWRPLTB5WllNZk9TcWxBM090QWFfbVYyTVZnd2hvRFBEeERCekE3WkFsZ9IBogJBVV95cUxPRzByQW5sQlJfcVh0b29hcUd1WWNyQzhsSUhvZk1HUEdqYUk4R01KSUFoTTJWU0dYYUFEUlZfMHdsUnFmS2w2UWZ5aU5qQkJuM3hRbzNwSVVfM212N1FWbFRvUmFWd1BGeWo3UzdiUnJIN3JKTXJYZm9EUFF1YlU0Snlib0xXZFRhN1ZvZmxOMWxCSjNPRmFQWFZqbk43MkozdmswNUJRbWpBNXA1cENmcllIZExTMEJmUEVRXzd6Y0pDVGRSdU1yXzJnVDV0YUx6VlpqbHd1Wld2RFY4bTJmVFMyMEJPdHpuXzFiSS1qQ1ZNMXUzTjZ6eXk2aF8xRjFqYldwN09yZl9STHhHRGxQMXFzakJ6c29XblR6UE9qVVdUZw?oc=5,infobae.com,es,2026-09-13T07:00:00Z,,2026-10-07T18:21:04Z,,gnews:regulacion,titular/metadatos,
GN-7fafafcc78,Mitradel y CCIAP ofrecen oportunidades de empleo en Panamá: conoce las vacantes y requisitos,https://news.google.com/rss/articles/CBMiywFBVV95cUxPNmY1cnRfNFRpbF9uV3dwWTFxcFdtbG5Yalk1d1hxTFFtVFlZUWg0alhRNmNGT29lVFFMSVlyb3ZzeXVQRlRnQlhXTG14TUpHOGlheEZCc3BQUWpJU0Z2NHhuTEVuVFlVak5wZ2cxXzhiUlFueng2b0xOYldPMXlSelZGaE5WNm9SSURWX0tLRklCM0ZnV01WWjM0MndRWnd1Q21QdUo4QVRkNTRsbUY0ekhpVzZkc2dDeEl2cGVZRFYwNHppT21sX3Fsc9IB0AFBVV95cUxPZ3NTbmY4eGdHZEkzT0JDVjZVSWxnUHFXTDRST0cweWNXaEpFaVFIMTFEcFNHNjM1bHM5dWFYNHlndlQ2cTNoNFl3SzBrTHVmOUpkLXY4Z2VURzF0OFJvM1BWQXk2VkNpTEFlUnR1SmZkWE9vakx5R1dwejk2NG4zTklsTU5aZ21iMkFrTmJ2YndJc3BHREZUbG5qUERvakdrc0lobFlSYW1ubkMtVDlLNnJGQWdCV2ltNjJWdGZ4cl9qTE40UHJpSXhXNHdiQVhf?oc=5,telemetro.com,es,2026-09-23T07:00:00Z,,2026-10-07T18:21:04Z,,gnews:economia,titular/metadatos,
GN-7fd34393a3,Clima en Panamá: Lluvias y tormentas intensas marcarán el tiempo este sábado en varias zonas del país,https://news.google.com/rss/articles/CBMiowFBVV95cUxPUHpKVEtNUjVuM0pOeHUtX0Rhem85T1VnajhSeXJROFZ3M3VEWlJGN0ItU1BWREkzMXdNVWJtT2pUdFAzWFdzS2hjSGRJZzNsTzBfU2FVT21LS2EySlZ3Y1BqbExxZHhLRDFCT0owcG5kSmRiTVZRQnNFTUJEU2dEaXBGMVBMeHZJRGFDWVZZajNfeUkzdy13LUNjVTVJMmZMYUpj0gGoAUFVX3lxTFBNeUNBRTVLV0RpekdpY053TnNreUxzS29nN0piWFBEdlJaNDh3RmNwWHlWUHNjc2V3cTBqRFdGZ25qT29mTXBUQlNQdUl6RlZFVklnc2Z6TlRNdzRtd25uejNUc2RQUFp2ZnVRSTdYVm9kV0U1Wkc0dXhQR2FlSFlFWkJSclREc2dHMm5ocjl5QWt1RWlLN0xMcWtSWnVaU2VPS0owN2t6aA?oc=5,tvn-2.com,es,2026-09-19T07:00:00Z,,2026-10-07T18:21:04Z,,gnews:eventos_naturales,titular/metadatos,
GN-7fecf25781,Pedro Morilla presenta la convocatoria de Panamá Sub-16 para el Torneo Uncaf,https://news.google.com/rss/articles/CBMiuAFBVV95cUxQcFZ4YnZaVjFhekp0TURJcWNWUHZHMkl4QjktOU5fU3lLYVlMUmR5ZHlPTHJCQXJmQnZuek9tem5tbHlLV21tWXExSkx5a0tWS29DQ3NzUFRpSkRSWkZLUDdsMTFReWliQUlwVGRFZDFyeDIxOU53a1Vma2pJV0pjNFlpU2RNMXdiNjliYkJjX25rTkpPNHp0ODBxVko1cXBrcEZWTl91elA0MUJzOHRJUVIyZF9PYVhK?oc=5,fepafut.com,es,2026-10-03T18:09:04Z,,2026-10-07T18:21:04Z,,gnews:general,titular/metadatos,
GN-803d134633,Tribunal Electoral rechaza cambios hechos en la Asamblea Nacional a reforma electoral,https://news.google.com/rss/articles/CBMiugFBVV95cUxOd0lRQ0xaRDgyTWwzVTRGbFZBYUxIcDBDamszYjliRVU2cTlRTHRwY1p6OEpZZEpiY3ctXy1yZ0xSTEttSDdaN3BWTnc0cjNLLThNLU5IRWVSd2JxQzFwZXNuNEVHdGNCYUowVFpvTTdLUjh0Uk1lZmN2OVhLOUF3Zl91ZG1uU0FoYnZVMGQ1aFVSUGM2T24wcXlDbHlOb1RwWllJQmQ1eTdZaXlZSEkzZThpcldOM3M1NWfSAb4BQVVfeXFMUFRvcXVfX1V2Q3JXOXV4UzQzRDlwVHdsb0tNSS12dHF1T25EbDhOUnMxOGpfWUtuazNjQWlVeVJMdVJaQ1hMb2xlYXRBRWoxTjBNMDUwRk9BMHBhUHBZSXZ4a1FDRTdJWmpScVdqZUFQX2JsSXp6bGFSbVlrUHY1US1FNzJFMEMtajVkb2VIeE1rSmk4OGxJY2pKTGJrcU8td3YyNFBrbzFPNlBGaGg5YkF1NkxNdFBNLVcwU0lTdw?oc=5,diaadia.com.pa,es,2026-10-02T14:00:00Z,,2026-10-07T18:21:04Z,,gnews:regulacion,titular/metadatos,
GN-80ee95d760,El bajo perfil de María Corina Machado en Panamá a la espera de su regreso a Venezuela,https://news.google.com/rss/articles/CBMilgFBVV95cUxPQkhmaHJWYWt3R2FlVEVlOU9Nc2N2dDE5amNqdU15a2E0eDhPb2syV0d4WXBUOEdnUWRzcjAtMlNMdE04QXIyZ0FzTngxaHQxb1dNQzgxZjJvaXZkci1KYXRuWURNdzBFdE1tWF9ULXlpazlEZHROUlJXd01ka2Y3aVB1RXJLbGxwbjJ0V0RjWmtUWXdFZVE?oc=5,efe.com,es,2026-10-02T12:02:35Z,,2026-10-07T18:21:04Z,,gnews:general,titular/metadatos,
GN-817609aefc,"En Panamá los distribuidores de automóviles proyectan finalizar el año con 65,000 vehículos nuevos vendidos",https://news.google.com/rss/articles/CBMi4wFBVV95cUxPczlGUHd4SXV2RFltclpVbzJvTVp6U0lRbm1aU1ZHSW0zTTJLMjlSTWRWTzVpaV94SzhHUmlRb1YyRzdrMXhQeGhJaEFqVjRQN1VpNFQ3WTV3UlNTdEJfUWNRZDNkMUlVZmdXYm1DVENPcTJpTTRaVlRXUkRPZWJfSHBUVkVOcW5rTWRrZDZ0bGZZenJ3NVJLVm5pSC1JS2JaWnZlT1lUQXY5bExFcE94Q1hvTkhvSFRyNFIzTjhPaFFhMFNldVJUQ1dlbXpCNWZaSTNmejZENEotY3QxYXBjSVVUd9IB_gFBVV95cUxNdFYwLV92ZEVxY0thSGxUbjMxVWhyaEdJeDRxeFJyWi11eDVUdl96XzJWQ3FmXzBOZlN5TDhWVWpKaHhyZ2RwS0RjVlhkUFVyNWhrZUdwNm11N1h4NW1QOFdjUFFVQ3gwMkNMTVJNS1NDMDJnXy1HX0s5cEJ4MGs0QWlaMkkxNVY4UlhZd2Z6Y1NLaHNGVk80V0N3VGRLVi1UNk5wZmlJbGtQN1dvdmJ2emtPeFJWTG9Ib0gyRW9fNFNJbVhzc3RlTFBndEduTldOOXFVMEZkTC1vY0I5dUdoMjQyS0FmeXJwb1Fvd1IxZTZwQThta2NyREZVaWhZUQ?oc=5,infobae.com,es,2026-10-06T22:10:00Z,,2026-10-07T18:21:04Z,,gnews:general,titular/metadatos,
GN-826dd27acd,Alerta en Kankintú: fuertes lluvias provocan aumento del caudal del río Cricamola,https://news.google.com/rss/articles/CBMi0wFBVV95cUxPXzF4RkdyanVocTZpUXk0eGc2bE5qRkE5M3h1RkNsNlRfWW5lbjFheWhlcWNXUTRZTjFkMVRVYUNyekpaT05iZEdWSEpFNDE4TmV4WjdyQ0tPWDZwdVliRmhINEd0SVRDcFlnS3U3UmZCck9iY0ZaS3NYTHpyXzRJX0g1WXFtSUJfVEk1UjRtZDRnbGo0ZVNxNGpSQ1d6SVgwaVU3UmhnOTBhUlhKTlFRUDc4SlE2aVB4THhIRkYtQ0tjSlRuZU1Ca3pkTHFBdjNiODZj0gHYAUFVX3lxTFBBRDdHbFN6ZmlURGFpVWdJNnpxUUoxNGRCdXY2T0ZnX1k2REpMaTQ2eF9ac0ZoYTVhZDBGUUtGRG9TWXljR0lZeVIyRzdrWlBEdnZPZjdBNWNXOEY0NW4xejNydHdWNC02dzdXUHVIR2FPNUpoQ0JoTG5rNVc5d1UwZmtxRWx1a0ZMektDVkw2TW0zQy1ZRUduX3BoVHdQSUx5V2x1dUxzSHVtMVlVdEx5S0M3UnJzMVF3ZmgtbmpWeVNlLWppc29OeDZPeThfWjloRFk4cFRnVA?oc=5,laestrella.com.pa,es,2026-09-09T07:00:00Z,,2026-10-07T18:21:04Z,,gnews:eventos_naturales,titular/metadatos,
GN-8299a67d06,Canal de Panamá subastará cupos a largo plazo en esclusas Panamax,https://news.google.com/rss/articles/CBMitgFBVV95cUxOLVpsZF9VczQ2RXJiYmwyNVRZLTRpT1Nfdy1CbHYzMWRwcFAtaUtNXzhPRDlzUTFpdFM0dms5VXlISGpiQnp6RFpIWTBzS0M1TTN1eU9fUXU1bkhtS2lURVZoRkFodWo2RWpFazkxVTVETFZCMWdtcUtycUZpZ3p3SWNnRElIMnFxNGVmekRKa3k4YVJieUQ2bkl5TFdTLTc5eGJ6VmZ4SDVicDJ5Qjg1RWF0bDVaQdIBuwFBVV95cUxNNXg3Z24teWdfNlR5YkU3MTFzMWV1NU1yc3pqSF9VUGFRNDhNRGVYa3pCZXRueldGcXlIdjFGRDdJTENNVUsyX3BrQjNLLUpZcmZFZVc5T0FnUXpwYXFrQi1JVWl4LWgzUl9PN3dkZVhlRGtxYTRqT3o3blB4ckhVdnBxQk5wa0R3dXZrdnZMTVcyZ002Q1UtVG03aTZpUmw2ZWxQZlllbTBvdk1nVHQyS1p4TUE5dmhsV2g4?oc=5,laestrella.com.pa,es,2026-10-05T16:12:00Z,,2026-10-07T18:21:04Z,,gnews:logistica_canal,titular/metadatos,
GN-83919746b2,Dengue no da tregua en Panamá: ya suma 17 muertos y más de 7 mil casos,https://news.google.com/rss/articles/CBMiqgFBVV95cUxPWUlZVjVUd1RyTE1BRkZMMFZ6Nld5VmoxaWJFSGlWVnpRRlhfSldqZDBXU0txMXFIdFFrZTd4T1VFQWZhd2Y2YXdza01tTnYyNG95WUV1eXRrWnZwa1dRRzQ2aE1rUEFUN2E1ZHZreUpXanZhQ1pvb1AyeWpXTTVfMXhYSDVkdUtOS1YtZEFWUWxrX1NZbnB3YkNaNTYtT0J0dUJMR1VvUlUydw?oc=5,midiario.com,es,2026-09-09T07:00:00Z,,2026-10-07T18:21:04Z,,gnews:servicios_publicos,titular/metadatos,
GN-83c4712ea3,Panamá apuesta por el mercado argentino para atraer más turistas,https://news.google.com/rss/articles/CBMitwFBVV95cUxOU2dway1QZElhRE1TU0VaSTQ4bTZULVYwaGRuT19JUUNiYjhYSmtxSDVSX09uLWpOZGhFUDZzdFNLcjBZeFdaRVlvRWZBOWJLX0VWaFhZcllaUld6QUQ2T251MlJGaEwzLUlWSExjdzBtX1pmSEN0X25LbGhtc0xUeHFYZl9lZGJ0T2xSRVpIZWpQYThRS1BfZmoxRkZYS1g5eTlxdTdXNEU5WVlHUUk0enBBQngzQWPSAbwBQVVfeXFMT2lNZS10NTJhdHJ0WHRadGhkbHl0QWFHa1NkOER6ZlN5Tk50d2owQjhwOHZOcUtUaWVldW9zMmxXTllpZkhmZW5pcFNwS29UNjBvcF82dl9FbkVlTWIySDV4WFNwUmFjTWV6bGhPYjJQRXJLVHBMd1V5RFlEdEE0ZURDNE1IRU5KaXRKZGNTZlZNOGhUZzhPYUpkOHN4N3EwQXVmMFJpUDFrdnp0MVhtVHdHRUhwVk5pMGVxbWs?oc=5,elsiglo.com.pa,es,2026-09-26T15:15:00Z,,2026-10-07T18:21:04Z,,gnews:turismo,titular/metadatos,
GN-843dddabb8,Canal de Panamá aumentará a 33 los tránsitos diarios a partir del 15 de octubre,https://news.google.com/rss/articles/CBMiiwFBVV95cUxON05ucGJYbVZUc0NmN01JNFNjR0pZMWRlaU1JMy03TkFtYjFQYUpqUUhyTHNtSWpVVDZNVkwxZnNSc01MT0lLNUsyNEJZWC1YV1A1OUNsY25rNzNzX3lZVHctZ3NTUFc5V2RXUnI4bDlpQVRCWXJLVllTUjFlRWRaOUFTeGI4WlpIcXpN?oc=5,tvn-2.com,es,2026-10-02T01:45:25Z,,2026-10-07T18:21:04Z,,gnews:logistica_canal,titular/metadatos,
GN-847ef8b257,Panamá ofrece un seguro médico gratuito de 10 días a turistas que lleguen en avión,https://news.google.com/rss/articles/CBMiuAFBVV95cUxQLTFWTjN5MlcxenlHR3lqcDJlN1B5NkVBUC0xOFVyWHlnMjN0WWxhNC1XZE84VXBjUFB4YUlfZVc4WnFJWmgxc251U1A3M0ZkNDMzZm93dUZvVDFkbGVrQ19YQnl0Z1NFX0d1Qkd6V192a3E4cTdiTnkwOTRBSGhPOEcwYlhWZENITTNJQVhGRTUxNDJiR0pDR2pINU82Q0NyTTIxTk5hbEhieEd0blREcWo2eDI5Vjl20gG-AUFVX3lxTE1aWmFiX083RWo4YjlsZmNsdWZENXpFQUg3NzJWRGxnU3dJcjVhSE9memtxU0xBMHBzSFpUMGE2Q2ZvcTBXbElFMi1NSnJLY0VYdUY1VXIzd1lnQkVETURVOTI3akZCOUZaY0paUU9Md1QtUFFha2ZxNDdsaWRxNG1QdW1XN3kxSzgzbThBM0U2czdXQnMyMXZSOFZaMEpYNXlnSXQxTVNTbkE2VHctLUdVMHZtT0EzNGdZR1c5VHc?oc=5,democrata.es,es,2026-09-17T07:00:00Z,,2026-10-07T18:21:04Z,,gnews:turismo,titular/metadatos,
GN-856fb5736c,Las lluvias de septiembre dan un respiro a la cuenca del Canal de Panamá,https://news.google.com/rss/articles/CBMitgFBVV95cUxPWjR3Z0hjS2VaVk9nRzBTOHhoR3N4cks1ekxWS2ZYb3FSUGlGYjltTUZaMldMMnBIRVdnYmRxLUFDalVqdUk2UXZNekN6MUhybGRSQzJocU9VSVE3SjdCNDFJNmMtSTdkd1BmU2hDUi05aFhyMmNiREtFNzlkRVJNTXpFNUxqT05JVnJGdUg3UXZ6LUlYd3RicXAtVG5NRGl4RWhSVjR4ckJhMWFOUGphd0EyZFV1Z9IB0AFBVV95cUxQVTJkRHNkRXpnT1NQbDI1aTUxQlNmcV9Mdy1XemxvZ3BSTHpPQVd3aTZsNlQ4WTRoRHEzR3RIcWNMTHVFSGVIcml0Uk9DUlIwaERLc0FfUkcteEF4OE1WWWJMdDZ1U2xiRGhlaG9sWW55STFTdnRxUEtfVUtMMER6Tk54WDMtblhVV1Q5bnBZUE5oSXZJd2dwWnB4NFAyUm9RWTAtWHhpdFN4UkpPZ3pYMmtqSlZvX21wbjVMcmUwSmdfenZFS1hKZy11MXh6bUpy?oc=5,infobae.com,es,2026-09-22T07:00:00Z,,2026-10-07T18:21:04Z,,gnews:eventos_naturales,titular/metadatos,
GN-85d5e57d70,Asamblea Nacional: Aprueban en primer debate el presupuesto del canal de Panamá para 2027,https://news.google.com/rss/articles/CBMioAFBVV95cUxONGZDZnNBVXpySlZhTi12MDVEazBHaGN1M3I3OTBGejRlVFpVdmhZRnYyeXhhN2dQajkzcF8zMVBMb0pYWFctYU5RSld3dXBNUnQxWHdINldzNnpJQzdnNzlxSU9tWERaSnZPTWQ5dUMyV05vSU1FLVBZZVE1VnpDQmdkSERLdEFaem83QnRIM0ZfRFlpQ1dhLThmZ3VLUGhh?oc=5,tvn-2.com,es,2026-09-14T07:00:00Z,,2026-10-07T18:21:04Z,,gnews:regulacion,titular/metadatos,
GN-864038b5e4,Panamá debe invertir US$1.000 millones al año para garantizar suministro de agua,https://news.google.com/rss/articles/CBMiyAFBVV95cUxQU1A5QUN5bHAwdVg3OUM3azlPcFd3TWZjelFLUTU4Sm9ZM3RRc09sYVZrODVjeXhCdnRraldLVWVGc1FZeS1aQ3NsTVlIejd1SldtVkExcmpMZXFJaU8xQWR2RUUxRmNZeVdTOWpMNXNFVm9HZ2NvWURjNXBvUlY5MWpET0REZjI4b2JUcFh3MmZNcVlfNlQ0dHhidGZKQmZHMjcyYllnVDdHWjVMdWFnR3FZeXlDVlFrTy1UQXV0ZUNKMUNkdWFnLQ?oc=5,larepublica.co,es,2026-09-25T07:00:00Z,,2026-10-07T18:21:04Z,,gnews:servicios_publicos,titular/metadatos,
GN-8671d9dada,La fila de buques en el Canal de Panamá cae de 127 a 56 en un mes,https://news.google.com/rss/articles/CBMirAFBVV95cUxNMWU4QktCN2Jma0RLWXZUZUl4YkliQV9za18taU9wS2w0dFE0QnVzQmpTZVNxRTZxV3hmWVoyemxlX2dwWEdFM2JSaXlXNEozSVVaeE1keUxUNDlyaVozZTJldFBDbFVneXE4YmhXVXNjUzJmYkM0a0NpQ29wNndKVG5ET21Md0NXQkRwaklvX09zeXp6Y1VyYmNiRGtJRWZ1eWlXbmNMbnBDdllR0gHHAUFVX3lxTE5HWmdjQVZQY2RrbU5TbDBNMGJiLTgzSWh5Nkh1X1c5d2xIWUNuNURmZlNHY3VVek9URU9uVGQwM3hURkRXeUl0Vk1lTjdBTy1pTWdobkZURlZaMFNYekZKMnZwcGlVaTJBT2FtT3JHM2ZrLUNZSzJFdjJqWUQ0VzNZYTFxZFVTRzZXQ1BqaS12YkJTWWlLUTgxdHJaQUl3b3VKVUZLVW5rYzFRdDh6RWQ1SGV4a2R2bU1IX3dlLVRMZkJqcUNmV1U?oc=5,infobae.com,es,2026-09-24T07:00:00Z,,2026-10-07T18:21:04Z,,gnews:logistica_canal,titular/metadatos,
GN-86f16d9166,Sinaproc emite aviso de prevención por lluvias y tormentas hasta el domingo,https://news.google.com/rss/articles/CBMisAFBVV95cUxOaHZvNGkwTmIyU21aanhxTUhWQ0RWSUlNalRMV1hCQm1OeEpKNzYxVERLYWRIRjI0MUZDeG0zZTBuRXJVNjNhYUpKaHVyQnBlcExfbE9saU1WVFJNM19NWEtyQ3ZvaUQwX3BRVGRwaUQ2X3QzQVdZTzJNaEFKdWcwR1BVM1dOeHN6ZFh1Y2w1dnpZMldZOG1OQk1iOV9tb28tR0ZiOWlaY2JTTGVJTTJCeNIBtgFBVV95cUxQaHBUaUNISEtKeVhMNHdjb3Rvc0MzSFBQZkx0T0dMTWpGLTF5WkJIdl9DbUgwVkRGbWxvbzNPYnY0M1J3SThwSWN6bHpoM2pBMkVOTE1SVnhDSWtDUmVIcV9OZnh0ZG5aZzRzaUk3Qi1IOThUc0pmVzZFUGVFdDhpMm5BQWJWaURuT3RVY3R2WGNURnFaSmRDUzNOS3NCVjZuZ3BNY3A5djFoeHhXMVlLektkUnBiUQ?oc=5,tvn-2.com,es,2026-09-26T17:40:41Z,,2026-10-07T18:21:04Z,,gnews:eventos_naturales,titular/metadatos,
GN-8756e49941,"Directo Latam: disminuye el tránsito de barcos en el Canal de Panamá, pero sube la recaudación",https://news.google.com/rss/articles/CBMi5AFBVV95cUxPekJHS1JyWWRCWDNWdHRHUHNXa0FySFlSY1RRa0NXSUlaUGhLSGdKRjRVMF9vR1V2Y0xMWTVHX0ZULVREN2Vhb0lBTlhnc3k2aERNUWRvSFVaZ2xxa1RPLXhqOWNiR2FEN1Y3QXROWFFTaURrbUVYbWJIeHZBWDk2OW5XWHpqODAwU085U09weHpMc1gtNlJMNkllc3pSV1gxbEdpOVVfOWZfWXNXeGFXMTZSUFRtQ29nNC1pcUtLWmMxUjhVTUJXZ3NmSTdBOUVSckgtOHFHNUFudU83ZmhMdDZacGE?oc=5,france24.com,es,2026-10-07T14:38:42Z,,2026-10-07T18:21:04Z,,gnews:general|gnews:logistica_canal,titular/metadatos,
GN-87892fee5e,Vietnam mira a Panamá como puerta de entrada para expandirse en América Latina,https://news.google.com/rss/articles/CBMivgFBVV95cUxPOC1vU0ExTVB1MWFWVk9EdC12dkd2SWVXdXdWc3pFQmViM0lROWhDUzNLejROUTdhOW5Rc2JIOG1vN1hJdVFGRkxIa3JiaFFSVFFsXy1HbkJKQ1ZTZDBxR24wdEFOQWJqLXhIaGRmNkt0LWRQY3ltRlhRUS1UVzB6TndiTFRoYmZFeGlIZkVVbXZKYjFMY29LcTE3Mm9qZUZzVlRRYlBQQnlMeDZjeVhtSkE3cl92dkZyYTNaZ1N30gHYAUFVX3lxTE1XOVI2bDlUT0c3bzdyVHo2NUUxZV9zWG9aTHZKbUhGU3RKOGNKdmRKdUVlR0puUVhuV0NnMHVTc1ZfamN2blJ0cldYbUJrOHhfMENqUnZiZGlBSHpFNVZGNjJ6RFA5VFRNVDBqZjd6TGJyU0JPVUtuTXVxMWVwTnpVSkRCdXhJYTNUcnNXdUpFX0RrNHAySV9EbGNQVktTVER0MzZiTHJvY3ZVRTJEVUxsNnB6LTh5a011VVBHNWhxWjdfZ3RwcnRGRVFiVFN5cTcwd2hlVkRSTw?oc=5,infobae.com,es,2026-10-07T03:08:00Z,,2026-10-07T18:21:04Z,,gnews:general,titular/metadatos,
GN-8792f2c283,El desempleo en Panamá mueve a miles: abarrotan Feria de Empleo 2.0 en Atlapa,https://news.google.com/rss/articles/CBMizAFBVV95cUxPYkh4Q0NORXNVUGIwZ29CRDFmZjl4Wjg1b0NueGR1MkQ0aDhLUExDd3pkUWN0M2g5LV95RV9oZWlyU0xxV3RUZ3F1U1pCbDBmODAwVVkzMng4bnprTWlNVXEyLXlMbVlXdklhUzhBazRtSlNGbFpmUWQta0NiM0tfNi1Xc0lJVXM4ejFMRE43RXlZVDIwSGk4NXVialUyZHdaZmg2N3VmaDgwVUN1TW5OTkhFWmJaN3lUVkt3TVdrczZSR01BUzBTOFRlZ07SAdIBQVVfeXFMTkhBeVhPTG9tYkFGaTdWenZHeVQybXg3VTRXdU94a2l3amx0QnNDbk9DaGpydTRqbUZsbDA2b3gtTnYxc0swa0VydFFmTWE3LWd5WndpM25LcXdBYno3eGFPMExwVnBxSXpNNklxd1ZtSUo2VkJDZG1IRjB4aUVrWlpSRUFnMTlvak9oVW5EYWxJQWgtVVY1VkFmaUhKclloRHFtZkFYbExzOTVPdld3VmN0cngyRExUdTAzUnpDdmJ4Y3F5VEJRQ1UwM1dMOVB6UkNB?oc=5,laestrella.com.pa,es,2026-09-15T07:00:00Z,,2026-10-07T18:21:04Z,,gnews:economia,titular/metadatos,
GN-8794602265,Hoteles Decameron apuesta por la educación y el desarrollo en Coclé,https://news.google.com/rss/articles/CBMiuwFBVV95cUxOZWlvYUNWWDQ4R0FidkpkNEM4NGlSenJGa19veG1ZTndieEhoT01TQlU4RDduWmRpX1ZtYlRkWFd2ZlRSQjVsSFpLWXVidFdvTXZ2cTllZ05zUHlhZVd2YkN5U0x6dEFvT2w3eEdIcksxX09nMlY4WFRyNjFFdzB0NUVVTHhkWU9VMWZCXzVfUFBKZFFnT2x3UXJnOV8zbkE3UDdjOU9iX3hkS19uakZYa1BQV2tiZ0dKOXFj0gHAAUFVX3lxTE1qbWZJRUFzVkpDOWlsWjNOcmt3U0tyRVQxWHdzU0xleE9kN3NhOWRudkxBd3A1OVM2bWR0bnNLNGN1dTg4QmJMN216eHZmRS1leGZBQ3JST2phXzJLTFNteXFRVEJ6QTRKVDdyaHF2RV9PTFJXTUNlNHhWdnYtNFRxUnFDX3Foc0FMYU9HbEU5MXF2WmQ5aWUwaXBYbjVhTEhRNVF4cmJ1UnBfeVBRTmVZUmpJWEJkVFpBQmQyZHp2aQ?oc=5,ecotvpanama.com,es,2026-09-25T17:22:00Z,,2026-10-07T18:21:04Z,,gnews:turismo,titular/metadatos,
GN-87f98b8e4e,¿Lluvias para este lunes? Conoce cómo estará el clima este 5 de octubre en Panamá,https://news.google.com/rss/articles/CBMitAFBVV95cUxQdEVWb1g5dFZUbm5EUjBqTXROb0xSS3BOUXJINzdZOW51VFVvTEFyU0lzamNlLTZNVTJVNWc1MkVkbExGa21ycG5rd0cxVkJKSXdOMGZQNGVUVjdsUXBGOW5BSTY4emc4UXZUZjdlZFB4YXZ3WHEyeU81ODc2Y2piTW9UaFZLZFljcnpEa25vM2ZmR3pUTjZQN2tUSkIyZVhoRFZnTHltNHBNZXc4UlpyQTF4WHbSAboBQVVfeXFMUG4tQnlJRmlOZjNRcGJ0VXJDU1FvN0hlRUYzOXBSeHRpSXd1U0doMVBXTXU3OEp2eldtcW1pZFhvSkhFOXprOFJtZVNCeUtsclg1bVdmeFNGWlFWMS1UdXpOSDE0a2RTNlMzcndUbkVoZldKc055c2NiUVZqUzNhSHVzMmhObm5IWGVqeXRhRVl3THlFdTloaVMtd3BxaTgzYUtDOVRCSWRjUkg4VjVNc2ZMWWhldU9NNzFR?oc=5,telemetro.com,es,2026-10-04T21:21:00Z,,2026-10-07T18:21:04Z,,gnews:eventos_naturales,titular/metadatos,
GN-8805f2188a,Una nueva Ley de Turismo para llevar inversión a todo Panamá,https://news.google.com/rss/articles/CBMilwFBVV95cUxPTGZqQkl5N1lDNzREWUJjdFFkenBEVUt3YU42N3hqeUc2c1dPVkpMLTE5dHg3aFlhZl8tbkdKZ3RxamV6XzJIYTljQ3JsZ0hzZzVmRVJhTlp3cXpzVVgzbndtdUpZV1IzYTBER3J1dU1QREFIZ3pnNm1HMGFDU3BTcVlLRDRfMmE3QzZOZUVYS1NqSE0tUmFz?oc=5,prensa.com,es,2026-09-23T07:00:00Z,,2026-10-07T18:21:04Z,,gnews:turismo|gnews:regulacion,titular/metadatos,
GN-882c7171fe,"Dónde ver EN VIVO Panamá vs. Nueva Zelanda: hora, TV y streaming online por la Kirin Cup 2026",https://news.google.com/rss/articles/CBMizwFBVV95cUxPNkhtVTJCM05MQTN6S1dCZ245bm5iQU9jLVlVN3kyTmFXQ2pmU2ZHMGt0ZFI1eUNiaG1DdEV6bk1jZ0VuZnZST19WSUo0alByZFB2eF9ETDU0Tk1JR05zUE5SWFdXX1czaEVYWDdGdjNVcHZ4OERHQ2E3a253TDNJc1pid3k3NXA2dXlmQ2ZEcG9tdV9LZGcwT0c2emZIMG5xTWpGV0RNR25rNExOVzdNbVJRczR2Z2NvM2xscnVpb05FME42aUxvMmhqTEtORVHSAdQBQVVfeXFMT3JmZnpDUlRVcTVfTm54QVNkcTMzZVZGZXRzbDRHQkdZa0lGZEViYkIteHVYRVBfeXBhcjhqTUwzdzNXM1FyT0hlLWhzaTVJeW5faDJQZ292TmFpakJESW9VUjg1MksyQ0k4ZHJHa29yM3ZfbjhGcFJ0T29Hb21JdlBjbG1Id00ySEhVQ2puOFpST1ZjTUEyWXVzYlpjc05fTnZqUGthaDdhS2VxOEZBX1JRM1lHUU15Uk94WGVsUC1CYUlpNDd2Ym93MDdseGcxLUhWem4?oc=5,bolavip.com,es,2026-10-01T04:47:59Z,,2026-10-07T18:21:04Z,,gnews:general,titular/metadatos,
GN-889fec06d5,Metro de Panamá y Doppelmayr Panamá firman contrato para construcción del proyecto Teleférico de San Miguelito,https://news.google.com/rss/articles/CBMi6AFBVV95cUxOUUR0NG55SGRqUWk0Y2NuYmdaSGJxV0M0RWpZYkxXY2JJa1BGdUdEUmhtZXhFVEEtTkZuNmlPZjBMOFNNUUIwbGlsd1lWQUZzWnY4VFRpQUV3UExZaERqM0dMWHJ1SFdrNk0wNjd3aTdwYm9OcEt1aWM1QmdibTFlUU4wZVFWVEZGSktHNFJNbUwzb3pMSW9GQk5NQ04tWTNKTVVrNktTcGQydGNObTNlaV9FYnVRT2Y0WkVyRmlfUmxCQ1VRajNGaFNZYUF0SDlXRWpRR1hjNEtFY3F4OUdBSDQwWVdXNEtG0gGDAkFVX3lxTE8tVVNhQ0oyX2dpeThhU1VNcWRyUF9tOFFZaXVldjJDanQxR3Bfa3VxQWw4RDMzZnNZdTBOWENpd1ZMNjN3ZWd0TjZYbnV5V1liLTNlYUZfbFNONmRwNUdNVngycEdxVVdyVHFUTHFyTU11eGhoOE5LZVRWTkpKNlZfbV9OcWJ6YkN3aTc3Qm1Da3VER2tTa3JpaDBuQVR2NEhrTm5Va3pUU3BxdnNzMklYZFdSaDF5Um03MGZuZXVyX0JmOFdqSGpUOXd1VG1KLWk3eDBBdFc4YzVnc2NBc2ZNMFZibV82NDN3MnJ1dTFhcTNra2J2Q1N4TXBOM2tlbEdwNzQ?oc=5,infobae.com,es,2026-09-28T07:00:00Z,,2026-10-07T18:21:04Z,,gnews:servicios_publicos,titular/metadatos,
GN-88aaeff25d,Autoridad del Canal de Panamá anuncia nueva fase del Programa de Asignación de Cupos a Largo Plazo,https://news.google.com/rss/articles/CBMixAFBVV95cUxQeDZDRGpsbHY5LWFjVzJGV0pqUExoeDZXcnpxQmNOQjVTOG9yNkg4V0hfUnB5QlZnZ1MtZEZ1N1l6UW5kRmVCZTBZYzJocmVFYU9ibFdvRm83ZWhENWlZcDRSLXNHWDdsZFRzdVlnTTNHTVpodmc2d251THJBNXR6Mk5TVS1HWUZBLWlfQ0xuUGg4dm1WUlZQaE9DZFJqOHVsbk5KcV9UelRaSVdKUE4tSG5waWdCLTBRUGRWc2VHRVdqZUVK?oc=5,portalportuario.cl,es,2026-10-05T18:30:15Z,,2026-10-07T18:21:04Z,,gnews:logistica_canal,titular/metadatos,
GN-896bb0522a,Panamá aspira a convertirse en una puerta de entrada para los productos vietnamitas a América Latina.,https://news.google.com/rss/articles/CBMiiwFBVV95cUxORHJGMXNKc1pnWWZENkRiVFQzT2RTUExHc1E0MHN3S1lUb0FtZm1tbk9za1B3aGt2d3k1aUFmZnhOUmNyZXdXWmxwYk12NWx6dFR2WUE0QTYtWDk1QVk4SWlWcVVlUWxZRUN0YjNCamtZUElmVjRPQ1AzNFJYVzFSQi12U3NfMnF6Yy1n?oc=5,vietnam.vn,es,2026-10-06T15:59:09Z,,2026-10-07T18:21:04Z,,gnews:general,titular/metadatos,
GN-8bf7bdeaab,Río Indio: las cinco preguntas que Panamá debe responder antes de que falte el agua,https://news.google.com/rss/articles/CBMivAFBVV95cUxNazdvaHluaFlqSUZnX0R4Q19VZEJDYXk5YTBUMHptX0h5Y0lFWVlrR2NDQm02M2JRNUhMWHppTUZLY3BmenVtNjB5cWdfTlVacTFIbzcxT01URElIbEJCU1V3NUxnZ2tPMVE1MmJ0WFAxSUpST0o3SzdtcjRUS2V3dXRXM1FuQ052Ty1TQWx1X3JjN1FNR3B6Z0lkN3hna2MzdjN5dG5vOHdwRHlOUnR5LVRTanlUZjM4OXRyUA?oc=5,ensegundos.com.pa,es,2026-09-15T07:00:00Z,,2026-10-07T18:21:04Z,,gnews:servicios_publicos,titular/metadatos,
GN-8c576aaf65,Asamblea de Vietnam facilitará ejecución de acuerdos de cooperación con Panamá,https://news.google.com/rss/articles/CBMitwFBVV95cUxOMzJtS2k0XzJSUlFha3JxczF4WldPekJJVlEtOU5tbVBHWkduWk8zR1BON0J6dDk3cnlxbVA5NzA2eEc0YnFVU0NjQnFsbk4tQ3FUU2wtUERZbmRXWFBfYmxDajB2R1hxeUphTjRDYm9RVVdqUXVjekxzdnZNQXNUWm5Va2FET1JGaWhtLXJqOTJHOEV4MC1RVURFa0RvRUZrVzlhRDJlelVxbHJWOEE1Z0dFcjEzU3c?oc=5,ensegundos.com.pa,es,2026-10-07T15:31:34Z,,2026-10-07T18:21:04Z,,gnews:regulacion,titular/metadatos,
GN-8c739e0b90,Ofertas de empleo para esta semana en el portal de la Cámara de Comercio,https://news.google.com/rss/articles/CBMiswFBVV95cUxNTG5pRVFaR19WN2tWOHBtNFBmVGlQdW9RVEdSRlpfanZaWGY2UUJYVFFKYjZkZ0xFM1VUUGRuQUFlTE1iamRJVG5zMzRhM1N0cG1meTl1Rk1PVm9DY1c4SWN1LW55R1hfSFFVXzBCbHJqT3AzQU1hNkc4MHRIVGViYjVscWR0YnRXNTNZZDVFSFByN0lxaUVMYzlqdUhPanlTWWNQeDFBdWVjSVlCRHUtVDNUMNIBuAFBVV95cUxPMm5Dd2JvOGJyRFA2MEthYlhaZnI2TlFGZkZfOUhKRHhUVTJWSmlRdVhDT2ppYVV6dEJHNXg0VGkyblhiWmstOFFMQmdJOUtPTmdsQXJYb3dqQU1KMm50UDdpTG5LLWRyRGRwYVd2N0htVEIzS0VWQmJPdUN2OGk5NFJtUWsxaHFMVFVaS1psUzBsTEk2b1Z1R0h1dy1aRkREck95aXhId2J1WjJRMkZmTW1YR3Y4VGgy?oc=5,telemetro.com,es,2026-09-23T07:00:00Z,,2026-10-07T18:21:04Z,,gnews:economia,titular/metadatos,
GN-8cdcf57135,"Descartan cambio ""radical"" en reforma eléctrica de Panamá y abogan por criterios ""objetivos""",https://news.google.com/rss/articles/CBMi1wFBVV95cUxOMERDcFFjdExpbXZVNnIya2F4a1haTDIySkx2VWloVkZ2NUVJMXhEWFFIZFA1dVNNdmtwVXpFSzdHU1Yxdk5hLU9odk9ybEZzZm5YVE5uRTNlcUllTHZYc0p6SnMyRk5SQmZHMnhHSnVZZWZGMTRNb01YbHNJekpQZTFxS0hiQVVZdDRfVXRyeHBGZHJqTHpQM28xZ2E5aEM3bDBRb1hmUzc0d1BON0hHMVczcnFSSVhiTGZrYmowWHRUcHRlOFFrNGVmTjN0LUNGMUFobDhPZw?oc=5,bnamericas.com,es,2026-10-01T17:43:20Z,,2026-10-07T18:21:04Z,,gnews:general,titular/metadatos,
GN-8d57f44ab4,IKEA Panamá abre vacantes de empleo antes de su próxima apertura: ¿Cómo enviar el currículum?,https://news.google.com/rss/articles/CBMiygFBVV95cUxNdm5ybEtzYjlwaXFyZVRabzdtSEtFUUlpd29HSkM2MWtOS21DNEtiVHMxbGgybXVEU01wdS1YNVlWaW9VcmJtVndYX093ZjFQR0VPa2NDVWNHM3NMTVhTWDZma0ZYZ2xSYlBXMURfREs0OWhsbHVTQ1B3QzlwS2d6c0hYd3BQVTZJYmpHSzZZUEJ3a0JTdDRwZzRxcWVuNHJtT3NFSHozNENLbHcxR0NYRXNZUkZNWktIanVzTVMwTFdOYjU4NjN3YnpR0gHPAUFVX3lxTE5JbV80Ylp6aVc0RzM3MnY4TXZTR1hWRl9qaEVkZWtoN0k2MlpWUGI3LXhCTms0TzlxX2RjTWpFM3VvR0haMWwwV1M1enl2Y1dwcC1uaEFxdDB5U01qOUxIWDEwTUVvNk9xX0YwVWk5eHp2X29CNjZYOWlYS1VTbS1mcXdIQlVGM01MZ2pRWHpNVWJYa0o2NFpZbXJESkhuUWhHeXpPYldKeXBZb2VGcGx6ZUhvWEhzNDZSTWFPU243VmtjVmJiSEJSSU10NDVTbw?oc=5,telemetro.com,es,2026-10-02T11:05:00Z,,2026-10-07T18:21:04Z,,gnews:economia,titular/metadatos,
GN-8d6658eaa0,La presidenta de la Asamblea Nacional de Panamá se reúne con el embajador de Qatar,https://news.google.com/rss/articles/CBMizAFBVV95cUxNRVhNc1Ytc2NndXp0MVdMWV9GMmcwYnpXRnd1RFotdmUxM2Ffc0dMbXEzUTc2N1RqRkRHSjdpRlpHYXhTbU8wem5uVEJid3cyLW1yQUhrRk5IaW9Jd0kxYllZMzNocVFSMVZNUUtrbzlhT0hyZ0ppMms3ZldScU9kWnFEdW0tSm9xdXlOaHdCc2F6TU9ORVFNc2YtSVN2dUtkOXBqc3g0N2R1TzFJZ242bXYwcW5RX1ZPdWJ2UkFlVlB1NDBwby1zckQ5M0E?oc=5,qna.org.qa,es,2026-09-15T07:00:00Z,,2026-10-07T18:21:04Z,,gnews:regulacion,titular/metadatos,
GN-8da56d0e3d,Copa IGA Internacional 2026: Panamá se consolida como sede del turismo deportivo,https://news.google.com/rss/articles/CBMiuAFBVV95cUxOejA0OTFGZ1pqclpPa0x6RWhTbEFYcy15VzZoaHJNbGtyZ0pRRTM0eW1YVXhjcXk2aUVtYklEYlNGVHZOeEdBQVVaUUpCay1jQWVjTFhKNW5pQnFHNEtrQ2FIMVRUSnJEN1NaVnpuanlGSVI5V3haNnlLcVlCZUJUakt0cEFVVm1rVHZiNUlhS2FhbHhNUk8wbUI0bS1nSVJOZ21RMld4R3lnVFQ1UEJzc0lWUnBLcU9y?oc=5,destinopanama.com.pa,es,2026-10-06T13:25:13Z,,2026-10-07T18:21:04Z,,gnews:turismo,titular/metadatos,
GN-8dbac36dc1,Clima en Panamá: Así estarán las condiciones del tiempo durante este jueves 10 de septiembre,https://news.google.com/rss/articles/CBMi7AFBVV95cUxNZGpaekJZMXcybjVTTHE1SGdGTVo3SDRmbm51WmhfV2pWREI5RVg5akZ1bTE1QUZSLXN2SUhoOG8yRVNTWk1reTh3MUZlZ1NpMmhaYUdfd0tqdnVMVlItNzRteUxrSEhhRG44UXItSDQ2eTdBMkZ0TXpXZl9aSS1SSTgtblVPRkVnaUtDWnF2UU1McDY1YnZibUtPXzVib3pnRVlfUWdnZlo0c29VZk1nNHFiVFdIWEtlZEdpcmRnZVFvb1BWcXhIN2J6WWhybElGclJtYzdYbHBrTmhuM0FrY3FoNVg4LVk5c3J5d9IB8gFBVV95cUxQdEtLbEh0V01hUFdPTGJ5dS1OMG9yR3R1aktUTGpHMEpWQW1aY25kOVVFSWFwTWkzMjZySmpDSWRCcWFEMFVCZEVwYjlHM242Z01CdFI3Uk5sc1J1S1l5ckxHTEYzT3FPLWcxYzh3MUlhZVJZOXd5Q0lIRzloS2dnOGRqYmU3X1JJRkNxa2JWRFNoRHpuNDBlVXo1QmNROE9fZFltaGNsc1hmZnQ5T3Z1eUt0SW42UjhRVV9TMEpTOWVoazlyUUdoVzFjSFhiZUVVMXEtTkZKa0tkZUlRTzdFVERTZWtmWHZwVXl1aXZZYWs5QQ?oc=5,laestrella.com.pa,es,2026-09-10T07:00:00Z,,2026-10-07T18:21:04Z,,gnews:eventos_naturales,titular/metadatos,
GN-8e121368d7,"“Mar Tenebroso, Selva Indomable”: el Darién llega al Museo del Canal a través del arte",https://news.google.com/rss/articles/CBMiwwFBVV95cUxOODN0OEFTeXZBX05YQVRwd3RPUlYtWExHVjdFZ3Etd1FHRU5OQmJsRWd0ckZrUFFqc1N4Tkl5M2E1MFRVdk9zYmZvMW1SUTRjd053Z01GQzd5QVFYNzEtc2V3Ym1GS21uX2NFdHdhbC1pbkRXXy1OS2pIVFlSeE1mamgzMS1zd2doSjl0VUdsQXRZYzF4U19CMDJuREgxODJwdTEwZUp1eGdncm8tNDdwOXRBelM5Y1N5bG10cGtjdG5oQUXSAd4BQVVfeXFMTlRkcmxlT3QxWlctd2dZOHRNbWJNMlEwYjYtWWtlVlA2blVXNXM1Z3dsWkZucTZFZ2ZZWWNXMWJscHlIbHpnT0xOaU1pSGRRVEEzdm5PMFBMcHZxdHE3QnFyVlJ6bjJaM1FwT2Q5VlUtRTZMUG9oRkZXNDZLV0laa2FFRVVBTTBSTVFGUGdmSXpNcTZ6LUxUcTNFOFhhMU9UTFo2UTRGbXVTQU8wZTlkN0Zwb3Z5RE1jbnJEdDZHY0lFTGJMZ2RJRlFPamNWdlpnSFhNRXZZb1hrR05YYW9n?oc=5,infobae.com,es,2026-09-26T07:00:00Z,,2026-10-07T18:21:04Z,,gnews:logistica_canal,titular/metadatos,
GN-8e42f75d0a,IDAAN informa: falta de agua en Pacora afecta a comunidades desde Montemadero hasta Paso Blanco,https://news.google.com/rss/articles/CBMivAFBVV95cUxNUWRBNWhRVzFCeThMRTF1NkRRR09EUUJuVEl5RUp5blhwenFieFFoUmdObXJJZjdYaU1peEF0Wm9uRWI4YXFtNHdGbHBKMExmbEp4MXBmbk9XWU0zSDFYWDVBYkp0S0FtdDFjNDQyMnBwSlI0SVNCTWJvQ0ozclB6bUd5Z2JzSGM0OWMxOHhFSWdkV0hJUk9EU2hWZDU4eGIyMTlpeU5rMGc5X0V3S3F1ZXd2SWdVQ29iNlVyc9IBwgFBVV95cUxQNV9nTk9MRkNONnM2R29JZTJ2b3FyZ0syRmV4RmdTYnJmYkRFOWZDLV9iTjk5U181c0NxTXphcFdseWJIbUpJXzc1cEVlZUw5SG9rSEFRSE1ndEY3bEczeEdyc2VRdTBDQ0RRNHJfajV3WVFCbjlaMmo1UkhPM0t1WTFJeUZKc1lHZVhLTEZ4SjNPODJJQWZCRFR6WWQzb1F5UkdqaGdPaGY1QUx0eXUtbWlINDlPUDRqcWdIdW1sUXpMQQ?oc=5,telemetro.com,es,2026-09-27T07:00:00Z,,2026-10-07T18:21:04Z,,gnews:servicios_publicos,titular/metadatos,
GN-8f0c614b9f,Devolución de dinero en Panamá: estos son los casos que contempla el proyecto de ley 650,https://news.google.com/rss/articles/CBMiwgFBVV95cUxNRkR0VDF3T3Exb0NRak5CenczQjMwVDZfYVc4Ynk3bG5oQUNjRDljSElQMzZOcHVjX0FlTFdVaHZ2VEJyY0FBbVM2aC1IUGZRMWRQMW5DTDhqZHBLWFV0M2RKYlI1aVpzczlIWEJvS1RTNnFSdW9pdWpTU2ktNGpVZkNCUUdsM2lsYnN2ZXpjZVhqQVZmaDBLSjZSS01aVUhLZ0x5VVZla1VoQmlOdXloeS16TUY1Q2JOdmotRGFMc3FSd9IBxwFBVV95cUxNTHFvb0tiVHh0azdjLXpTcnRMSEtZNnJXNFhaRmpILS1pTWhKT0xoV3FMRml6S0RVM3A2OXJreXdhbzJ5RUxVZEtENVY3TDhPb0NONWVwbVMtaFdKZnpjcmVQcmNNb2E5WlRyUS1pZ2VCazR1MDlxOWNkYld5czllUlo1T3h3bFpxRWR4bWU3d0dJa2dPbXRPUFN6X2tYb0ljT0tEMEx0U09jWlNOallLWUd1by15VnRkeGVPR2VsOEpZc1NqTDJz?oc=5,telemetro.com,es,2026-09-11T07:00:00Z,,2026-10-07T18:21:04Z,,gnews:regulacion,titular/metadatos,
GN-8f2f71ed92,Dónde y cómo ver en vivo y gratis Ecuador vs. Panamá hoy: TV y streaming online del amistoso internacional en Tokio,https://news.google.com/rss/articles/CBMilAFBVV95cUxONlFXMmxFRzFKSmxlaXR4MkFtbVFSNWJLVEtLd2dzTUpvZkV2M2NxcXd5SmdHS3pBYS1rTjhYaHNoNE5Mbk5CZ201Y2RydkloZ1ZCaE83U3dtb1prNTJGRGM2OGc5WFJQbjBJaHRUWVY5T3daVVZuNzVqeE5aRjIzSFpJaUJ0R05MVm14VXEycWdLdS1m?oc=5,es-us.noticias.yahoo.com,es,2026-10-05T02:30:00Z,,2026-10-07T18:21:04Z,,gnews:general,titular/metadatos,
GN-8f2f9d6d54,Canal de Panamá anuncia nueva fase del programa de asignación de cupos a largo plazo en las esclusas Neopanamax y Panamax,https://news.google.com/rss/articles/CBMi9wFBVV95cUxQOFc1WDBaNG5PbXVtQ19QS3JVY2EwYy1pbG5yNnBYbW1RZjVmcGVIOVpyQjRLLUJER0Jza0paUDU4OVNiTnN2Slh5T284Rl9fOEdsWEREd05IeGQxSTR1dE1IaEtEM05PM3NnQzVzam1GUzhfLXJ5eDZiSUlzN2FHSXZPQm5FdU55ZWJnSVNUbG1pS2NRSTZaRzZEX05Mam5NejY4WmVCbE91akhrSWxUS1BDclNSSWs1NWF2SmNmcmN5VUozbEdIRi11dUNNaVZFOFZLS01OUkdtRWpwdVVET29JQ21Nb3ZBdW5oOG9BVXV0YnMzemc4?oc=5,infobae.com,es,2026-10-06T03:28:54Z,,2026-10-07T18:21:04Z,,gnews:logistica_canal,titular/metadatos,
GN-8f95e4f314,Panamá lanza un seguro médico gratuito a los turistas internacionales durante sus primeros 10 días,https://news.google.com/rss/articles/CBMiywFBVV95cUxQSktJaE4zU3VXWFVmSG9tQ19XQW1Xc0x2bUZWYTdnQmphZkxWOHpONEU4S1JYWF8wNnVyS0ZmSm8tLW5ibE9UdlBaM1R4cC1SNVZnY0E3N2dDclJReXdRSWpSTmZnZlQ0cEkzTDB6YkRXWGx0Z1hjVHd5TjJHVGRIQ0JmYzBQYkxLMDZRMm5IN0ctSzlZc1VvR0Z0UHVBYWJ4ZWxJMnBERXlwOVAtRzR0dDNwSldMWEIydWJObmVxTFhuVlRlNVk2bHJjRdIBywFBVV95cUxQSktJaE4zU3VXWFVmSG9tQ19XQW1Xc0x2bUZWYTdnQmphZkxWOHpONEU4S1JYWF8wNnVyS0ZmSm8tLW5ibE9UdlBaM1R4cC1SNVZnY0E3N2dDclJReXdRSWpSTmZnZlQ0cEkzTDB6YkRXWGx0Z1hjVHd5TjJHVGRIQ0JmYzBQYkxLMDZRMm5IN0ctSzlZc1VvR0Z0UHVBYWJ4ZWxJMnBERXlwOVAtRzR0dDNwSldMWEIydWJObmVxTFhuVlRlNVk2bHJjRQ?oc=5,ladevi.info,es,2026-09-21T07:00:00Z,,2026-10-07T18:21:04Z,,gnews:turismo,titular/metadatos,
GN-8fb3e549b0,Recomiendan al presidente de Panamá el cierre total de mina de 10.000 millones de dólares,https://news.google.com/rss/articles/CBMidkFVX3lxTFBPV25ZbmQzZVkxMFF0VUE2LWRSbVh3QVBCTzY3MmpnS21KVmpwbVlxSXVodjNUekktY2Vkd1VCS3lVS0pGU21aUHhoamZhV0t2MzI1T1NWeE9nSWMwZjJqdW80c3B1Rjl5MFFVR2VHbW5IYURBbWc?oc=5,efe.com,es,2026-09-30T21:38:04Z,,2026-10-07T18:21:04Z,,gnews:general,titular/metadatos,
GN-8fd5d0d4c5,Lluvias en Panamá hoy: estas son las provincias bajo aviso de prevención este domingo 27 de septiembre,https://news.google.com/rss/articles/CBMizgFBVV95cUxQMXhjT1hvMWdpc2lHSEhCOE9EZkk5STR0S2FIalR5M2FWTVRkTVhTY0prNEF0Nkt3U1d1UjI2Z3Rya19CUF95ekVLODdDYU90NXlnaGZXTDlMRkJBU0dsQ3BQQkpaWHJaUlh3ZkdKcGp2dWp0c2Z4TkhuSEFaaUJUMG44S1dFRjdfc2pkTFZxdy1OOU9tWW0wcUt0SDJKUlh2dWZKWDVzZGlKZjlCOU1ESHU4WTM1YmM1UDdJbU45RjJ3TmpIenlEMjlNR0NLQdIB0wFBVV95cUxQUkJuWHQ3ZXdjMUJkVVFCQnNpX3hYTkkyMm1rckV4alZ6eDEzYUl6alVGajVoSU14WVhlN3llb25HZE1KZEdiUGFzaW5ZdnZ5TDVUY0tIdTFNZEJySGdzTzBMeFEtT1JjRnlEMEZ3Z3dJVmRnSWZ1QlRJd2FHcl9pdXl6OFpQM3VtSjNUX3JjYVh3Sm5IX1RtMHpEOFFIWF9lLS03cTdqWUhxT0ZrU09odFhwRTdkWTRyb1V5LTNrTk0ycFJpVmdGVHlqc1FtY2JiakR3?oc=5,telemetro.com,es,2026-09-27T07:00:00Z,,2026-10-07T18:21:04Z,,gnews:eventos_naturales,titular/metadatos,
GN-90f053f549,Suspensión de agua este miércoles 23 de septiembre: conoce las comunidades afectadas,https://news.google.com/rss/articles/CBMiwAFBVV95cUxPV1ZZZXR3ZjFHcnhqeEpLYWNlenhJcTFVU1RxWlgxMzNmS1VUTGJfUWh3RE1wSU5kYWtSVkcyTV94c004MUl0T1hDMk0tSDA0eG5DQW9lNGxiQUdiekVRTWJ3U1R2SlVOUVlmTFRMMWtncnFDN2tkQ2ZDWmxIUlB3ZkNTeTk5d1dLR0c5NnE5bWRKaHpMbWlPYkZOX0lpQ2pGalJJVmUwekE4bG1aRVEzcmJ6ZzU3STk1ME14blZCLUXSAcYBQVVfeXFMTktWM195QTlBREh4ODBfWk02Qy1GOXVXVVJwZ2RibVM3VDRNa3Rqa3czeHFINE5QQXl1Rm5yd3o1UUpITTQxMXFUQThSZnYwMmFHR09nWENSVVFnWlFxcm9QQ1BZVEx4T2h2dUhuZ05qbmhJaGxMbmh2bkNqSlU4SHNJNm1IRXhELVYxWGRNTUdOWklzVUlaTVpqaTEwM1N4aENSVW5adHpraHBCcmxmVlJ0ZVhCbXNHR3BHLWVKdmNoQi1PdXZR?oc=5,telemetro.com,es,2026-09-21T07:00:00Z,,2026-10-07T18:21:04Z,,gnews:servicios_publicos,titular/metadatos,
GN-915df1a410,El presidente de Panamá expresó su gratitud a Vietnam.,https://news.google.com/rss/articles/CBMihwFBVV95cUxNWVZUSWJnN1lHVF8wc080UHpvM29vQ2pic2NWZXIycmVaamZYOHprU3dzaHFBYVV1VF9odUtidVRPTFhrUjN3VGpERGgweFpiUmU4YWJFLWNIZzljOWFtWFNyRUhuY3FSMzY5RGxReUFhb3pFeDJGX3pmT0FkSzRhU200UVVuQ1k?oc=5,vietnam.vn,es,2026-10-07T13:21:58Z,,2026-10-07T18:21:04Z,,gnews:logistica_canal,titular/metadatos,
GN-918f8e2ed9,Sinaproc extiende aviso por lluvias y tormentas hasta este lunes 5 de octubre en Panamá,https://news.google.com/rss/articles/CBMiuAFBVV95cUxQR3cwS1NteVZqTXE3enVuSGY4Q3ItWnY0a0FhQWY3UG9TTnVqUHZyU0Z4X3J0bVNzQmwtd1pKX19aN1VybndVbm5ETTVUN1NGTXNqTi1NMVpILVBnMmNkLUJMVFdrREtMa08xbXFWYzE2YnVINnZmQ2daS1hoRGFOMndoNDB3MkRndDlJbF8zdGhNSUFwbEVRTi1LQTBic0RyNjYtbjY3WXRHLVlfbXk1OXRQelZZS1Z50gG-AUFVX3lxTFAtbUFWb3BHanNyckZZcmFsVWgtSWtCYy1HcTdHeWdGZ2RmcDZ0cF9BQ3JleGJXYzd1azhMcXVrekpfVkFsMThGZmF1azNKSTRJdUNCd3RucjU4ZXY2NVhJaTk4VXpfUGRZempfbmppU0h3WXhobjEzaHYxSUUxSGFkeDNsLXdSbzNNUU1mOHh1UVd3anJiVkJmam5VQ0Q0WjFrWE96aGtoXzVfWkJmczQ4WGg0cUtteDBwZkdjSlE?oc=5,telemetro.com,es,2026-10-04T19:47:00Z,,2026-10-07T18:21:04Z,,gnews:eventos_naturales,titular/metadatos,
GN-92031a4f76,Clima en Panamá: Martes con lluvias y tormentas eléctricas en varias regiones durante la tarde,https://news.google.com/rss/articles/CBMi0AFBVV95cUxPMGlLRUMyQ3YwMl9JZkdjd1BqQngzb3RrSVpmbHh0SUdEZEtvRWJ6ckI0YXZWbkljZmRMOVV2MW50MUtyUTZWcll1eGF2bnE3Z1VVdjRfajV2a0JpNE1JUmtSSXp6T1hOSlJSZXM0aF93anY1U0JmQlY4Q0E0MWxBTlVxYTZpUW5mVWU1N3NSV2RGb1ZGaEo2U3U2YldLZUV2dnZEdkFTS0k0QWwxamtoZnh6XzlqYVU2MUlXQzM0MUs2dHZWb21oZmdHWXVDU2sx0gHWAUFVX3lxTE1naU1SUVVILXFSemVRVG1EbTRzdVFiS3JfYjcyUUpjQ1RLNkZaTTR3emhGckxPMGhvRTlxendIc3pPLWZaSEtycUhhOVZiVlpqVHZmdkZoUTA2YUJqMzJ4YWx6Tm40WTFyTnlBZzVZRUJRcTE1ZUlfZ1pxZzVkd1dBUlVJTThMLUh1c1RBVUZRWWplVUNEdHlvSDBpSDdqbk1keENINE5ac25ycWZTTVZkVEh1OEdNakcydUUzU0o0WU95VTc0UDNUbXFvc01NeU9lNjc3dkE?oc=5,tvn-2.com,es,2026-10-06T11:27:43Z,,2026-10-07T18:21:04Z,,gnews:eventos_naturales,titular/metadatos,
GN-92426f87a2,José Raúl Mulino prepara nueva ley para jubilados tras cuestionar proyecto de beneficios,https://news.google.com/rss/articles/CBMi0wFBVV95cUxQZTJUSDgxUURYNU9iRjlpb01BZGU5LTN6M1JWN25lZTNUUlloUnVOX3g5aE9oOWktTEFHN3dGcEZNNEVkZWVscE5vRC12a3hPNFB1ak4zam5saXhBZ0RkOERFSU1TaHM4X0xZYVhsRVEtVC02NXRETEJTYWNIU1l4Ukp5RWdqNERRTUc5NEZtSmRYOGYyLXF4TnhWZ2d5WEwwNFdQOGVkeFZMSFh1R0M4aFg0d3BDVkxDTTV5U0ZnQkNxWS1KZUhYQjFzeTh3Z0RFcWdR?oc=5,larepublica.co,es,2026-09-16T07:00:00Z,,2026-10-07T18:21:04Z,,gnews:regulacion,titular/metadatos,
GN-925e267fc0,Empleo y nuevas oportunidades: 55 personas se incorporan a Cobre Panamá,https://news.google.com/rss/articles/CBMisAFBVV95cUxOUFZ4TWNMcng5eXlrWldjSlBVeVZmQmhVM1IwbnJETnhsTUEtSEcySmR2MWszYUFTUVBZUzh4RnVBUFY2N2tRR0NaTVN0TjlBR09pQmhlRGdUYkpSM2lPcE95Yjg5WDhsV2tLbHhSVU9OU3dkTkdhZEs4M0ppTzhWQkRvWDVMd29sOUc2TzN0cERUY21TeWVFWEhLVTg2MjdnRUhjcDF6S25NdUxyUDRjcNIBtgFBVV95cUxPSnlNU09KMUJCOVEtRjQzWTZidDR4aFd0THRlQ1JJTzlnQ1MwdkZXVm55RW9FaUJOc3FMaWVJdkRIMkV1ZW1ET19DWHRfTC12bk1SR1VGNlJ5OGZuQ2Z1Q1lQOTFjUURWZlpzYXYtcEd2SVNOQlY1UmFnTHFxQkhHQVNXaEF1ZDdOaTItSmZrQ1FUM2ltbmlabGZlUHFHVThZMDVPSVVPT1VLajFYSXBQVUZWOHJOZw?oc=5,critica.com.pa,es,2026-10-02T05:00:00Z,,2026-10-07T18:21:04Z,,gnews:economia,titular/metadatos,
GN-92f1011b0e,"Clima en Panamá: Prevén lluvias y tormentas, algunas muy fuertes, en zonas montañosas",https://news.google.com/rss/articles/CBMizgFBVV95cUxOWDFMdXRiamYwa0RQWngzS1JNMUtPOEVBTWhiREtFVFpyLWFkQUprYWpxRU9DQi0xRnJ2a21TMGlsSmZPeHBjdHR5cTVnRm05UkM3SGYyMWl6bkgtX0FHT2dBQTF4clNxVzY1LUhNaGlsOWUzY3pBSUtqTm9GTGt5QWlGRzVrS3dSRlpPRTZ5SHc2VFJOUHdfcUNwVkVGNDJTbTYyME9hT0Z4YWJuaTYtS0FXY2QzN0ZFT1NpWExMR0dlTmdlX0pSdGk2Nl9EQdIB0wFBVV95cUxNcTNoQTMxTFNHTGg3MVhVanJvVWFPWnZSdXRWU2l1cXhDNmtvb3N2Z2VCNHdBTmd2b192Rnl1dXVpZWZSWkRiWlZfLW52REZQZ1NFTEdzeW5CZWdOcUlHUkZCczg5Y1RtbU9JQ1ZQbGdhRUllNnFUdUZLQWVSeUVQazFFZGJpM0VBb1djdG9nZl9uWkpKMEF0d3E4Z1VYaHZGRUZsX3FMaHJMWmJuNTZncnhXSUFXYnhlTFNUcDRBQXNnNFFNNHNkZXowZFB3eWNfdlF3?oc=5,tvn-2.com,es,2026-09-26T07:00:00Z,,2026-10-07T18:21:04Z,,gnews:eventos_naturales,titular/metadatos,
GN-935d5877fa,"La crisis del agua: Panamá necesita invertir $1,000 millones al año durante una década",https://news.google.com/rss/articles/CBMixgFBVV95cUxPVzFxTk1CU2w5U0VHZkR1cGF1OXIzZmZZVWFoU1oyTkFWM2EwRzZnUmtRTHM4RnBQLWUxUzExUUVDUEQtWGIxelZiamJwZ1ZRRnhDMFJYVjZ5VmhVeDNyRnFPazBlRFo0NWxBWFBfRnlibmJyQjFHUm9TbmRQU1d6VWlBcFdrUjg4YThZcVBDYXUtWk9Db3pJWWFlVGZiNlJvQVFxdzJjeGh1UGFIV1kwaEExblZDdXdCRXotYWw5MnE5T1QtaGc?oc=5,prensa.com,es,2026-09-25T07:00:00Z,,2026-10-07T18:21:04Z,,gnews:servicios_publicos,titular/metadatos,
GN-93a6ddd83a,La economía crece donde menos empleo genera,https://news.google.com/rss/articles/CBMixAFBVV95cUxNUE5FbV9IYkc3S2daanRmSVVDb1ZIdVhPZkFfbm1ROFAzSmxFaG54dWVFY2RodEpCU3NDcDNzRHJITEs2dXFZZnNiemdzY2RLRG1GM0lpTlBNZm1qd2VGSkdHaDc0eGFRSFc5bmU1Unc4UGlORm11LWtXWG5KcXVFTUxwRnZYNGpid1AyZWtxNERvRGYwTjBzUlZkdmdFYlNPTXpNTzFqUTV0MTBLY0RvX0t6T3d6TGRVT2lQX05wMWhoRGdr?oc=5,prensa.com,es,2026-09-17T07:00:00Z,,2026-10-07T18:21:04Z,,gnews:economia,titular/metadatos,
GN-93bbc5666f,De la Espriella inauguró la ruta Montería-Panamá: anunció que la próxima será Miami,https://news.google.com/rss/articles/CBMizgFBVV95cUxQV1hWV1RMNDNNVDU3V2VybEdLUDczWlhzU0RhWlgwalotOEo4bEFMTkJsNWZjeDB3TEpzRzBSejVnS010ZXp6YWE0QjNJM0Z2ZVpoTjlROEhBSmt2U2pKRkRpck5iNE95eHJvakZQU1MxOVNzWUE4VzUwZXhUX2tnWnJvMmRRbnhUNUNZVjFBRFVhMi1qdHl5MjBUWWhUbEVGb2s2d1F4NlNLZFhfQXZqeUJtSDNYcHRtdEJyakxZQXNjYjJ6dWhNRmhkcXYzd9IB0wFBVV95cUxNeHpEVTJobUlFREpMX3R0Z1c0dWJxemY0YUFlVjFsblhIeFRCMVNUNlJqbEZEak1lblZZYndPYnlYaXYybWhnMHoxY29pZjk4dWxaRGVXQ1hCRXZiYlJtTm1UTHpBRnVzblJrSUd4YnBCLWF0UDlxTEhnbFVOVVI2Wk9reEktR05OYnJHZDE0VHpNWENXaldCNnlPTERRUVB2RG8yRnpVWkVfXy02VjlTTVJuUlFYNU5tTnc2YlhsdE03NHoyWWZzdTlQZjRRek01bG9J?oc=5,portafolio.co,es,2026-10-03T17:42:36Z,,2026-10-07T18:21:04Z,,gnews:general,titular/metadatos,
GN-946bb91fb2,Pleno de la Asamblea aprueba el Presupuesto del Canal para el 2027,https://news.google.com/rss/articles/CBMipwFBVV95cUxQWWpvVnFYQkpRUTAzeWdvZ2NyMl9PRjF5MU1yVXhRcUFsV3EtWk5ZNTNDdmozUjhRUmt0QnZQN2ZXNjdDNllGQVBRYzVLNGU1NHNYNFFMZlU4T3JweHVyTjlYRHpENzJCN0dGMmx1Rk5CcnhRcTlUTUs0NzlCS2RjQVQ5ZG12Q01lamk1dzZRT3N6YUNXUWstNUpRT2RRNEZpQWtkTzlUQdIBrAFBVV95cUxOY2lLNnhZNThWNUlKTzFmNXhqZFZLbEVQVjVXbkN2SkpZSS01ZnJ4YjVZLXFrRkJWWjM0TldaLUJsUU0zQUdYcTdLRU1IVmV4ZHBsbGRlMm9NZlJ6TnVaRGpnMmRyYWs4OExZTzU0aTdCLWVfZG1yTUNPYkhQUGJFTHhyM0hZRElUcElZX0c5RnA3U2JIclZCNVNZbV8zcWNDVUhzMWF4TGRBMXRo?oc=5,telemetro.com,es,2026-09-28T07:00:00Z,,2026-10-07T18:21:04Z,,gnews:regulacion,titular/metadatos,
GN-94b5a27f41,Honduras: Lluvias dejan calles anegadas en Tegucigalpa,https://news.google.com/rss/articles/CBMinwFBVV95cUxOMzRESGNtS1U1MmRxRVhVTTFWcVp4TnpCOG9rcWQ0NklsYzgtSGZlRFl1eTE0TjlvYVlUcGtRMWdPbkpjNE90TzltakUwRzh6NjB2Z1hnUWlmdXdPcGZGTS0zb2lZRzd0Z29hMGVJbGNPM2Vvc1Zlbnd2alFucHJHU2FSOW1ybjZoVndBZnkyS2hVUGIyMkM5aTlHdDU5dEHSAboBQVVfeXFMUGx0R1BoSzlFbEM0MEdzN1pPME10c1dITXhKM3dPZzJ0Y0RzZ1lKZFZJQTZGUkVuRXBEX1dleDJydE9fZlRDU0EtNGlaVV9rb3VMbEdoTHNrd2x1b1Yzdnd3SG5hUHpVTDJuYklURjg0eTZHc2ZOLXg4X2ZkOXBJOHFmcWdIWjZQaVdvNU5vVGhVbUtsVnh3bHZRNWVBQ1pFc24xckx3WDVSaGg0YWhBZmc3QTNoTXBWdG13?oc=5,infobae.com,es,2026-09-20T07:00:00Z,,2026-10-07T18:21:04Z,,gnews:eventos_naturales,titular/metadatos,
GN-94f376a060,Panamá se abstiene en votación de la ONU que permitió participación virtual de Palestina,https://news.google.com/rss/articles/CBMi3gFBVV95cUxNbEZ5V055MnNTd1QxZmFqNzdpNThPUVNwdHY2ZUlXaU12am1IbFV1UGJDLVFiWWZrRkNKTzU5bUJqYmZQTDdhUXAyX0dVYnp6NkhrVnlJdnRUTUlQYmRDUm1NUGxnNkh5cF9Vck05NXRDanJzZi1ZYVlMX3d1Skt1blFNN2Rna2s2VnhsVTUxMVRCaHZYRjF0b19tdGx6OFVWU3VvVXZIb3R4UElRYTNWanlTdXotTDZFNlBfbGhYS09fbG5HMDRpZFNndld2QnF1enViRmJMZDQ1Tjh3VVHSAeMBQVVfeXFMUFN6Y19kUUFPYndRenBYdjB5OEY1N3Y4YU5HMklrVHYzcVZpRDk3aGc2LTVmaGJRSjBHMnhsdldpS3dINHBQREQxSEN4Wm5Mdm15clM4OG55VzVMRjM1b0JFSVBmdlFUdDg1bjFsTE5JR2Q2UVo2M2NMYTYtMWFBdGNnTzJFWkxOeGxrdlg1YWxqQ0dxcEZuQjNCeDJXOUduRmtSWDZfTHN6MzFEWFFkb1U0Q3FRZUhTLWl6T2RLWUR3aUNRbGZuTG1ES1dnV2ZGQmVEMGJoTDhrUklQTHRrWDhLODA?oc=5,laestrella.com.pa,es,2026-09-26T13:14:00Z,,2026-10-07T18:21:04Z,,gnews:regulacion,titular/metadatos,
GN-95299a7e59,"Integrar el sistema de salud impulsaría la economía de Panamá, señala Roche",https://news.google.com/rss/articles/CBMiwgFBVV95cUxOd0k4N1hfbVBSNVNtbVpXRlUtV3R0WVV4NnNtenppOGhvNG9GN2ZHQnVsR3ZZY1lRMU5qZ3ZUcEl2NzRfV01ZaDFmQnBBSGE3ZWtFaDBGS002YVB5YXJFT19GSmNWQWoweE9WdTRPeS1CY1BFNy1qcWwwVHFaYVhfbGEwRlhlUzJxa2x2R0pOS3BxMzFwa0xQNnIta21JczNJUWRhZ0JtZC0zNmhwa0t5TlZJVG84MWZXUUpZU2RFc0NqQdIBxwFBVV95cUxNOHBuSGxlVDkzWXlxVDJua3RqMTdpenFQUmdrcmZoUW1HMXJtZUFjTlJYdkFIRFJvT1BoaVNzZm1qM1l4blo3OS02UnppZmw5ejhMQXlzelNZYzkwVmM0dXV3X1pZVV9JSTJaaWFXdEttcHpMSENucWJ2UVQ4V09WcEljSVZVdlVHREdybWMwamlXMDAtVmxwaVNQWkkxS1hEMUVTN3A0eWRWR1gtOVM0d2lWdjRMbGNmbzB5RmRhY2Y5NzBTUXZr?oc=5,laestrella.com.pa,es,2026-10-07T05:00:00Z,,2026-10-07T18:21:04Z,,gnews:economia,titular/metadatos,
GN-95f329a252,Miguel Lorenzo asume como subadministrador del Canal de Panamá,https://news.google.com/rss/articles/CBMiowFBVV95cUxOeDFYY2d1OU9JQTVnY3JVVDM3cnVQYjMzN01teTlVUm1ZOEVNaWFzQ2V4SW41NW9TVFJFRHduM0N1cVRlX01faUVFSGRTUmUzMlhyd1hJNjhhV2FKRi13Nk9xbWRjQWlpTkVSTThING43MWF2Z3haa3NPeE9wTWxpdFI1SHl5T0VvcHNDT0pxX1BaZzR1OGM4dDNCbnhQejBRa184?oc=5,noticiasdepanama.com,es,2026-10-01T17:18:15Z,,2026-10-07T18:21:04Z,,gnews:logistica_canal,titular/metadatos,
GN-965740985e,¡Atención! Sinaproc mantiene aviso por lluvias y tormentas: ¿dónde lloverá hoy?,https://news.google.com/rss/articles/CBMitwFBVV95cUxQNjV2bjZOa0Y3TmRrSjJlWmZ0c1RLWjhRMWVKUUYwOU0yWkVjV3RZU0FReEFGNUVkdl9Eb2txZS1qN293elZOMGNCRl8zRDV0ejZrTmNsWTN3aDZwbkc0MnVYSHR3cFVGUFVGSVdTOWd6TVZib3JSdUY3MlRZWUJ5NUwzUDB3d3pZSXVSOUE5c2pUMzNZZmJOMGVUWXBCamJGWEtHelNaTnRDRUZtOTJZY3Nlcm5QSXPSAbwBQVVfeXFMTzVkODlrdldXRldOY0FqWngyTWM4Y0lXOVZsTHg2TnpwVG53cFI2Z3hKdHh6UF82N3FmSkJjR195VFV2RGswZVJpOHo2SWJLR2puYTJPRkFsWTdtYzNkcnE0TXBtUnZyTmFSYUVMTkpyRVQweUE5YXRiaS00aE90ZTZrdzg0eTZSMFc4RkJGWmNmQmxBendPVUJGTW9ka0ZBM3NLZWpCOU84cVFDS19XbnVaT0JYTkV3UEE0eEM?oc=5,telemetro.com,es,2026-10-01T11:49:00Z,,2026-10-07T18:21:04Z,,gnews:eventos_naturales,titular/metadatos,
GN-967e8cdbab,"Promover una amistad más sustantiva, efectiva y sostenible entre Vietnam y Panamá.",https://news.google.com/rss/articles/CBMirAFBVV95cUxQU2VfZW40QmtBS0lPWHhKbTlGeW43bTg5NDdEU2lEcl9iWEZiVW9QRE40cVdKVG5JWFIxUkxEZlJFT0NKdDctZ3laWmU4VkthVGtOMWNQZGY3d3dFMHh5ejYyWmJlOThUY3g0dnRYWjlOQ2IyWV9aTkh3S0lTVHU0SGkwbDVoMzBNMng1OURSTXZ1V3FCUG5vamVESlFGU2FkX3R5WkxGM1M5QmlH?oc=5,vietnam.vn,es,2026-10-06T14:42:07Z,,2026-10-07T18:21:04Z,,gnews:general,titular/metadatos,
GN-97d2bb8a39,Asamblea Nacional dividida entre diputados a favor de China y Taiwán,https://news.google.com/rss/articles/CBMipgFBVV95cUxOdlJvOEpEX3dfNkxlVDNVd2trQzJ6Ylg1NHJZbWFlZ1hxT2MtRTJwOUE3dk1UVEJDVnJUa2p5cVFrcV80R1JabkNRQzNCODlBcVJabmZwdk1EeGZOV0oyTE00c1kxVXpIc21qWWhSbVd3WTZSV3I1UjFjODRtRHZNaU5aYlItUEt0eWxDcmw1T0xSWldvcFI1QkYzRXV1ZnJnMTVjZS1R0gGrAUFVX3lxTE4zcUFpSlItV3hpRG43TS1WYV9rODZqT1NDVW9sWnRnT3NKcXVsNUVmMVlWZWg4Q0M2TUtFcWFKdWlucmRIUEdaZXk1OFJxSERoUkRvTHotb3JtTHd2NHl3c3ZwYmNnMlZ0YjUtUVE3UnpZQjBZMFFaWEVhZURuQU8tajFsQ3VYWDRveUVmZ1dsMXliZjBlVHVDUXl3TmNPN2M4SG5pZmp2VzB2Yw?oc=5,ecotvpanama.com,es,2026-09-17T07:00:00Z,,2026-10-07T18:21:04Z,,gnews:regulacion,titular/metadatos,
GN-985efbd941,Comercio marítimo: por qué aumentó el tránsito por el estrecho de Magallanes y qué pasa en el canal de Panamá,https://news.google.com/rss/articles/CBMi5AFBVV95cUxPXzBtanVZXzBabmFZaXBKWkRUYktMcGFtUm1ZMkdNR0k4bkVNTFFVNzFxWml5NGxUc2xtbEtBNTBRb1NEdVJjQW8ySUtxSTRDLXF4ZDRPUWtpTkdLMXRzV1AwT2ZZdkYzcWdhM1lMUWF4WExnOTY4LTBMSm5iWlBOYkVtc3RWeWwyV05Ib1UzVWt6RURtMXJSMklURzhkeDZkT2VjYVdDaFBQMVV0dlNURjFQSThIdHdjelRvQWl3QVZsUmg2NHhjODBMM0pnLTVPMGtnWklPT0pUUGFTSnV6Q19WM18?oc=5,defonline.com.ar,es,2026-10-03T13:30:00Z,,2026-10-07T18:21:04Z,,gnews:logistica_canal,titular/metadatos,
GN-98d61eedc9,Mulino abre diálogo para buscar alternativas al proyecto de ley No. 226 sobre descuentos a jubilados,https://news.google.com/rss/articles/CBMi7AFBVV95cUxOTGxiWkkzNUxIZ3dfRUVkWHJKdTd2a3RibW5QVnN4bnpUOThEdTFHS2JIYWlFdjhSd2tIWkh3U0gwelZ2dU4tcy1fT2pkQm1heTlzWWdIamc2Ymo4M3ZWVGhYVE5YYmlMcTFqYl9WYm5Yc3FTLVEzc29IWjFRM2lkZmZsWHJMYld1eVBwYThYdFBwOUkzNGs1dVVlNTZ1anNMb2VidEtTMnFhcEVRRUw0eEdFbzZTaFBrWWl2QWU4UTd1NlBTVlF6bFFoVGNtbGl2X1ZRQXU4SFJhLTZsMkdLYlEwcDlYVXkzY3I2NdIB8gFBVV95cUxOMzR6aWdaa3JFenZ3SlB2MHVKSFBHMy1teVI5ZUE1UTc1NGo2Qm1raGkzcmYtSFE0Wm53T3lSQnVYbWRvYUt5bWJFTnY0TUNTWVRLNjlKRmpNc3hfd19IMUh6bFoyREZRWmtrWTBnTGdVelZFNHN2MHJrcmJoZC1pa1ctTDBIS1hFcUF1ek93eElWMkZ3dFo3MERONUhGYmVVSTAxMmZyMm8tbGhCRFRnMzFySm11SExWR3BaUGpUV3FRMFNpUlpmMGpaeW1ZX3lJMWREdzExQkItb0t6cFZvOGkwc2Jha194Ujg2VGtGTF9vUQ?oc=5,laestrella.com.pa,es,2026-09-10T07:00:00Z,,2026-10-07T18:21:04Z,,gnews:regulacion,titular/metadatos,
GN-98ebaa4871,"Representantes sustentan ante la Asamblea solicitud de aumento salarial de $1,000",https://news.google.com/rss/articles/CBMiyAFBVV95cUxQX0lPc0g4ZG12SFc4eWNMTVRFdE5yU3E4ekpyRlJJbHNRQW9pVnhKY3UxUEY5SFN4eDBwQlJldW96bjhnREp0XzdoamgwN0o0LVBIVVktUjhBVjZ0bnZxcENqTTc4czJHSnhpTUk5N3NHTXVENE9sMGMzR1dqNHJNNlV0NmxjVHUyZERCVWZsOWlMdUxNWThDS2kxdDFOMWhhTjhOVko2NTBZYl9mSXNwRDYtTVItUFJBVWtybXhBTEE5VVNWWWdLUQ?oc=5,panamaamerica.com.pa,es,2026-09-25T16:01:43Z,,2026-10-07T18:21:04Z,,gnews:regulacion,titular/metadatos,
GN-990fc26230,Economía plateada: Envejecimiento de la población abre un nuevo reto en Panamá,https://news.google.com/rss/articles/CBMiuAFBVV95cUxOZjQxenZaM2R6dURBUGtqRjJtVnZxQVF5eDdvQTZfakpzbXAzU0tydWhsYnI5Z1JfSGJpaWhOZlFaaENiVnI3c3FSaVVlM21DMXNTWTJfYVJKbkJBMklYZmNqLTNOQy1qWHN5ZlR6MUhnS3pqUmNUdDllUXU5TktXelZXdGNtNk16YlpPeHZ0WUdrNF90ZEl6dTd2aGxCMjE3U1lFOFl1NV9tWG81YXRPZXZxRU05ZGEy0gG-AUFVX3lxTE04OEstcFo3X3otUjJsQnVST094NzZKLVJMTnhWbU41REhYREM1Tktka3BTUi03djU3dS1CV2gzNjZXTE9kS0x5bjQ5Rmp3cDhKQ1Nhd1BVeWZZWXZVLTgtZWpWNkpYMzR5TkxzbHJ2NmNqaTBnbm1FN1pGWXJEbGgxcjNsU3c3U0FvdHB4QUE3Sjk4Zk02ekFoVi1wYjZ1QmdfMUJlZTVtUHBwaERfQy10enBmLURiWDBVcm5zVFE?oc=5,telemetro.com,es,2026-09-24T07:00:00Z,,2026-10-07T18:21:04Z,,gnews:economia,titular/metadatos,
GN-99e545045a,El Ecuador de Pacho cae ante Panamá en los penaltis,https://news.google.com/rss/articles/CBMiyAFBVV95cUxOT1h2anZMZzhNaW95YVMyWnNFZllXUlIwUURveUp1UllIQWNSYzRxNGhaQlM0dm56OE5sNmxNS2NDTElqZHNDQ2sxN3QtWGhiX0xDV3ZyRW5fdFE4QzVIWUdpcGktaGUyMjlobFlKMVFsUTRKQ3FfSGloTk9kc0w3bm5fbzVGYjg2cWlEZlRJNGJEWXlkLW81OVRodThGUGNENW9HOHZUa2ZHbnlhY0VfUTM0b0JwWXIyWEtQNjUtQnNxejdyaTFIMA?oc=5,psg.fr,es,2026-10-06T09:33:37Z,,2026-10-07T18:21:04Z,,gnews:general,titular/metadatos,
GN-99f073d60f,Convención de Turismo: Proponen vuelos e incentivos para llevar a visitantes a las provincias,https://news.google.com/rss/articles/CBMiwwFBVV95cUxQNGtPZWltQ2dsdzdTd0dRWElXRHNpX2lCVE1MRzNneGxpZlBDdVRLb0YtTnlwN28zcWp1b09wVF9yVW5DRk9tQ05QTjNSUFVwS3JzOG9zdzd5MzUzMGwydUl3VEgxYXdJYm1jUGZjS2plOEpwODJtSmptaGNHclhlamNYak5JNVlQODkzNDEwcDhueDM5MWZTMDQxaXgtQ2JxOElTT3cxUnl1X3BPMU05c1QzcEtNNUx5d1gxUkttbVZYS2s?oc=5,informeaereo.com,es,2026-09-24T02:47:31Z,,2026-10-07T18:21:04Z,,gnews:turismo,titular/metadatos,
GN-9a6e17cc58,Sequía en el Canal de Panamá: ¿quién paga la factura?,https://news.google.com/rss/articles/CBMinAFBVV95cUxNRjRjVzdwSWNNTF9xUlpxQW9BczZTNnRGRWc4d3JQR3hOeW9WNW9RM2toS2tIS3RwYXAyOXBkX1hwS0pQWGJscW9JdWVkZS0wYkIxR0lMV3o0WFc0YUM1b1RUTUxHa0tWQmRmVHBtWjY2dXlXajVaMlpXMm5teEVoX290Z1ZrWVJ4d2RlVmduQmU4RFl5bVI4VkotTko?oc=5,coveringclimatenow.org,es,2026-09-30T07:00:00Z,,2026-10-07T18:21:04Z,,gnews:general|gnews:logistica_canal,titular/metadatos,
GN-9a90231783,Temblor de 5.4 sacude Chiriquí,https://news.google.com/rss/articles/CBMib0FVX3lxTFBQNXpVZmtnaUtieTQxX0tKX1NfYnhCaWVkZUpkYVZDbGl5U3A5RGtVemhlQTdWOVFCOWc2b1NKQnlJZm1BRXpGVXdvUUFMdGRWZU4yMURGVXR3dTB3LUVuRFFNeUZsNm05WnlTd0pyMA?oc=5,prensa.com,es,2026-09-11T07:00:00Z,,2026-10-07T18:21:04Z,,gnews:eventos_naturales,titular/metadatos,
GN-9b0522947c,Río Hato recibe primer vuelo chárter de Wingo desde Bogotá con más de 170 turistas,https://news.google.com/rss/articles/CBMisgFBVV95cUxNdTZfRHc1ZnZoSXpWa0ZPWWQxTXZTbjU3azRCTVlrN2d6R3NzNUJVVkpHa0VvS1RpLXNSZTIzVDZ0LU52X004VGVjdEJzTG5CWkVMVXM5N1k5LXhGaWVuX3doV1J2S2FYSW55WWZ4T2VDWUVRRGxsQjd3MUphVUhmeXlTc0ZVakFjTlpORTFaV2dPUkE4VkdxVGtiZ0VFRExCNjJjUEVJUDhFYkJNVlY1V1dn0gG3AUFVX3lxTE0tbUpNRkxHTGw4bURaVG5Db3EyQ2ZFTFpkR08zM0gzS2l5SWFXbWVuQ1pMNER0NE50NmRMdzNIUEMzcEhzQTBRcWFTQVdUSUZLcHIzVGJseUt1MXFZS0xMaFVJMV96ZUdoYTRGWEVXZ0lES2NqZllGYXdIdjl1M2VTQjRiSkhzcmtkTUxzUklERDlWcWNydUktMk5jSEhVUTVBSzAzSnFGRlpRdW1jcTZkQkl1R1diMA?oc=5,telemetro.com,es,2026-10-05T22:01:00Z,,2026-10-07T18:21:04Z,,gnews:turismo,titular/metadatos,
GN-9b2363ba71,Miguel Lorenzo Fábrega asume como subadministrador del Canal de Panamá,https://news.google.com/rss/articles/CBMinwFBVV95cUxQQ2tMdE5weWdfMXFYeGp6N2k3S0RQbXRFUzRpRGtIbE05enJOZnZZaUppdHUxNDFHWVltYkxsMVBXMS1DdG9wNWdldElKT0JuLVVENGg1RWY2dFRkRnV3TzZ1aEl4MkdDLU9IUGZINERWTTJVQkNVYVJjMk5BQmpKXzE2WkdVTUxBVkFlX1d0aVRCa3dhSmVveXFaYm5iTTQ?oc=5,portalportuario.cl,es,2026-10-02T14:12:26Z,,2026-10-07T18:21:04Z,,gnews:logistica_canal,titular/metadatos,
GN-9b61c14da0,"Cómo funcionan los ""ascensores de agua"" del Canal de Panamá y por qué El Niño los afecta",https://news.google.com/rss/articles/CBMilgFBVV95cUxOZmk1OXVCUi02T0E3VHRyR01lNjl4Q0Fyd01HdFlLZHJxTkQtZFZxWlpiU282Z0JpWjBRUTQxUS1DendHN3ZWb2d4RmRzbEFEUTBUSlRjTnlXRVpMTlU0RktHTVpTVXVRQnRrRlV1blphbURSWGdNaGNVZjljMEM3dmhaZ2xVdmhrUjllVjRfRWcxNFlObFE?oc=5,es-us.noticias.yahoo.com,es,2026-09-17T07:00:00Z,,2026-10-07T18:21:04Z,,gnews:servicios_publicos,titular/metadatos,
GN-9b72252aad,Singapur se adhiere al Tratado de Neutralidad del canal de Panamá,https://news.google.com/rss/articles/CBMiqgFBVV95cUxQVVNyUWVtQ3NSeTNKazBEYm9vS2lGMEZJVWdVUHFJQUtWLTdmYXNHM0JqcHNkdjNwdGVxd1p5TnlRS3BuT0hwQjJkZ3padHM5SEFxZGZaWE5PSmtGaDJIdkRSYm9rTGRKOHBBbEp5SDJMVTI4eTZ6Ym5OYmRTWi1aNE96UmdoQ1lELUZvU1JHb1g1eUFTNWU1Y1dFeVN4bDNxQTRKaWFMM0l6dw?oc=5,prensa-latina.cu,es,2026-10-05T11:00:00Z,,2026-10-07T18:21:04Z,,gnews:logistica_canal,titular/metadatos,
GN-9bfb38ca55,Ábrego: No es secreto el fondo para seguridad del Canal de Panamá,https://news.google.com/rss/articles/CBMiqwFBVV95cUxQRkJZbnNoRE5uX1d0TC1scjBRQVlqUUp5S0IwSERDenc4am9YdmZ3d3Yyd2p4VEwwRzNwa0pkYU44N29JV2QzYUViNUFweTFCdXVxcHI2Sm5KVGpkX21ZUi1QSGlMcnNzRGo4OXE5RmEwbG56c0hhSlBkZ3RoZkF4ZDRJSE1PYWVzTE9IQl9XQ1NsN3FsbDZvWFgzeF9Tcjk2RmlEMDVlZlpjMlHSAbABQVVfeXFMUEFXblEyUmd1ZG5XNWhOdDk1R1AzY3RQandsREJVOWw5RlM3SDJNOWp6bUVnbjJJbFFZTnY2NlNmRk1YM0lVUmxoQlZ2dW1kRG9GeUJ6bElPRU1qc2pkQ2NLWEN1VGFJb1NGcmo5Z2MyNUhPWlFDRW5zejhwcEMzQk9tUXpqdEhDOWdvT1VKanBFLVBfVWVQMVhuUlVqbm92UUJQUFBYaFRJeXJPdkp3cjU?oc=5,critica.com.pa,es,2026-09-16T07:00:00Z,,2026-10-07T18:21:04Z,,gnews:regulacion,titular/metadatos,
GN-9c1dbdea9b,Clima en Panamá: prevén lluvias y fuertes aguaceros este jueves,https://news.google.com/rss/articles/CBMiwwFBVV95cUxPQy11ek5SSktRQTlNTnFuY3AyNkprb3VpYXlkc19LMExoQW0tR25MSVdXMFJuelNnbkMwcUhnWTFQVU5ybkItNFE4ekphSDRPNENtdnozR0FhOTRiMGdOVHE2V2JmOEpPeDlmM2JpN1JWZVVtc29nbDBIMjRHLUg5OFRNYUJwNjA2QVBIenRtdWFhRThpcXBMOVd2TjBwdFhLVlNCLU5yWDc4T0JseFJSVWt1UzRXakdTU0s5cHk0WVNsNVXSAcgBQVVfeXFMUGdqNVhleXJUQ1ozUmNic01lMmxlSmsyNzhXb0FROWx0TTJ6dkJ4ZklCY3pJNWN3NmdwZTVXZmU4dzFiWkF6Rml2ZWNGVGJLRVotUTFFcHpqbV9xUTU1eWt0VEUxcDVQX3ladzZsUVpRVnhyZEZEOXV2am4yV3gyZnBvYXNRcHlwZmdPaWQ3bDhNZXNCMWdub3g5X3BnVVB0blFXVUc3ZmtFSGdQZGZnVGxZUVZVMEYtZktWSHUwakxoLXRNNWxleFM?oc=5,tvn-2.com,es,2026-09-10T07:00:00Z,,2026-10-07T18:21:04Z,,gnews:eventos_naturales,titular/metadatos,
GN-9c9d064dec,PANAMA: Exportaciones de banano superan los $17 millones en junio,https://news.google.com/rss/articles/CBMiogFBVV95cUxPRDhzMzRTRmNrX0taaVctQ25QV0NKT2dMRndTaEtkUHQ1ZS1SMUxDZ1djUVNQMXNjZEF0QV8xaUxQcWRNRTV5M1d2TTNXZEYySlBOU2tWeXREWnFuNFIzejVoRzhTWVl3ZDRnbVZOYTczQ1Z2eVI4UjVJbjJPX3FVVlpsR2hUa00yVFo2ZVBZZUxEb2o2bTFGN2NHUWtTczdRcWc?oc=5,elproductor.com,es,2026-10-07T13:54:47Z,,2026-10-07T18:21:04Z,,gnews:economia,titular/metadatos,
GN-9cd0b3b03a,"Inteligencia artificial, economía y empleos",https://news.google.com/rss/articles/CBMif0FVX3lxTE1lajlEb09LNXB5R2JqUTVqTk85REJzZkFtcXV2c250ZTk0djVtbzlBZFBJQS16MTB6c0c5eEo2SzYtV0k3V2hrY0JBV2xVWUZhZUt0Qll1Zkp2SjdWRlBVWmJTcTRObjR3ZEYyaDg0VWdEYWhJNmpzbE9zQXNwSW8?oc=5,prensa.com,es,2026-09-28T07:00:00Z,,2026-10-07T18:21:04Z,,gnews:economia,titular/metadatos,
GN-9cf91b34a0,Una comisión gubernamental aconseja reactivar una polémica mina de cobre en Panamá,https://news.google.com/rss/articles/CBMi5AFBVV95cUxPUFo0SkY2VkNDNUxwMkFWYm16czZnejBsQVpvR3E4eDJKV1FWUkxfUmMyOTJ5aEcwMk5vOGZ6LVlIMzlSemVVVUxmMHFFXzVJcXpvYmpJRFlMaVJCb2RVUDJrMi0tRzVlUkl3eXF3bEd3ZGQ5ZEpEcHpKQWJ1YS1feFN3ODlnNG55eXZ3dU5QN05fMERZWW1hRzB2Zno2UnlRb01oWmVnTHJVUjBNaVlaaEhzSURubTllOEhmS1Q0M1B4Ymhyb1ZOQi11aWpic2VTMGJveHRWbVBHUE9CZjhLbnBPRTQ?oc=5,france24.com,es,2026-09-30T18:40:32Z,,2026-10-07T18:21:04Z,,gnews:general,titular/metadatos,
GN-9d38119e79,"Empresas, empleo e ingresos crecen en Panamá, según Censos Económicos",https://news.google.com/rss/articles/CBMiuAFBVV95cUxQeVVXeXdVUEFfcVEwNEZwT2R1bXdHc0hZbVVfVWdvVTRLdU5wNGN3UGhuanZlUXFsRG83MERKSFAzMHBsTW81Si11ajZDMWlReEozWjdOVnVyRkFFeUFqVUpHSkZKeERGYVQyN2pTckRaQ2VXWnkxc1Qtek82c0l0dVZnQzI4VVk5bmNTYWRFenVxVFlLZXJwcmRYdjRwMDFVMV91MmxlNl9CeGtnVG8yaDVfcWJPUDB3?oc=5,panamaamerica.com.pa,es,2026-09-22T07:00:00Z,,2026-10-07T18:21:04Z,,gnews:economia,titular/metadatos,
GN-9d751cdf94,Visita de un juez de la Corte de Panamá,https://news.google.com/rss/articles/CBMiW0FVX3lxTE1XTHZBdFJpUktWbDJTYVowRGswSnRCVUkwVklMVGRBbkVScVd5Nkdoc0lUTmRZQmFGN2lFRWVsZnFHYkk1SkpqUXdDVzdlX24ydUlDQkptTkU4cjg?oc=5,csjn.gov.ar,es,2026-09-30T17:12:48Z,,2026-10-07T18:21:04Z,,gnews:general,titular/metadatos,
GN-9f050ee594,Tráfico por estrecho de Magallanes sube más de 70% ante restricciones en Canal de Panamá,https://news.google.com/rss/articles/CBMimAFBVV95cUxPUHFsMk1FOUg1dmdOZzRhbnJsaE42LTNYWjlrbVA2V000Sm1RTGR2ckpqN3VOdTFSaG40SXhCNTJXY2VlZXB3STg0bll2cloya0xNVUQtZ3BPX21iUFFjek82TjlHcEdmTTcyUlh3ckFEc0FVN0M3WGFmckFxSHpSQ3RuVmV6RWhDNVlxanUtUkUwVTNyTlJFRQ?oc=5,es.finance.yahoo.com,es,2026-10-06T18:36:36Z,,2026-10-07T18:21:04Z,,gnews:logistica_canal,titular/metadatos,
GN-9f5a8a53f2,Panamá | Caribe Mexicano apuesta por ese mercado,https://news.google.com/rss/articles/CBMiaEFVX3lxTE5XeFR2amtzb3lHb0lRRVdhaWxaanhpM0tVVml5eS1RUFZqWU9pX3YydjBfTlpaRGlIRW9udzY0X0s4VGF4ZUV0a0pBanNfQUlxZ3ljYld3cUxpQWJ2ZERlMmNwb1N6ZHdV?oc=5,24horasqroo.mx,es,2026-09-21T07:00:00Z,,2026-10-07T18:21:04Z,,gnews:turismo,titular/metadatos,
GN-9fc2b0e77c,Clima en Panamá: pronóstico del tiempo para este miércoles 7 de octubre,https://news.google.com/rss/articles/CBMi0AFBVV95cUxOcFpCR2M2TXhCLVRqRWFuM2JDYWx6TjZZUnViTk5pSnJvdVJRaENVRjA3SVNVNFpJandUSXFfWHEyTWhtSjF3b3F4aHlhNUY0WUpFYTZrd2NKUkVjdnh1ZlJlRFVJZ3k1UEItUFJFS3loR2J2QlhLeEoxbERpZDVaai1MWlJORUd2U21oTFM1RUMtVGtEN0xUZ1RGWGZsMjNNYzlkSlZGdkRRZGY5SHFSVmN2UE50aHAwa1FiVmNRX0xwXzQ5Z3dlR29WLVBnbVRs0gHWAUFVX3lxTFAwVWE4YnpzemVsb0hzWXlrcXBXLVEtc3EzLUxkSWp6cGFLdjlzYUNXc3NiRkNxSlYzS05jSnd6UG41aUpzQld4cTloeUZjNTluNTNwUjF1NU5kQktnX2JlUk9KMDNDZkRUWHliekp1WENfcW16dEozMW9zT0E5UjZsNEdXc1pxZktQT2FIbjFxYmxBUS11VUtTOGlHRjdoSzRFZ3BPVWx1WVppY1lKb245WVd6bnZWejFFa2tkRTQySDBaVm96SjE3cWNMRFZDblhQSXhMVEE?oc=5,laestrella.com.pa,es,2026-10-07T13:13:56Z,,2026-10-07T18:21:04Z,,gnews:eventos_naturales,titular/metadatos,
GN-9fd21c9380,Canal de Panamá aportará US$3.608 millones al Tesoro Nacional durante el año fiscal 2027,https://news.google.com/rss/articles/CBMi0wFBVV95cUxNUkU1N1VLODZBRG1SbFZidXZhV2tvVEN3aWR3Q3ZyQW9YSk9kc0JkVDBUT3drSExFTlVQTkJqb18taDctQnVaaUdSVy1Ia2ZSNnBsNjJFZE1ZVjMzYS14RXdweUdHejFIS2FVT2Y0ekh3TFQ0RjdELVJST0tldFBoTWVLT3ROQlJlTmxKWE1KMVZRYk41bVVjbWgwbTJsS2owblh0b2NhbFBUUmt3aGM3UGxyeFZDM3ZmckZKMDR3U3drQUR4aGdqSjFCazhsbkY5ZzR3?oc=5,larepublica.co,es,2026-09-29T15:24:03Z,,2026-10-07T18:21:04Z,,gnews:logistica_canal,titular/metadatos,
GN-a036e0bb9e,El Canal de Panamá amplía las reservas anticipadas de tránsito para la temporada seca de 2027.,https://news.google.com/rss/articles/CBMitwFBVV95cUxNdkc5X1cwTHhLOUxuUFZlNUFGcDBrbWN3MEpZZjh1QUhoME9JN1I5VGl0YVpFUkN5cHVQcTJtMXhFZEVyMC1wZWhWVkdiVW91bUdsQ044RVZTTG1vRUVrVWVvWlRDemtvdWluUXBWQ21uOHhkcUZEcWxjREJCdnFNbTM1N2M2SGViaE9OYU1ZMndoa1RVUldyT1VqbFZFSFZaOHc1b0FyTTkyMWxiM3BRMlhYZEhGWE0?oc=5,apam-peru.com,es,2026-10-07T01:35:00Z,,2026-10-07T18:21:04Z,,gnews:logistica_canal,titular/metadatos,
GN-a09c60fd97,"Panamá será la segunda economía de Centroamérica que más crecerá en 2026, después de El Salvador",https://news.google.com/rss/articles/CBMizwFBVV95cUxPRzB0ZDJIWVRHaUVIbnNzWS1HMUdLdXhRSHU3V0l3QnEyMndId3o5OGFRRkNmc3AwcjIteG1Na3ctOGhCU3E5VlhLNXNva3JUamxLOHc1S2J2Q3REcnV0Vk1rZ0M0dFVoaE5ZakZSVTd2NjJ5VnJLT1h3RW1xaE55bUQ1aE82aTJXY244MTNEZXlHZi1OaXZpTXY1ZlNPeTR5am9TSXhiT2djNWZWNms2dFFMWXUtWFFCXzR2UV8tM01hTDlFaDd1Nkp6S2FwNm8?oc=5,noticiasdepanama.com,es,2026-10-06T18:51:33Z,,2026-10-07T18:21:04Z,,gnews:economia,titular/metadatos,
GN-a17b6f41ff,"Presentan estrategia ""Diciembre en Nicaragua"" en Costa Rica y Panamá para promover el turismo de fin de año",https://news.google.com/rss/articles/CBMi1wFBVV95cUxQUGZ2cjI3TzFkaFdOUkVKV3NGUTUzamQxT3dlY3hpbG5zUGdVMjh2LVpXc1JyX1BmemgyT2RKTWh0Qmxrc2hTTkJJUXdxd2pUY0RaR21hQWVSanNzUjl2S05hR0JHYVdOU1RqWnBTaWUzLXIwbTUxX1QyOU1vRnRnY1JOQVo5SWdHZkRQOU4ydjg0LXBXNFB4OTNGZGJSYm1NaUxEUmY2NHVoRGgtNEtYeFdUV0VTeHltWjM3d21wLWFHSWRtNjVqZUxqYkU1aXBRRnQtMU1PUQ?oc=5,nuevaya.com.ni,es,2026-10-02T20:47:38Z,,2026-10-07T18:21:04Z,,gnews:turismo,titular/metadatos,
GN-a1966cde17,Barco con destino a Cuba interceptado por Guardia Costera cargó combustible en Panamá,https://news.google.com/rss/articles/CBMiiwFBVV95cUxOYjlrYmlCY1NFUnV2NW1IeUVfVEYzNWpfRkhrOGhxUVFDem1sYlV1VHQ3VndDR0xPRWRzSk5QWTlPVVQ0a0diN2ZEYWc1cHhJOG5iXzFDMURpbUk2RFkwN1RRNkNCSkkzWHc3MmlzT1hwVlVLRy1YYk9pVUlpcTNyZkxZRUkwLUZPVy1F0gGLAUFVX3lxTE9HclY0bWN2ZnN1WTlNR1c4dHFUbjlFdHEtUmZkZ3FlRk5veHJubVhnTERKZXVoLW01bmFBQXhzV0tqWlFUa0EzTmVxSVZtWFdtdFdPb0xzWEs1cUdYYVA1S0QxU2NVaUhYbWdYX1o2YUhhTHFiRzdhVXEyZlN2SVQ5cGhUZ3Z2M2JuNzg?oc=5,elnuevoherald.com,es,2026-10-03T00:34:55Z,,2026-10-07T18:21:04Z,,gnews:general,titular/metadatos,
GN-a1d8fa79b6,Vídeo | Panamá Oeste apuesta por turismo e inversión para su crecimiento y desarrollo,https://news.google.com/rss/articles/CBMihwFBVV95cUxOYlB1RnNlQ0pZd2J5aUJtQzNtMEdhYWJpM3ZDY0cwamJVeDhjZ1VOOTlORVF4aEdIcmsyOC1FUWwxdkJWREk2d09HVm5kWXA2TWs1d3BOS2tnYWR5WjEtQnplZGFqN1FpZkgtbVNRSDdfdTlHOGpja0taS1VyTDBvNVBQYVRmYTA?oc=5,tvn-2.com,es,2026-09-30T00:55:55Z,,2026-10-07T18:21:04Z,,gnews:turismo,titular/metadatos,
GN-a1fcd22b05,Panamá - Ecuador | Pronóstico y cuotas 05.10.2026,https://news.google.com/rss/articles/CBMiggFBVV95cUxQOGVLSTh4U2VaRU9sU0pKbWZiVm9ETDVHMGxHUGlwSW5oUWduS0tsbm1idFV0SnZNR3drSFk5TVVwZm5iQTBJWnk0alhuLXNERDBfa0lnUFF3clNnblR6d3UtNDl2TVUyMVhmZDJhY2tNdHc3TFA0S3ZiQ3N1R09aSFFR?oc=5,as.com,es,2026-10-05T01:42:07Z,,2026-10-07T18:21:04Z,,gnews:general,titular/metadatos,
GN-a2ccb588ac,Instituto de Geociencias reporta sismo de 5.4 al sur de Panamá,https://news.google.com/rss/articles/CBMiugFBVV95cUxOYnY5ZlY4Ym5sNktteXRydmhySDhIX2QwN05OME9rVW9nM2hoT1FlQUM1bG1pZ25kRzdvSlAxeU5yRmtDZlM2cWdXY1I2dWFsLU9VRjl3RzJHWGtDN3A2R0kyOE1XbHQ1QWNRNVkydkNvX01oRHlSeUpfVllhdTNwN1ZhTEdlQ3Z6ejRteVRKem9sZlJxRklOWFVwOFdoRnZJbXFJemM3dk1rMkRvTFpiVkZRckZ0SkdMZlHSAb8BQVVfeXFMUGQyR1pMU1FmazkxWmVQdW9LUy04SmNjcXNGT0FDTHhrVUhtM3pycWRMUFJrc3pJa2thS3Q0NXBoQ2xSWGdVYjdWbjQ5NVlyMzhGdEQ5LVFma0ZQak5oWWRsdGNxSW9xRllsVnkwakIyUFRjczQ3eUVJcUptdjhZVVlMT2lIaUVINWdvU2tPTzhUV3dhMk5KVXFDblpzSXQzb0VBUy1LT1RETjNuTEFfYjR4cEt5cU1KcUpfdzhSc2M?oc=5,laestrella.com.pa,es,2026-10-04T12:39:00Z,,2026-10-07T18:21:04Z,,gnews:eventos_naturales,titular/metadatos,
GN-a2d1cd41c4,De Panamá a Costa Rica: cómo afectará El Niño a Centroamérica entre 2026 y 2027,https://news.google.com/rss/articles/CBMivgFBVV95cUxQaXk3ekthaXRyclVvdnExbGllRUExeXQzaE45R2tGMV9zUVFwQnM2a0Y4MWFiZzRFcXVveU0yOGRKclpBTHBYUGVNY2FqWGhmWjlqTUFhcGpvYTdnOGc0cVlOcGdjQi1fWm14cS0yWjFyMjNkRmRNVGdvVjZrc1ZrdE9MY1ppNHpyZWo3bDZrb1pkZVloYS1KSjdjTWk5bjRaQnZxQUMtRDZpRGdqZDV1dVFDaWthbm9ZbDdkdUJ30gHSAUFVX3lxTE53UTFHaEg4U3Z6SFVTVUNXYjBqM1pHMURpNERYdTVOa2ZvYkhQVEpaX3p1WXh6aDRvZWVvVEstWFZLazVRWW1LQW5adzZVQ0lMMzkxYUlHcHVGOWYzZUFfVDZOWW9xdUJ2d2FHZXcwNVA1VmhiQTJubnNIc0MwRGVGTGdfQXlGZjdFb2docm1Kc3ByM0drOThVaVhJaVpGU0Q4RFJROW5PUDB5M2R2eUpoM0NoWENyZ2VVdEdEbmxGSVVQZXg4U0hoeUtLNWlJOXFlZw?oc=5,bloomberglinea.com,es,2026-10-06T16:23:26Z,,2026-10-07T18:21:04Z,,gnews:general|gnews:logistica_canal,titular/metadatos,
GN-a3337bcdab,Lluvias en Panamá hoy: estas son las zonas donde se esperan aguaceros este lunes 28,https://news.google.com/rss/articles/CBMiwwFBVV95cUxPcUFlejJBQUFzb0N2eW9qa0xwN010LUNBN2NEMDFraGxIVzk4YUdUa1MxT3ctbUZicmhReVRiSjdhTzRraDh0eF9qaFdWaGZqOVRWZEpTWDRGMzlsSldkQjRXbFlOSFdIVVZ1UTZFdXNfWjlpRkFOT1VhQVJPN1RzOWQxR2doN3B1eGdDdUFxZmQxTHJnbXRNQlZTTE5LTHppWVhWNXNPeXNJWU8wcm1QRWJUR056aGFJZkZoRTFpc3NxVHfSAcgBQVVfeXFMTndzMzNNNk5UbjNDQ1JwYUVVekNIeDNpamgxWUF0QndLQ21RT083cDdEM2ViSGpHMHVwa1hDY3RibG9udUx4ZUNxSDhINUVSRmNoSjNTTGZzelRTQnBQTUg2dXdmUVhkdmJkUHRrOTZtd3cwRTJSZ1UxRnJOb1hOMXdYWXYyeVgzS0hKQ3JkbERlbzFES1IzcXc0dVh5dktZTWFfSnZJbUU3RUwyb1RVdFpDRmJvQ2dIaVNRX3FOakxCZWhpVXVWYzg?oc=5,telemetro.com,es,2026-09-28T07:00:00Z,,2026-10-07T18:21:04Z,,gnews:eventos_naturales,titular/metadatos,
GN-a3df1b50ae,Línea 2A del Metro tomará forma en 2027; movilizará a cerca de 100 mil personas,https://news.google.com/rss/articles/CBMisAFBVV95cUxNSHlWS3FNVEk0ZFc0dGxtdGhnZFV4TTJOajRFcFJyckc3WWNrX25rRTlkX3ZmSG5SRFV6ZFBRTm5XUV9kLTJuWUlGTGRqMkhPak5IbDlOSHN1NU5jbzNVMWVPbVlveTlEYk5Ec0ZlYWNTZjFQekR2N0J3WDZnRmZzUEd1b0xyeGNRWHhEU0VLWGRGNmlyWXhIV2VsTnRKd3ppc2NUZHpabUF4WHkyY2EtRQ?oc=5,prensa.com,es,2026-09-29T07:00:00Z,,2026-10-07T18:21:04Z,,gnews:servicios_publicos,titular/metadatos,
GN-a472ba9730,“Tenemos como principal objetivo poder descentralizar el turismo de la ciudad”,https://news.google.com/rss/articles/CBMi0gFBVV95cUxOQUEwZkNicXVMSkxwaG9EUmI4VmxqTFNRMXVfRWpVeDVJazlsN1o5T25YbW1BZmNFamx4YVJmMVVmazBCSHRnSi1BTERqZ3ZZQWVSNWcxdTR5WlNvOGdfZHdtZkJHVXhZWmZreVBYdTJ4a0ptVzJQckN6aXo2d3R3UGdDamR6bTgtOThfaURfWElORXMxT0hJdTB3bUt5czIzcmlMajloeVRpVUttYTZVVlN6aVF6TC0wcHdpeTdrMmk2cmFObF9WUURGTEs4c3pLd1E?oc=5,larepublica.co,es,2026-10-03T05:01:00Z,,2026-10-07T18:21:04Z,,gnews:turismo,titular/metadatos,
GN-a4819fa89b,Posible alineación de la selección de Panamá ante Ecuador en amistoso,https://news.google.com/rss/articles/CBMingFBVV95cUxNNGFNUkpjLUF4YTcwVHlKRzBJdGF0OTdyXzdPcm9BeEdVcDJZSnpSVS1mdGRiNDB0ZXFhdDUtZThIUV9ycllwVTJYbEtaajAtMWE2OUIweThpMTNNbjVoaUhtZVo1ZllhM0NLOXVyNEZ6b3ZxMEZfdlpBbjBRRHZCNHNQdWNUQVE5Y2VlS2FNWGs3VXRTbzdPNzFlSUp5QdIBowFBVV95cUxQcmxsZm92b1JRLXQtMXhibE1HM0ZTTkNsT1c2WGJwUnBvRFFEc0RRTmtzX0szaUlZZjBDWUxaQ3NqNWRILWhnSmI4R3RHbEFSUkd2MmJDN0dZTERxQWZja1ZGWHQxbmJjVzQ2M3ktZ0ZoRTlyMGlVd3lzc05qc1VkVFNUb1BrbFY4TzI2TDQtTFlTQkJBSU1iNnJUOGpOQlY2Q1hv?oc=5,rpctv.com,es,2026-10-03T15:38:39Z,,2026-10-07T18:21:04Z,,gnews:general,titular/metadatos,
GN-a4ac7cae62,"Las MiPymes en Panamá: un motor de valor económico, social y ambiental",https://news.google.com/rss/articles/CBMiygFBVV95cUxNdno3VTd5X0VRNVlzY0g3ZS1VaHdUbWI4YW5ROE41Q2xoOTFPM1duN0xlTlRCQTYzSmh5V3lURWpKaGduVC1FTUZuQUZVd212SExhRGxyZ25nR3pXS2M5Y2c0WkdvTkdMblhvem9wYXJCVzBjbVVLR2IxTmZuZ0M4LU4ySUNPT2VVS2l3eTVsWUhxOFV0WDJIT25Ea19GNThLYlJHRFp2QmFfck12bmlMZFJYRkI0OVlKTjFLS09ub2NtemtrbU5pUlJB0gHPAUFVX3lxTE5BeDhyZnVoTWNJamE5eHZhRzlpWllFeEdLX2NTeHpWUU5qTnpSandpVE1mRGxQc3hja2dGaUxrZ05OVlJnckFfaXlHYVFjbTFjNFZkU0NOWWtWUXMxUFJXM1MwLWk0NXRkankxVkNYMDNTeUhuUXVjUXNKTWlqNjZNRlRuMVBrdl9FeFpzQkl4Rlp3aURodERERUZZSTA2TWZ5aGpfVkExSW5fa1p2dmdYVG5ZQVRkWWp3d04zdl9tbGRmWUNyaGk3SFU2cUlqWQ?oc=5,ecotvpanama.com,es,2026-10-05T00:48:00Z,,2026-10-07T18:21:04Z,,gnews:economia,titular/metadatos,
GN-a4eec52e8b,Gobierno debe apostar por formalizar el empleo,https://news.google.com/rss/articles/CBMinAFBVV95cUxOUFN2dkRsaDFCRTF3R0tUM2N0eXZIYkRXdGEzak0zZUhSRjRnYVl2U3VoR3VEMkRpRTdmd29pTnYwaE1FZHR1aWttMlYtYXM1Q3BxRlNLVV9ZN0J6Q3A3eDNVaXBCV3FuMnotcVMtNnVKMGZDUkh0aXF3U1QxWWpnelRxVGRDbWJ3RHl6ZW1MUTFLZ2lUdkhnd09sa2Q?oc=5,panamaamerica.com.pa,es,2026-10-01T00:55:02Z,,2026-10-07T18:21:04Z,,gnews:economia,titular/metadatos,
GN-a5312aa0c8,"Panamá figura entre los tres países que más visitan Montería, Colombia",https://news.google.com/rss/articles/CBMiuwFBVV95cUxPR2IyeWctclVON2ZjaGZtVlNzS0oyakpRd2VmaWxZSlU4amx4WGJmSWZiUFJQTXlXNmpHcWF2WlZ2R3FVRVlNOHRmVjZiR0lrRllEa1Y0T1RwTGQ0Mm9NM2VuZVltQTJlRnA4cGI2WWhJTmJVV2VOZDFUbzcyN2xKVHlVZjVJcFpXNnhTNXR2ZUFSX05IamhabTBIZ05aQzBpSVRzYmNDUXdKZjlCQnFJZ2hlNm1zWE5vYVo00gHAAUFVX3lxTE9fNGxQdUdLR3hrc3ZGRnJDQm13anJIbVhncnlEUENZRVYxNmVVU0R3SEJ3clZUUTFqeW9BRlB1d2ZPLUZiNVFwTEZvOTZZVXJPTUxyU201eGY4VldzaHBVMGhHVUhKYTZvTnc5Yk96eGdfb1QwSEcxeDFTblVUdDR6M2JyVlRhbmV1RUo4Q0JHR2ljSk1RLWNQdmNyYzJmdHQtVl9PRWgzY2tFay1PQ2RLYTdxQTVBaFZsSm03X2wteA?oc=5,laestrella.com.pa,es,2026-10-02T22:46:00Z,,2026-10-07T18:21:04Z,,gnews:turismo,titular/metadatos,
GN-a606c33429,¿Trabajos del IDAAN este fin de semana en Panamá Norte podrían afectar el suministro?,https://news.google.com/rss/articles/CBMiwAFBVV95cUxONHo2dHAzWk0yOWRWb001M2d6cUttbENidHlubFlxdHlzZWJ4ZDB6VVp5em01YkdZdVA3ekN6S1NyUzhQNkxFWFZRTzl2cV9IaWtaVTNfNXpSWFpaVVZlUWJqelFnczNGYWlzZEVHVHBuQ2d4Z3JELVZNREtkNzhDbno4UENhTXZZRmxpdmV5ZHpXREJ4d1hiUGJhZ2QtNDUxOFBoY2pNd0RmaEkxVnMyRk03ZmNpR0JGbFk2cEp3UHbSAcYBQVVfeXFMT2lWZjloSmxQdDlEM1BQNGt6M29pQVBmVDIyQnNSOXB4ekNzMWp4bzNHZnpKb0d2SXVGNzdaLUxwaGc1VFpzYVc5bjQwTGtKcmo3bGNFOHhYVU1NbXI5dlJaNlpvMnJsUFM0bDQ5akNwdXd3ckRHR3RPNTE3MkxLVHZmZDllZ1pjbHJidHJsSTl6LW8xdEVGYmREbk0zc0R5eVdTblNsT2xrbGZ1YzR6MDlselBLTzRLeWlXX2UybFFLWHpJRlFB?oc=5,telemetro.com,es,2026-09-25T07:00:00Z,,2026-10-07T18:21:04Z,,gnews:servicios_publicos,titular/metadatos,
GN-a6e3e1ed2c,First Quantum ofrece negociar con Panamá un nuevo acuerdo para la mina cobre,https://news.google.com/rss/articles/CBMivAFBVV95cUxPQkFCOFJ1VzlBYldGWEdnQUNBTGIyUVB3RTFVM1FBcHhkOE9CRnJyem4tX0F4UlZDUk5nTTRvamgxZ3hkdW8zY0RtbzRPSl9DQzQxR1ZmTTVVUFAwcXU0R1NyazVwZUx3c0dkSzE0Q0FESGYyem5jTW5LcGY4dElhclVoYThPV2szWHNTekNMbkRyTTlKZ0paV2VlN2xlNDRUWVVoV3lYZXBzMnRYbWxhdmFKVmhaVmVYYzRZRA?oc=5,forbescentroamerica.com,es,2026-09-30T21:18:49Z,,2026-10-07T18:21:04Z,,gnews:general,titular/metadatos,
GN-a6fc400bc0,Panamá recibió 1.8 millones de visitantes hasta julio y mantuvo un crecimiento turístico de dos dígitos,https://news.google.com/rss/articles/CBMi3gFBVV95cUxPbkFlQU9QR2k4ZWhTTE1jZzNtUVg1NllsdWZlVmRidVl6d09tcW5uckNyU0ZicG9rMG1DZlZJUXRTdTVLb0ZydWJYVDY1ajh1M3Y3R3RncEVBOVFpNnNCdHhSdjJtUnI5OWxsRlVqVVY2dTByZFItRFk5UngwSkJwS21vaW5VaDBkNUVSQXBlSmh1XzVCdmxFQ205TEJ3VEVTbWZLS25tRjdUdzJ6SXBzNndqZ3hyZDM4UWxpMGpkZWFzNFFvMEJoYzVEVWItSjhSbzNvUkthZ2h3VDlzbUHSAfgBQVVfeXFMUHIyMEJXZEYyU2gyMnp6bEk4VkZvM0c4dVlldnItUk5KdGRJWFNjcWtZbVQxWHJPZEdaaDlicTNqNWx5UXhnYll4anhWUGNwT3VCUVpKSE5MQU9DcFVDV2FIVG1oOXVIZkZTNUI1MlhsR1NUVmJKRkVnd2k3aWoySkZRb2FWRlhaSU9PNEFsNlRXWE5ZYWVTQ3F3a19vdGRQN3VzYjYtQ19fSzZZYkIwMV9IUXZyNnRhejJBQ2g1RDJsc0QwUEpTRHV4Nno1Y1RlZlZqc3BJYnZXOWN2SFI1VFBNckhIOUtqYXl3T1ZxbDBBUXNuemVqMUk?oc=5,infobae.com,es,2026-09-08T07:00:00Z,,2026-10-07T18:21:04Z,,gnews:turismo,titular/metadatos,
GN-a721c57bd9,Panamá se enfoca en el duelo amistoso ante Nueva Zelanda,https://news.google.com/rss/articles/CBMisAFBVV95cUxOb2NyQnNIZzJUdEZaSVkyMlVvcGluUFpzbzk4amlCYnJndDJvSUYyS19yYV9DNzl5aGdYaEl4VjJTb19mRGFRSXhHcjc2Y2NIRnJqSnA5YVlYQ2RuWlA1Zy1qdmhxSVl5dlhpeWhILU50bVM3MmIxSXhidzcwV3pXREtPVWRDeXZmUHZfTXhiNUFTTmNqR3pwa2R4WUJZYzVpOU9qWkkyMm93azBYUEtadg?oc=5,espndeportes.espn.com,es,2026-09-30T20:32:11Z,,2026-10-07T18:21:04Z,,gnews:general,titular/metadatos,
GN-a7643b5da7,"Turismo de cruceros, crucial para empujar la economía en 2022",https://news.google.com/rss/articles/CBMitAFBVV95cUxNQmZrbWRDdlUwbVFBV3Yycm0tejB5bFFoY19EMVgwSW5yazc1RksyTG4xa19sMmFuM1U2N0RySDlzc1VDSDRfZzFqZ2Uxazl5VW05XzRoU3hURy1xS0EyaDZwZzRuenlHMkdxcTJnYjJfZHJ6XzZibWpHVnJnUHUwNVhMbWRma3cxY3lnTzVYeFhUNXRsdURsSEx6LXIwMXdTQklPaWhSMlJkS2FxNWlISVdZSGg?oc=5,laestrella.com.pa,es,2026-09-28T07:00:00Z,,2026-10-07T18:21:04Z,,gnews:turismo,titular/metadatos,
GN-a818cb4c87,Mulino inaugura Anillo Hidráulico para reforzar el suministro de agua en Panamá Este,https://news.google.com/rss/articles/CBMiuwFBVV95cUxQLXBLdDBXanpIMGtHcHpyczBpbWotcklJcWprOFJacDk0SUxkLUlrRDQwZGxxbkxJRkkteWRnUmYwM1BxWWl3WmNja21nd0ZsTHBGMEdNaEpKU01vcE5ESnk0SF9lbExaWkIyXzMzTmtzWDkwdEIwOG9KY0pGZ0oycl9ZakpTMDBkNFJSWXluS1h0ZXBHQTc3d1lQOUxlcmZFZGpzODJDbWVlNi1WUWd6TXRPRW5BNUFlNXBn0gHAAUFVX3lxTE9NZkpUQTY4TTdkODhPaEJRRnZpODNCMm5fOTJHZV9KSEJyTWdYc0pjOEIyUFlUTVRNdVp3ZXVzODBCcmp3VkZNbUljSFByZGM3Rkhfc2J4cDZuQnZDd0FBMHFhQ29jZ1l4SjBSc0oxY3cxN28tYlBTLV8xQlY4b0hVdWNWMkJveTZMb1ltNl8xbXdfd0xUOVljVU9rUmRBS3ZFWWRLVjlUQjBnRXRMWFBocTZTZ0RkUmN5X2pqX2JTZQ?oc=5,telemetro.com,es,2026-09-18T07:00:00Z,,2026-10-07T18:21:04Z,,gnews:servicios_publicos,titular/metadatos,
GN-a8827aec07,Nueva ruta aérea Montería–Panamá impulsa la conectividad y el turismo en Córdoba,https://news.google.com/rss/articles/CBMirgFBVV95cUxNb3ZtTzE1UkRrVnBHLXZlUW9iTUlLZlE1WW9hSUJDWWVfckk4cEZKakJVaFJtNFlramo2aWlWeEp4V1NqNVFwTnNmdlNiRkxja25ubnFoTkNPUk1UM1ZsbUl0OGk3Mmd1VW1GM0h0NzdXaXZaQjVGZjN6b3ByMk1rRXFXZG02MTlNVk9QdlBvZjVZajBLdEZnOEtMaWR5aG43QUtpV1VCZ0piMXZyeUE?oc=5,businesscol.com,es,2026-10-06T01:44:45Z,,2026-10-07T18:21:04Z,,gnews:turismo,titular/metadatos,
GN-a906b66061,La sequía del Canal de Panamá impacta en el puerto de Vigo,https://news.google.com/rss/articles/CBMivgFBVV95cUxPdUJsWnhiaU5YQWNSX25sQnFRV0g2QndCQXNWTDlPRXRuU1hiSXlscm1FVnI5WGpRQ0YwVzVBbldpbl85R29ocFZJQjdaZVNWQXBzVUJHUThXZDBCeC1ibzNENUFuMTc0aUVOMXhZaUQ4MFE5R0gtOEtkSzZkSW8wYzBPcWZyaEI3X182T3FwNmpvNlBQMGpwRzIyTWNUX3p2d1NSTGJYZ213X0YxWEsxeVFkLU1SOE1pblhZNEt30gHaAUFVX3lxTFBEUnI4NTU0dkVJVktpM19vOExNRnYyYUtZZk9pSktGdnNKYVhZYUpnQkc5cEs0aEF0TU96UV9fZFhMdFJtdFJlTXNBUHM1a2VlY0RETFc3OGo3N2xjSDZKaVNEd1Uya2k5NE9RUFdFa1FfOEh1Uk9fWTZsVkFPdnlTRlVBdWxnZkdGdGkweEgyYVZmX2xtTGQzbW5YZVBleW50Z01GQjlXd2hFR25uanMzd1VwZHFmNUFMQm5POUsxV25qQ3VmUVdwdDN1Q3pxM1Etdm1pNURQbHNn?oc=5,lavozdegalicia.es,es,2026-09-25T07:00:00Z,,2026-10-07T18:21:04Z,,gnews:logistica_canal,titular/metadatos,
GN-a959c31a78,Corte de agua en Miraflores afectará sectores de Panamá este 15 de agosto,https://news.google.com/rss/articles/CBMiygFBVV95cUxObV92VEVySEo4ZTMzT0F0aTR3X3FBdERxbFU2cjl1eVViWWZhSkVjWDNsTkw3bENBZFZvRmJKOXFnZjBaUERJTWFUb2R3bnFOYUZ2SVZ2MHBHVnNoN0pDVExxVHBYMEloNzFnMVA4c0NJT0lNeFFqamRRN0FUUmkyU21ha1diZWpNY3I4Y1F6cU9kYktsM0E5WmVsNlRPVjdqbm9LbmlycFlzZnFYWGx6XzhKTE1TVThhWFFZM2JaMVBURXFfa3ZyeEpn0gHPAUFVX3lxTE5BTlRDZ3hxV3FxeE9HU0Y3ck9OVENtZUd5M3RTcTNZX21pWnRZdTR2Y2Zsem5UVzdXYUZHMWZaSVFKcEtEQTJ1NVItM004elVmNVF4eTNEUmxnMEJ1aC1PQTdXdHZYUEtZWHltN3ZSTEx3enRfdXBhQ3MtMTBudW9MQVhtZVVqenlrYVRSeXZ5SnZFVDNoa3lRdEtURWIyOF9vd1FrVWtnVC0xRkNsdFd2MUUyOTAwbEozQ0tlQzVGVGZSdU9lNnJSempsYjI4UQ?oc=5,laestrella.com.pa,es,2026-09-25T07:00:00Z,,2026-10-07T18:21:04Z,,gnews:servicios_publicos,titular/metadatos,
GN-a999086710,Empresarios proyectan que Panamá Oeste será el nuevo motor de crecimiento e inversión del país,https://news.google.com/rss/articles/CBMi0wFBVV95cUxPWlFRamxoeE8tM0J0azU4ZVpEZDZlRkkzZ2E5amJmb01SaXhZWmR1cnZUNk9Pa3JkME5iOWkwc25tTUdtVTFXclBKY2dBU3p1OFRwQWJDcVRaSnpfRXhBaGxpUm9lYzRzaG4yYVlNTXNaZkxUa3UxSFhsb0lHanUyRG5fdWxQYjR2NjRzSE9jTS1aOXpkMU1BWFY0LUZGOWNLOHNEeEpWYzhhNHk5VmRUSWpVNFJnNG9TekxrRmtQd1dtd2E3dEswMU1WOFlicldyZmtJ0gHuAUFVX3lxTFBGNWEwbVhVdThrSFJuajNKRUxVNEMzckozX0Y0YTFvc25aRzhLdDV6M0FLMG5Rb0Y2bW5QY0tRa24zTC1LcGFsWnJLTlRNUW5DRlFhYU1ocEI0SVRUNFVER2tWTlRGTDNUc1dKcnRHd0VURjM1NzhCbmxKa2pOUEtvY0dzdThQWEtIdzhvQ0dqSWc5aXEyV010X1NEV2dycU9haUE0VzNtZFZIZXhpMGVHQ2tqd0tLb2c5YUtGNUVDVFJQQllXMm9QQ2UzWFV0dzRnT0VNWnlua2xRUnBnQ0Q3LWp5Rjc0U1JpZlE5d0E?oc=5,infobae.com,es,2026-10-01T03:29:00Z,,2026-10-07T18:21:04Z,,gnews:turismo,titular/metadatos,
GN-a99bb844cc,El calentamiento del mar en Panamá enciende alertas por los corales y la pesca,https://news.google.com/rss/articles/CBMivgFBVV95cUxNVFdTSzlrSG54QTl0MEpvMkFXTFZDX05ONHNfRncxdEZrU1YwWXdNZ3UwTXVaY2pCRWsyUTRpX3FUUGlmeEkzNGlUaTNvalZiRjFNd19UemcwVVM4bWhYbkVuN0dFSGQ3SnhMOUhnS2dBdDVTcnVQU2ZkZTlNZmx6QWlmWVF4NEV0RnhOYnB2c3VMNzdSTHBNd1YzSjZuV1hTQVRJcGdjWlIydkQ2N3ppRXJMQ0ZZc2NqSHA5dmFR0gHYAUFVX3lxTE45OVVTTDJGTVFrNi11WnNpek10aldsU3pSRjRCemJiSnFUOTJSUU45b2h3Vy1xRXBTMGVqRkw5WWFRNzcxcmx5TmI3RkhJTXlqQUtCaHFsUmVfSG9QYTNMNTVHSjRCTEN0QlJzZ0pvRVNBUVA1cWY4OWRfWW5SZjhwek5sdXNpcE1pejBBVXdHWGdnUjJjZ29sMEhvS3QxdFZVSUVuVThEMzFONENTSnlvaDNVMFpXRlpLdmkwMmJiOGpFRGh1WFF6OE9MMlkxS09VYlhOR29hSw?oc=5,infobae.com,es,2026-09-19T07:00:00Z,,2026-10-07T18:21:04Z,,gnews:servicios_publicos,titular/metadatos,
GN-a9a82713da,¡Atención! Estas son las zonas de Panamá bajo aviso por lluvias y tormentas este martes,https://news.google.com/rss/articles/CBMiuwFBVV95cUxOcU1zakZCcWUzX1NRN1V6c1JGTG9EaHZucURvaUFiNEswdXZsXzZQR3pzU2xiZGtrZWF1ZzlQSzY0M2RkcGl6aUpPZG5rN1E2T1o3TWQwZlgzT0tMNV9tZnJHVlFadTcwQndFNjZRZkJma2ZtbklQSnhPQTBGaElBR3hkRHFITWYyVm5wSlU5QXJiTFloWmlpcGxiM0plM2Zpb3VTLUljYnVRRzdsZzlkZi1SR25WdEE0ZE4w0gHAAUFVX3lxTE1CblNEUlVLUVFDdkVkcFIwQ3FRSXZUeXc1c2o4blB6ZlhPYnNWVEpUS196WlVmOWQxY3dMSnIzcGluX2hkVmdTYjRWenMyMFFQaGxVenFrTERrdGRrWDJFanFWWWVmRDNCRmU2VTJhelFqb0JhajBEVHdzVm5NT1ptaTJWMUpjSW1yLWFSbVlicHVDQjVCQlc4MzFlRDVfejRKLV84NU1SYXA0ZkdTblNEQS12WVBQdDgzRmNyQUc4MA?oc=5,telemetro.com,es,2026-09-15T07:00:00Z,,2026-10-07T18:21:04Z,,gnews:eventos_naturales,titular/metadatos,
GN-aa09ce3c5b,Panamá prepara proyecto de ley para reducir de dos a un año el internado médico,https://news.google.com/rss/articles/CBMisgFBVV95cUxQUmdHSVlKRWNCMExkU0M2V0VZeHhRS29WbFRmMHdXZEJMQlFIb0JMQU1rbnZfUEFpQmdjanZvY3h6ajFJYVgwV2d2OXRjc3JBbHpFS0hmejNsWllEYUZjMGVmSC1MVGJ3UnZBOXUwNE04b1FQZFB5eVFtNHdCdkdqdFhiR3RGeDdJTTU3X1kxNC1RTXRNS2w0RnA0NVctVU1LOWNPbUlUakRpMU9UaXdNdzBR?oc=5,prensa.com,es,2026-09-10T07:00:00Z,,2026-10-07T18:21:04Z,,gnews:regulacion,titular/metadatos,
GN-aa2dcb85ad,Dominicana y Panamá estrechan lazos en Feria Internacional del Libro,https://news.google.com/rss/articles/CBMirgFBVV95cUxQcUxUZFlDMXNpX01tRDNndGV0aVYycmZIdGJRM0R6ZmdZVlpXMDhKSGNfb1RmTU9aSUdJSmN5cm54SGFUd3pjaHR3cV92dlNOckIwcENFbmJYaGZFTU1vRGc4d3paR0FxUlZzaUJzN2EyVHNiakNYT3BaOW5sdHBQcTdiRHg0TklldnhCUUhFbEVQTDB6b1hFekpHSXJCZ25ZajJBSG1QVDh3dVZSYnc?oc=5,prensa-latina.cu,es,2026-10-04T13:46:00Z,,2026-10-07T18:21:04Z,,gnews:general,titular/metadatos,
GN-aa7ae1a27f,Residentes cubanos en Panamá llaman a reforzar unidad y solidaridad,https://news.google.com/rss/articles/CBMirAFBVV95cUxNTU1BOUZuLTAxakQxUGdHX1hEY1ZSZDZFTU1MRGVqVzZReEMyZUxSS19fMFF6Z3c2ZmhpeHdqZm1uMXVITFF3bnBiYWdHWFVRa1FnZmgtMnRobzlPbTlta1VOc2FNTWtILVEyLWVsbTlkNTFrUmlWWGVFSVRVbkpfaE9VU3NtMWJfSWpXNDVnVzJmblJNME1KNF9iY3gzRnR6ZG9jekhiWFl2Qi10?oc=5,prensa-latina.cu,es,2026-10-07T04:02:00Z,,2026-10-07T18:21:04Z,,gnews:general,titular/metadatos,
GN-aa94821082,Turismo de cruceros creció 21.6% en Panamá en el primer semestre,https://news.google.com/rss/articles/CBMimwFBVV95cUxPRUwwY2dZVVlRZmRoQzYtX3cxaGFqMnNDbl9ZUUNTb2kyekRCX1hnVVdZMjNfdXpmX013OVRrUzZtaF9GVmt6ZDlxc3B5ZGpLbVFwTUs1RGVxTUxRc0dkLXYwSktjV2h6bjRUay02a3RFMERDbjVSLVNkWFQtWG1Qajl4dmR1dDhWQmI3RllHYkwwckNXbzlnQUZYRQ?oc=5,prensa.com,es,2026-09-13T07:00:00Z,,2026-10-07T18:21:04Z,,gnews:turismo,titular/metadatos,
GN-ab12981020,Clima en Panamá: Pronóstico del tiempo para este lunes 5 de octubre,https://news.google.com/rss/articles/CBMiywFBVV95cUxQcXZ2VmFNaVlkLUl4ZWVabjgzcUtjN24yakFjc3pkQVJ3VnRaT1ZzNkdFVXZRUlctcG1JWF9laFg4NWlqeGxsODlGUEVBdzBSelpfSU44WUZtRmVkSG5jRS1FUTBVVDZCUDlwSkNVbGIzclIxQVNsNWVPbzB6Y2IyR0NpeWo2Uk9sdHNOemhSM1RhS01mdlhTSlF1elJTM05RZThYMnQ5UC1UQUFIeGlIUG5Gbm5wUTRZa0lQa2RnMmo1WVhWLUxPa1Vqa9IB0AFBVV95cUxOYzhmOE80WFRvTGk0SDFNTmpXdzZ3T05rSmN6ZUcwb1lpOUg0V09wWEp5d2JPOFdtWFN2M0FWRDNoRW55RHNKUlVOLTItZ0NneWVobnBSdjNqT0k5QnotU3c5cUxzd0xETnlVa1p1WkY3Q3lVdnM0alctQVRvYTV0NkYwYllpNXJ0MkE2bjlza1g3TERESTFNS3QtUE00aUs2VEVreGZUclYzaEZzR3VZM1NlOVZ4eEhQWXo5V3QyTURsd2NLUjR1ajhRQm5JdmFX?oc=5,laestrella.com.pa,es,2026-10-05T09:25:00Z,,2026-10-07T18:21:04Z,,gnews:eventos_naturales,titular/metadatos,
GN-ab2aab201f,Del conflicto en Oriente Próximo a la sequía en Panamá: los cuellos de botella que amenazan con subir los precios antes de Navidad,https://news.google.com/rss/articles/CBMifEFVX3lxTE1fdzJfT21PMWNGbV9MNks0aEFZaVNKUUNzeTFjZ0gxendMRUxUYVI2a2E3cnR2SktYdXY4TjN5RGVfZFBvWnIxSVJGU1RZR1A2am03Q0tCVXBkYXl1aFdDUnJTT3Y4Z0NpRTNLV1NCUTloM3lZR05CRnpBLXfSAXxBVV95cUxQWTVyQU5qeWJRbFk2dnVuUzB1SDJMSTc2MW9sdEpXZURSay0zSmtpTnJVcy1SRmVGWU41alpIUmFId3JrY0ozS1hFZTdNVU9FeW04Q3ljNElybmgzRGNEMmtoSm5Nc3ZfcWxPNnJuS0JZUmw2MVZxN2g4Y1R0?oc=5,elmundo.es,es,2026-09-26T07:00:00Z,,2026-10-07T18:21:04Z,,gnews:logistica_canal,titular/metadatos,
GN-ab2c9a16df,Clima en Panamá: Vaguada monzónica y bajas presiones provocarán lluvias este martes,https://news.google.com/rss/articles/CBMipgFBVV95cUxPdzFiN0pTWkpmSU1iSUxxeVF5czVhdE9lc05LUFV1T21fTVFPSzA3bkN0VlMxek1fX2pHb3pud250cS1uY2RPRDMtYy1ULTB6YlkwU1FmU0hOTWpmc1l6RkYzUGNBTU1FQmh2ajZubGdlazJYOUF0V3FTOWhMZTZGcDVTdnBWZm44ckd2T2pFTC1zNVJrWHpGLWh3ZFVlQ0JjallQa2d30gGrAUFVX3lxTE9fVUtSQ3p2RkQ3cGFXOFI4S1d6NWh5Vzg5am1Zell3QmY2bV8zY1Fkam9QcjdmYW1zSmV1NVNFcWtSeS1wQWhKdVZjbjFfaWQxQzhfNXhncWNLdHFKWjB1eU9tc3g4ME1scFNsRExzSkJaMWx4VExmTlhmd3ZvdUphMnlzVk13Z2JSaFlUSjlPU283UUtCWmlnaWwxRzFCYWNGREFiZzJFSTdyTQ?oc=5,tvn-2.com,es,2026-09-22T07:00:00Z,,2026-10-07T18:21:04Z,,gnews:eventos_naturales,titular/metadatos,
GN-aba5d7df3e,Cobre Panamá volvería a producir: lo que falta definir es bajo qué modelo,https://news.google.com/rss/articles/CBMitgFBVV95cUxPSzk0cWJrdlF5OGFtT1ZNem5rMmRKYXd2c1o4ZHJkR25HWWtJcVNOV0FjTlZPZk9STFhnS3MxNUhQNm13MEFCd3RpTlI5MDZxZWs0V244bDlLLXNwTGFjYVIxd1d4X1FGT09iTG9mMzE5MEw1alVOSG16TjhfbmZuTEtIZlF4STEwOGl0SFdxejZlUHVDTVE2Ti00RG9rYk5xT2U5b0JaSF9kbXFxZEkzRWZQMUh0d9IB0AFBVV95cUxOUTZnLXRnaWV6aExQVE43WnNiVjFrY3dDNkRLVE1YTkIzNmwyU0hqY2pPVVBkVHlOSVduNXBhM18xeE9TbjBrNWJScHYzX2tYVG95RFNidW1zR0NUZThfN0lzb0g1R0tGeXFuNmFweXVoYS00TE1kZllqVFJIekVHSnB4VERsZmF4N05JWlVnZzRycnlGTEY5YXk0aC1tT2hYRlg3QXZIcmxHMWZfa2dLSGhqWGtKNEE3Z3Q5b0ExUXlqeVpvS19XRGNOOXRUS3kz?oc=5,infobae.com,es,2026-10-01T19:36:00Z,,2026-10-07T18:21:04Z,,gnews:general,titular/metadatos,
GN-ac58de0f35,Finqueros en Panamá aprenden a convivir con el jaguar y el puma para garantizar su conservación,https://news.google.com/rss/articles/CBMi1AFBVV95cUxQcldJSWlRNkp4ZUxGRFRHUUVUcFNhWVNtR2ZleDNDUDJ1c25aQTlFdXNRT2xnaWhrNllqbnBneUZVVGFuNjZ3Tmk0Sk50dzMzOUtiY1p5cERsSTJ0cDFGNm10cXl5cDdCRnZ5VXE1YXFlNkJPbU56eVpIY0VKSGZkUUNCbURLVzB5R0E0bkdSOWtKazI4VVdwV0F1eFVTcUxEOWhLdXl3QjJMRVoxcEpCblRSdVZhX2VWbVk0YWJRcTJ4aERLNEFpVDJoVUo3TU9YdmRxcNIB7wFBVV95cUxPM1FISnh5aXY3cDFvOVEyS3pwYVBsUEhrT3Y5ZlgxVEViMzIxRC03Tng0RUk5UUoxcXd0TVBiM0F3RjJLQ0VhTGFIV1NzU1pFeWtnNl9JcXdGQmZoUms0S29uZHo0RGp5N2U3U3BHcmtLMkJsdGNSc21hcTdHTThXQnJRc1RmdVBKbU1HbkUyZkpxYnpqdlJIOWpvUUUtd2p2MU5ndmtKQ0duSDJma0JFOC1NSGZ4SmVDY04wVHVaMDR6UGpVdDZNanZKYUhYTmZiUGk5T3NYWUtIZlU2VndRdTJiS1NwLW9GOUlYeDlmZw?oc=5,infobae.com,es,2026-09-28T07:00:00Z,,2026-10-07T18:21:04Z,,gnews:turismo,titular/metadatos,
GN-ac6d067a66,"Cómo funcionan los ""ascensores de agua"" del Canal de Panamá y por qué El Niño los afecta",https://news.google.com/rss/articles/CBMiXEFVX3lxTE0xT1B3QXN4bWg4NFJVOExFOC00MG0yNW9hSTJNNXRkQnVkck1oVTJScm9vekVGVzQtaDdTcnd2WERXZ3ZLS1dTZlNzdlY4bndtSTZhOFFQSW82MDA30gFiQVVfeXFMTW1sYXFiOUJDcldqWXA0YURORzJTT0Y1Wkw3TWQyZnExb0dTSkFuMTZTQ0NzQW9GYVlxVkRORzFiNjhsTkR5c1hYT19TUU1QbXhpdG1aRW1WM19BTmFpRTlYSmc?oc=5,bbc.com,es,2026-09-17T07:00:00Z,,2026-10-07T18:21:04Z,,gnews:servicios_publicos,titular/metadatos,
GN-afb9bc12af,Asamblea inicia debate sobre reformas al Código Electoral,https://news.google.com/rss/articles/CBMiiAFBVV95cUxNM1NxYnNGanU1TjNTSDhxN3B4S0d0Yl8tdms3Q3JTdWZERk5iYkF3ZFBPVS1uVzZtYi0zNExYdDhsVktoTE41SExwQlJ5V2l0NEZrVzNTVXNfeERtZEpfYVJrdW5tVktTakNNcDRIOXlicDA3SDZ6UXRpSG1OR1d0QzIydVBjWnU5?oc=5,pressreader.com,es,2026-09-16T07:00:00Z,,2026-10-07T18:21:04Z,,gnews:regulacion,titular/metadatos,
GN-b076b2722e,El Registro de Buques de Panamá cae al tercer lugar mundial superado por Islas Marshall y Liberia,https://news.google.com/rss/articles/CBMixgFBVV95cUxONDJ2UG5VNEdXaENncnlDdG0yOUVJYmVzRUFYUlZoSThyWmpuOXczX2x5N1lmTUhqUGttTzQ2cEpyVDZnTVZkNTBtblF3MGlpSGt0LXNfQWd6RGZ6aDBsWWdjY1gzLW5HOG5SZUhCdThDa1RyemJEcXF4eHlHZkVxMWZVdjh2MWVtVDRNdlNZeE1sZ0Rad2V3NU9RYUcwOHBzZWlUdmZaamRLNmVvckQycEdVb2xON3hjcklPc1dwSkZIdEFib3c?oc=5,logistica360chile.cl,es,2026-09-25T17:12:06Z,,2026-10-07T18:21:04Z,,gnews:logistica_canal,titular/metadatos,
GN-b089524634,"Sinaproc extiende vigilancia por lluvias, tormentas y vientos hasta el viernes",https://news.google.com/rss/articles/CBMimgFBVV95cUxOZ1JoR3VlcjB4TVZFNXl5LUd3bGNoMmpGNkhxYTk3elk2cTljVVhSZHVOR1F0UFE4dVNtdGJnbkY0WTJmcEJDaHo1OGI3NTNVM0trS3pXTUdZUjMzQmNkZjNyUTBvb0w4Vlh4YzRUTWFlVEFjbFdJcWpKUFZwWHpmRGhQWFg5bnhLSUhjb0QxWWV6RDZ0WHdzcG5n0gGfAUFVX3lxTFBtMDRPbWlRMnlVNnExM0NqSGxZLW1zUWhpZ3J3MVMzVnQ1OWs2UC1vUWp0Y2F6ZHo3X0Q3SzNjZHd3UnZvbmtxRHBiSlNGWWYzaEdrTlV3UVZjdmtGMm9NN1M5TlduQ1hEaUlLdFlDWWVSdWh1R2liWGRWb1Vnb2hEN09OWDFDQnZOLWtIVmdlV0loUzZ6MWFBSXNHa3Zraw?oc=5,tvn-2.com,es,2026-10-06T20:51:59Z,,2026-10-07T18:21:04Z,,gnews:eventos_naturales,titular/metadatos,
GN-b09c371b17,Clima en Panamá esta noche: ¿continuarán las lluvias?,https://news.google.com/rss/articles/CBMimAFBVV95cUxOYTZVMmZDNndlYnFzdTdEOExpZ2RMdHNtaFBzdldyQ3h2RUFsVlRlZ2t2c2hIZUEtOWZJdmw5blNsSm53b2JzYkIyRmY1dnptTUlpdjBObExEZ2lHTEJENGFRc21hWWppZ2tuUm5QRU5jbk5FWFViaGdzeGliTmMwUHViN1FYbGVqYzNtWlZWSVM2RUp0ZEUtadIBngFBVV95cUxNMElVLU5fNDFSdy1ybm1zMVFRZmpvemppN3ZIYnZQY05NS2NjcVNHbldSNGFLZEdzZ2EwTlE4QVFJSkdtcVFlUGJ5eGJoQURyb2hVUGVkSFo4d1BPZGNBSGNkTXk0SnlnVDhBLUxLZHZqV20yV1FIWjNwZG5Cdl9fU0ROeHZRc3czNVI5RzVXNWV0OHZ6SXI1ZzlWd0tnUQ?oc=5,telemetro.com,es,2026-09-13T07:00:00Z,,2026-10-07T18:21:04Z,,gnews:eventos_naturales,titular/metadatos,
GN-b0e4a1f5f6,Clima en Panamá hoy lunes 14 de septiembre: ¿dónde lloverá y a qué hora?,https://news.google.com/rss/articles/CBMiqwFBVV95cUxONTFBWWUwUXJfMkFzb3NTUk9IN0pxN2JoWndjTGY0MVhBZHFnbjdQd1UzNUIxa1VDUjh4cC1uem1jM1dXTlNxYkE0S1RhUUZnR3VJcDh4d0JjdnZwOEVZd0RjVGthY2ctS0g3V1NUVy1xd19sVXdzeG9lWXQwcWNaS05sT210a0NzZjlCVUg1azc0MEZaaGszTUZKNDJnR1dLWktWY08zeDhKVG_SAbABQVVfeXFMT3F3THMyMnVMck9xNDAxXzNpeHp4VmRLZ1E2TkFjNHBScXRiRWZ3bW9semg1N3RudlJhS1pDbUY0d1NOMGV4ZEVwOWtjamRLZjRQVzBYVy1JUGNwTTJ4bWRGb3R1RmFxeHhBRTFwQzNyRDJtUDNJMEhUNUpRYzE2ZjdZOEltRFEyT3lMM3Z4Tld2Snc0cjNNTHZOTDR5SVRpUHhsX0NDVXpMMEdkWkMyT0o?oc=5,telemetro.com,es,2026-09-14T07:00:00Z,,2026-10-07T18:21:04Z,,gnews:eventos_naturales,titular/metadatos,
GN-b289958524,¿Subirá el pasaje del Metro? Esto respondió la entidad,https://news.google.com/rss/articles/CBMirgFBVV95cUxNQ1Z2TDVsbU9pR0t4S00zNmVIdVNELUNvTWpHQlF4ajRNVjdIMDlZRkxsRDdsalJpUUZMSENQdFZOc3VTTUZTRUtyMTJSc24tUE94THZDSkJERDNZVXo5MmVVaDhmUmROUF9ta3NUNXVhV0ZsXzZUMkRPSXBMdTJDSE1lakVzamNxYi14eHNDU1pzcXpWRlhEcHQ3TkdZSDAwTkFzVHFpRUlWRlhJY0HSAbMBQVVfeXFMUFlZOFFYU0JqOVRGbkhweUJWYk96RXBvTmh6WE5COVlna3VBelpnOU1PTmtyTXlHTUt5Zm55T2FWVmlxeUsxTWdfNnUxUEFlSUdub29hZnBQdFVaenppTTZpX2o1RmFFM2hmVllIU0hWSnBqaTRSMjVIcURUajVzLVFRRnJCXzl1NHlNaFd2UjRwbzcxQ185SGhBMnpEWE9RU3hkTnhsTWpjZEhyNmlTOTREcUU?oc=5,laestrella.com.pa,es,2026-09-10T07:00:00Z,,2026-10-07T18:21:04Z,,gnews:servicios_publicos,titular/metadatos,
GN-b3d201e456,Presidente Mulino objeta ocho proyectos de ley en solo dos días,https://news.google.com/rss/articles/CBMiswFBVV95cUxNWGhVMG0wQWZfalZvclZ3bHZpT01sZ1hRRnVFdXVCSlV5cUFGVE53UWZERjFEWkZpYy1GT2FPazcxRTBoNTdzSkNDOWhDaFpial9CZ18xYXhCWjJCN3FVZnhsSW5yQ2VSbjZMU0pjNlJOQXl6MHRxbmgxYVFPOHJKR25kUjN2c2JwY182SUI4dlR3VW9Rd3hYb3pNR2xabElwcjduVmRzUGNELVNyM0MxRUxrUQ?oc=5,panamaamerica.com.pa,es,2026-10-04T19:50:01Z,,2026-10-07T18:21:04Z,,gnews:regulacion,titular/metadatos,
GN-b3f2fa5e6c,Proyecto de ley sobre Airbnb divide al sector turístico,https://news.google.com/rss/articles/CBMiiwFBVV95cUxPUFA2QTl0N0ptRUVtSzZUVW1xdTZFZjlxWGQyelA2bFFVLVVaQ0pQX3N5MWJQMGNhLUIweC1FQy1uVzl5NldTTDhaSHRhSy1CYTZKNXY3V2lMUmhQdlM1ZzcxR0xyYlBlaURST19WWXIxeDVGWlA4S3lGOHQ0aldsUG4wUExUcXlFcXFn?oc=5,elcapitalfinanciero.com,es,2026-10-05T22:36:13Z,,2026-10-07T18:21:04Z,,gnews:regulacion,titular/metadatos,
GN-b41f7fe188,Pacho rescata una lección tras la caída ante Panamá: “Que esto nos fortalezca como equipo y darnos cuenta que nada es fácil” (VIDEO),https://news.google.com/rss/articles/CBMiqgFBVV95cUxQOHJXNm5Bbi1hSkFBR1J5dlZvV1FUbUw5SERobG9haElrOGJTeVhSUzRpZmxLMFg3UG1ibzNSYTg4MXR5dzRfSHpZRmFiUllzQTdwVkNsa3ExSVdITzhKWEdhMGtrMlVSRk9xM1Q4T3E3S25vSlBzQ3NJdWFtQ1pzRnR6RzFwa2liVEtQWkJ0Qk1iUkpfdlkyMnpnVEtSdXF2b0owMmY2a2Q1UQ?oc=5,es-us.noticias.yahoo.com,es,2026-10-05T15:25:00Z,,2026-10-07T18:21:04Z,,gnews:general,titular/metadatos,
GN-b44172d588,Sinaproc emite aviso preventivo por lluvias y tormentas en Panamá,https://news.google.com/rss/articles/CBMiqgFBVV95cUxPVTg3NS1yR3BxRERQS0JKSWpEbXdoYmtpVXo4eVRIQnlJYjdnWWcySG9uSWFkbVh3Y1o2clpCVDc4d0tDMm1yS2ZUZTRPR1BNRndfN2F4ZnU1SGg1QUw4X0E3elJRN1p0SG9mNXJRZjJoXzZPaFg5aVpQTzJ3WlNDampWSHhyUC1JRG5YYTcycTdOQTBfa1BEanhSS3FhS3dlcTBWOEg3Ul9nZ9IBrwFBVV95cUxNd21aeHJCZDVqb3RQalIxWW5Iak5lMHRqZDdVdmc0ZGNnWTl2WjNxYnZaakNkemd0QVAwSEgwTFY0NUp1OFFMMEdFTDlIS0Nwc184RVhndDRQWkhmdW1JZTBoTGl4TGlZWGpqckUxaWRLZnFNT1NBU2Z6YVlVZ1h3WEY5SDZ6WUZWY2RpWl9meTZlRlNYU0xSVWNjWUI2T1JoMzNhcVlNTGhqTDVzUHVN?oc=5,ecotvpanama.com,es,2026-09-26T17:22:00Z,,2026-10-07T18:21:04Z,,gnews:eventos_naturales,titular/metadatos,
GN-b49fee8337,Casco Peatonal celebra a Panamá como ciudad del turismo internacional |,https://news.google.com/rss/articles/CBMilAFBVV95cUxNMlozYmJubE8yVEtRc01qVWYwU3p2dlRQQW5TRlliRDRoMWdtZVJuUGZ5U1MzZGtpX1FiMWZ3czAtSWRQT2R3RGN0eVdBWXBnc0RtTnA4OTJHUHE5OC15QWpzX2h0QzhzTlZ2a0t5Z0RIU1ltN1BxWXFfQjR4dW53ZjV3QURLRjQ3bkJhRXR2U3dTZzl4?oc=5,mupa.gob.pa,es,2026-09-25T07:00:00Z,,2026-10-07T18:21:04Z,,gnews:turismo,titular/metadatos,
GN-b4bec01b3b,"En Panamá aumentan las brechas estructurales ante pocos avances, señala informe del sector privado",https://news.google.com/rss/articles/CBMi1wFBVV95cUxOQ08yZHlDVHR3cjkyU2txUFN6ck5vV3lCbDNVWjdET0IxeE1CQ19DMXV1QzJFVF9Hd28xSDlwVEZ2eFh2T1RRcGlFdUlxVVh2ZFVMRlJmcGtra2Nid0Q0QmdEUjQ2VFJ5OFg1ZVU2NVd3cjBxWndNRnNLVkZKTi05Q0FqaEI0dGl2RUx5alk4eUllOC1HaXFnRGQzTEN2QXVkQlJHOFlEenNMNzcyRDRhbnh0dTdOYlFyN1BSWEVLVTFMZ0dkR2p6YlR1d3RzYVkyRFVVR0RkONIB8gFBVV95cUxNTTZWWmdBOWpBenNoTENCZE1TbEtXYUl2ZW1sYlI2eGNpQzNteV93Z2hjUHRIeVNOdHU4TDdnaTZTcVlSeG93VDFUUmxMZ0NjcWNpaW5iaDVjbTRfZHh4My1FMVBiN2FlRTI4dW90MEhLckY4R2RDRTZYRXB2Z3J2eTlXVUFHM011VTRIYzNvc0hWNFFIVmJ2MHZGdWVxSF9LZnhLLWw2OEtUZkREZGRuVlktVHd3WWN3YUp2aEtBWUpCSldPck5raTZlRGdzRzZSSlF5MzQ0QXc4LUxnclp2RzFmNGFWN0d6OGFnbGNaYmtUZw?oc=5,infobae.com,es,2026-09-23T07:00:00Z,,2026-10-07T18:21:04Z,,gnews:economia,titular/metadatos,
GN-b54dc88ebf,Fuertes lluvias dejan filtraciones en dos naves de Merca Panamá,https://news.google.com/rss/articles/CBMiowFBVV95cUxOTi1DbnBVSTc2RjNVM0k1aG5kN0hCejdSdm45cGpJOWVudU9sYmNtWjV5S2UxTUhyNVdqeFFHMzNkdmY3QkVSblpLeGExMkhuWnF6bFBhNXAwVXYyTE9GN1hBZkZrNHl0bFo5bEpRZFVETVpUX3haWlFVTEVfbW1vYUVjRzFzbzlFSWRjM0kwbVV4dnoxaUlVQzN4TlhsMlUybEdV?oc=5,tvn-2.com,es,2026-10-01T18:51:28Z,,2026-10-07T18:21:04Z,,gnews:eventos_naturales,titular/metadatos,
GN-b55907b52f,Lluvias y tormentas en Panamá: estos son los días con mayor probabilidad de aguaceros intensos,https://news.google.com/rss/articles/CBMiyAFBVV95cUxNcVMxd0V2SUJSR1JhVG9McHMtUHhJUW80OGcwMWdrTVVyRl8tbzdqQXIyLUdkMm44QU5TaS1IX2l1RXdvQU1WcXc2T3JLWC1yM1RuSlJZRzkxM2N1UUFyLU9ZSWwwdndfblBSeEV2MjJQVnFSYlExXzhZV09uTkJ6cGpZcG9ILUhiVWJPa1VvdVY0Y3FlSk1oOEM5UVRpZzdRcVY5ODZiQlQ3UDZxWGl5bFJUQzRvZW1nMEE2NmZ0ZEQ0LU5oWU5OONIBzgFBVV95cUxNWVlIbmVhbTlPdkNtME9xbG5IS1lRbW8zY3NvelhoVFcxcElsVXFVOVZjV2xETTNyZHRpY2ZOcTlYaTVVZDJmcmRWVDZoYVgySS04NHpsaHItbnNKY3QyTFVsZDc4OXRCR1EtMDdFRXdFU3YxSURPajBTYldfTTFodmhiZWhCcjBzSHU1RjJsTWdFckN1WGt6Ykw3UU8zMHhBZkFqN3hSM1BpWFlVOVRpZ0s2YlN2VWEzbUREQnRQWHNZdzRRWTlsU2YtN0JSUQ?oc=5,telemetro.com,es,2026-09-09T07:00:00Z,,2026-10-07T18:21:04Z,,gnews:eventos_naturales,titular/metadatos,
GN-b5bfcb4931,Apoyo a la democracia cae nueve puntos en Panamá; 78% no se siente representado por la Asamblea Nacional,https://news.google.com/rss/articles/CBMiqgFBVV95cUxOVGhLUmhzLVY0VXNxQXd2SW5oSXJqQmhBbUZfMHRia2RHLTNDMzFYQ2g2VnB5bXFLZzN3RjBFTzNoXzNVSlNNTlVwa0tVaUhYeDZYTl9LZUhyVTFMZTJrVUU0YWZuZDVRNzUtaFM1Wk5oWU5DeWFPOW5LTmxEUXZVa0hhRy01OTNyWjFTZmcyTklIYUt2YkVhOGk3QkR0NGctSU9lQ3FTbFJBZ9IBrwFBVV95cUxOUU1SUmwwTk5YRkx2MDRsSUtuU053SEJUbF9QTDB6ZTZFUW40M0lLNUJreUwtZk9RdnRUSW5WSTlpSzFwcy16YUxVWFB6bkVUS0NlTzRRWC03aFlFWGY5ZWRVeE5NWkllUE9RMHZwUmVyVktXMy1Wb1liWnc5cDVDMkVXQ3k2QTNuX0ZyR0J6WUFKUjNMelNNand2NnFTT3V3NmE1Z1hQdVJTNXUtS2Zj?oc=5,tvn-2.com,es,2026-10-06T22:11:48Z,,2026-10-07T18:21:04Z,,gnews:regulacion,titular/metadatos,
GN-b5c80c0846,Panamá fortalece su posicionamiento regional en semiconductores tras la realización del IEEE LACSS 2026,https://news.google.com/rss/articles/CBMiywFBVV95cUxQVFN5aVBRTThYMDN3ZTluM0xEZWZaQVo1eS1FaDhGbmgyckt1RTBWQ3otaWhOTnhxWkZiQjByV2VlQkNoYTBJNkRSUnJkaHJKaS1nUGhKQjNsZ0lKejJSc0hPSTVxdnlQT3lJRjhXZDBTMmh0UHNLY1Rfb1ZhU28wWC11WWJWV1FGVkwtMV9rTEtEckdyMENtRDBneUl0N05XNnZyeVhHcGo2NlE3X2M4R0Juaml6M1hlQjZyS1FQXzN5eUdXeUxKbFJSVQ?oc=5,senacyt.gob.pa,es,2026-10-02T07:00:00Z,,2026-10-07T18:21:04Z,,gnews:general,titular/metadatos,
GN-b646e008e7,Panamá mira al espacio y refuerza su cooperación judicial con Argentina,https://news.google.com/rss/articles/CBMitAFBVV95cUxPZUs3Z0xiaFZ5cVVtWjYycFk0THhKbUp2bzdwM20zUU5ZcVdQU2phVXVJVkItSlhPVTVZNWhJcXdyN0tlVkg1R0pMNXFUY1h2VnE5VFAxNjZmQ01wTmhBZm5nc09vMTJTQVdTZ25STHN2czB5WUdIdWZDQktUdmJxVzBtYWhldFgxN1VTQ1ItQjR6UmRhOUI0TXlEN211eGkwSjdlUzRDUEJwS3JrNUJMd1RqUi3SAc8BQVVfeXFMTTJ1MTM4REFoMUR3WXhickRsTk1kWDJydXFUTGNna3gzdmhWWGpuZVdjd2NucVg0T2NKNHNEZm85T210Tnh5YzBUVlE2Sm5HQ21HVWxfdk80LUpDb2pOZGhkTWtiWWFEX1lCMkktVHUxQVp3bkJnc2hYRDVDVnFPcHBsSk1LdVdSRS1wU3JFYld6ZmRxYzEySFJTNktUck1yZmpfSmFxZGRTTDFDa1MwbVVuNzFUTjFCQVZhSUF2S3N1NWRZMi14VTdfT1k4TU40?oc=5,infobae.com,es,2026-10-02T02:17:00Z,,2026-10-07T18:21:04Z,,gnews:regulacion,titular/metadatos,
GN-b681823678,Japón financia con un préstamo de más de 1.000 millones de dólares el tren de Panamá,https://news.google.com/rss/articles/CBMizAFBVV95cUxNd25DTlR5cHFvNGdsNVFWb1hfcnZvQ2kyWnN3R3plYWR0SzA2ZHhIRWEwYkExNXVyLUlRT2h6bEk4bElubV9JVmRhRTVLSjJraE9mdWdwSWdhUkFSTTJ1aWhSMlpublFKdTVlN2dXLVh2RG1EYVZ0WG9JakRZQnJGcjJkXzY5TkpXNV9wdGVzTXRuaXBUWjBJZ0lMYWZySklzMXRZVV9hSmhveFpNVjJhREx6NXZaeUE1cDd5TlhaM3FqMDIxUkJDSlJMMGrSAecBQVVfeXFMTXpWOTBmNmdVYUlUSTNzX1BtZ1Fqck1QNUE1LXIzQldSNGZhNUgzYS15SGhwYnNjSXhhQ0ZqVWRKSkVXMzhqUWFoZDBpY0Y5UEZfOXhRcmtib0xlTWtSem5DLVFUOWlDRUU3b3NIUGRwa3dmN1MyZ0RTSDJnZFdldldpVTVQWG42czBXQk5Oenlpc0I5bnNzWXd6U1Ewc1dpbTNsUXhjbDdETVp3YzQ0STV5eDhXYlBTcFp4M3hIR1RuRFJTa1pTSkwxdWpnNEQ4dlhtaEY0YVBFb1JsSFoyalRRNDVIcHZv?oc=5,cronista.com,es,2026-09-15T07:00:00Z,,2026-10-07T18:21:04Z,,gnews:servicios_publicos,titular/metadatos,
GN-b6a9f647de,Narrativas versus realidades sobre empleo,https://news.google.com/rss/articles/CBMipAFBVV95cUxNOUxJZnZBUThsSnFXVUhfaVZvYlZjWEQyTkdnT1VyX0ZkZno4X3dNU1JRVXBGeHRqbmJybGZ0NlYzMzJxNXlXckNaZ0pvbk1QOE1DRm16VHJ5dURlb0wxUDZ0TXlGZUNHRGhTS0l0RE8tWU5TM0xzX0RQSFZhT2g0eWN6d0hDTjFKNnJYeW1VcnRYU21uTXZiOS1vQUVScjBfczhMctIBqgFBVV95cUxOa05wSDBadC0yMEwtTHJCclVzNjRqdFphQkJnWVdPMWxoZC04RVoybUFsYURyMThVNlNiMU9rTHVoRTU4UGFNNk1lRHhIQlRVMldXQVlMNk9CbnVGLTY2a1drb1NxUE0zamxHdS02NW9JZlZteFkwT2J6M0duNGlzeXRXQUg4eng2akVPNHZ3VlJNZGg0TkVaS2FUYnI3ZXpFOUl4VnVvOFlFQQ?oc=5,laestrella.com.pa,es,2026-09-18T03:00:00Z,,2026-10-07T18:21:04Z,,gnews:economia,titular/metadatos,
GN-b7293f8cec,La ACI reeligió a Ariel Guarco al frente del cooperativismo mundial en su Asamblea General celebrada en Panamá,https://news.google.com/rss/articles/CBMi5gFBVV95cUxQMVp4WWFNYmc0ZnlIY25mT0c3aHFuMEZsTmwydjloNzBsVE1fQW42aXBtRWNXaWxpSVBOYmhyRTV5UXRsZXJ0T3JSb0tzaXdtaHE5MjJWaGY0RTJJR1htUFFzeVhrYjJwQnJmNTNxNkNoRzI4LUwwc1FVRGtnbVdqQ3h6V2tIeDJDQUl6ODVGU1F5OVpiX216RjhWXzU5ZjhJYW9JbFowQmlXZ3ltMFRncGhYeVA0Y1BYXy00RXVPZmg0YlhxTDM5Y0FaeDlQd3FBYU1FaFdCQ3VleGM5SlZPTzdITlVPQQ?oc=5,gestionsolidaria.com,es,2026-09-16T07:00:00Z,,2026-10-07T18:21:04Z,,gnews:regulacion,titular/metadatos,
GN-b734ce017b,Fuertes lluvias dejan techos destrozados y arboles caídos en Panamá Oeste,https://news.google.com/rss/articles/CBMitwFBVV95cUxPZk9Dald0TkNNNGQyb2VPVUdzVVBnTWdPOWpfdWh1Nkw2WGNYMEdicl9kRVRIWXZoaXBGYUxtT051bnJJZkw3YXo5RzdLYzZ1N1dGOEtOTlRFX3daVmVySjF5dWVESk1PVzBHRHlhQ2FWN2ItbWEzdjlzWGwzb3kxd01Xd3Z4OFkyRFZvaGVpV2dyRm84SmJkWjc4ZTJpclctNFpwNFpPU0dDcmh1bk1ZTGk1N1RIVm_SAbwBQVVfeXFMUGdVVEhNUGt1cVNyS2UwaEEzRTBJUHRWSFR6VWJBU2k4Z19MOGtMWS12R3R6Z3dkZHpSTzlnc0ZYNVBmMFU0eUxrVVpGUTNlR09rVlliMUdUeXlGRnZGQ0hlbTlkdlJCVkZUU3M2bTduYldGeDlodUdXSlJjY0FueUczUFp6YUE3bG93NXkzVHBYOHZzVHFUeW9EdFN4djVPa1F4dFZ1NTZuU2RrYnMxLTd2TXE0UkFhVGdZTk0?oc=5,telemetro.com,es,2026-09-14T07:00:00Z,,2026-10-07T18:21:04Z,,gnews:eventos_naturales,titular/metadatos,
GN-b75d8a0188,Clima en Panamá este viernes 25 de septiembre: se esperan lluvias y tormentas en la tarde,https://news.google.com/rss/articles/CBMi6AFBVV95cUxPc1Y1Q3ZFMjExcUtfZUFRRDFNdThIVzQ3SjEyU0FKRE1oTHB1Z3haZUJUS0ZWT2xmMk90TERCdXhncXlqRHdfb3RjY0NWZkFQTTFnWVBUQjRNekVRWGs5dFBXZllIUURxY2sxVkZnOUNkQVFmRGpPSTlDRDA5cUlWcWh4RkNJQVdsNkd1bk56cnloZVFZaTVVbmw2eHBSbjRIaEJPQVRvdnhyN0VVRTQ1VFVEWHNPTEFzc3NIZDRCam81cC1OQ0NCakpUTkk4ZEdHX2lEX0kyc0pIUHloOGR2aE5JMU00NXdo0gHuAUFVX3lxTE40dURHRlZqZlBrSkFHTmtMZFUtN0NrLXFmMEd0VTVwM2VDV1lqV2xLUzY5SlBhRlZlaFB2bjlySFR4U1JPTkZQX2ptdDIzeUFWSWRnd2JLVTVUWWx1SGxZYUpxSEYtOVhseWtiaHlhVlJFY1VqZzNxdlp5bUdtQ1Y1VWF4MTA2b2N5QmYxNUVtU1pLdk5iQ1ZZX2dKcFlVU0c2bE5GM1VRQzhMek93QTJ3UThIMklBQUEtY1VzQ1JMRVVRQUxwT2pmeDFJZ19DTE9udWVKMTBQRmQ2ZWdhOVhXU2s1d2JKdDZqSFNoMGc?oc=5,laestrella.com.pa,es,2026-09-25T07:00:00Z,,2026-10-07T18:21:04Z,,gnews:eventos_naturales,titular/metadatos,
GN-b775e91214,Comités de Cuencas Hidrográficas ponen sobre la mesa los desafíos de la seguridad hídrica en Panamá,https://news.google.com/rss/articles/CBMi2gFBVV95cUxOZzJfSE4ybVdZMTlyVGNiUzFNVE1mS0N6bUhZanlEbV9QY29UazlKRXd6QU92WVE3YTRDYnZqWE1rb2k3QVc5SEF0dmU2TXdaVXBJZjJhSDVDRVlsYk1yc05IQmFRdElQX1NKSGx1SlhzMkdHOFBQM0NKaDh4S3I2cEJPQmJHVXE5TVptN1VNN180VlIzWDFqaUpXZ2pfeXkzOUliZVR1LUVJbExoeGk0NG5OQ1BIeVlHSzBsMnRfdXBZNWpvUUNVWmwwTDFuVHB5Qk04bkRGbFNwZ9IB9AFBVV95cUxOcVYtNUFaZjZHS2JBWTNpaXloSnRLYVBFSHR4WG9iR0Y1d0o0eWF4QmNfMXlSOGxfelhTSjNJRlNGdXQ1eTFwYUdPUlkwTmNtR3Awb1dxa2U1QWl5cVVRMjh2MnU1QWd6WXQ3SVh2dUJMS1VENmp1bjBWYWhRVEc5bmN2cGpweWVKSHlVYXFTbmdxTEpoakFjODk3Q3BMbVVzY0FITU9lWG5mb0RsMlNSVV9neDhSSXh1YVlXc3RwNDVORGxsMXR6amZVOXJfV2Itb1JBdE9OR2RFZ2ItUm52eGRqQXZEM0RxWkhQYzY4NG1MLVV3?oc=5,infobae.com,es,2026-09-24T07:00:00Z,,2026-10-07T18:21:04Z,,gnews:servicios_publicos,titular/metadatos,
GN-b8ecfe2885,Clima en Panamá: Lluvias y tormentas fuertes en el occidente; aguaceros aislados en el resto del país,https://news.google.com/rss/articles/CBMiuAFBVV95cUxPbjR6TGZ3eEN6XzBXallWdGozZExoQ1RGM3NVd19ENkZpRlRLUVVwcmJFVGRVUHpvaERrenZTQVB6Y3VYN000T1hhc29vQnNaWVNjdWI4QnB5WV9jYlRMazk4eHN3Vkl1MURUZnNwZnpFZURkZld6dUVzTGJ3Tnp5Nk81NHA0LVJUcTNWT2plWWVlZFM1UDdQbU5VdnBTbGhTTF9ydjNCeW0xWG1lRFVYMzhCMjQ2Q25x0gG-AUFVX3lxTE16ei1lRHpjMnV6dUdhbTF2UWpEdWM0aEVKNjliZThneTZCMGNoUWFGSXV6cHhDY1dhTi1WVFU0MXE2QlhhSnk3SE9pMklHUTNoNi1sYVNpdTU1dTJEbW9XNlJTWlhFUFNsLW9JdFZickVwWGdZZGhla09kNnNoR1NBbnlaWEUxbWpKakh1VVBsZFRXZmMxdzNqZnF5RDRRLTVLQ2JQM0wxOVNDQmxkN1BieXp5RG15UWpQRnByQkE?oc=5,tvn-2.com,es,2026-09-27T07:00:00Z,,2026-10-07T18:21:04Z,,gnews:eventos_naturales,titular/metadatos,
GN-b96015b101,"Agua, energía e industria las oportunidades y el potencial de Panamá y las inversiones necesarias para convertirlo en crecimiento",https://news.google.com/rss/articles/CBMi-wFBVV95cUxQc3l0OWJfNmhLYjMyMzVXRWlyZ3ZCMHFuMmNGa1dib1RhU2ptS3d3S3ZMeEpOX0M2OTh1UGFYQTgxeHd0enBqSVVTb0I5ekNicFR1c2JtZWJCcVZ0c0JJN1dLLUFLYXowOUlOSXZMWTlKU3pVSzJLeDZQaXdjWFhWcldsYnc4dVNoZTVZT0Q4SmszdnAzX2FNa3Zyc0dJOThUQVY0VEE1VzYtY21FcmdObklWZ0dKVmx2UE4zc3o1VE5iNGtsYVhaV2toS25vV2tJRXVIaFY2el81ZTBENThVUmRrSmlRYjJEM18yM19qb0ZjUW1lT1Fza2x5SQ?oc=5,noticiasdepanama.com,es,2026-09-28T07:00:00Z,,2026-10-07T18:21:04Z,,gnews:servicios_publicos,titular/metadatos,
GN-b9d126c356,Montería estrena ruta aérea a Panamá y presidente De La Espriella anticipa conexión directa de Córdoba con,https://news.google.com/rss/articles/CBMifkFVX3lxTE9yM04tVFBpUHlyQUhUSWxnM0pQSFZMVDFRdmdOVC0yMEdDQUNONzZfampyUS1RdWFuM1czWkxDRFM1NzY1ZnV1MnloamRwSUQ2ek10ZmJLRzQ4dkxmaG5tZU5BZTZoUjJmM1NWLVVqZXcwSHd5YnFzUzZaS2R5Z9IBgwFBVV95cUxPcVFmbkJIbmZFYnJCTGptQW84aWNnZE5YMVd4ODF0RENja3JzMFR3b18zLUEtY0NZbEZnbjU3bTN5Z3hCQ3QycUp1aVpZZ3pzSU5ydy1RQzBvSzhpaWFxMkRfZHRrMFhqWVNMS2cwWWcyaG5TNHNJbkNPckNNaFFoM0RDOA?oc=5,valoraanalitik.com,es,2026-10-03T17:10:57Z,,2026-10-07T18:21:04Z,,gnews:general,titular/metadatos,
GN-bad45d9fdc,Subsidios en Panamá: proyecto busca mayor control y crea registro,https://news.google.com/rss/articles/CBMiqwFBVV95cUxNRElYc1RNWTV0bm1YaE9YbXEzakFJUzMwMWk5dGJlcW5qcHp3dU96eEo5OGVENmVub3BreE4tN0NtN0ZJeVBpd3lqSF9SMGo4UklQOXUwV0VLd05tbXRqRmtDbUNIY29HZmVFTFktY2QtOGt6REgxWncwNGNIaUZyOHAyNUcyRVBIcWg3S1BwSjluUzYzbVB6bGJmc0szbnkxV1JLXzR5Y2VjWGvSAbABQVVfeXFMTXFtTlNMcjF1LWJ0RzJQbklVVkJ1TGhWR0NMblNKekFYWldEclg1VEtmVTJLMGZ2S2otMkF0T2hGaW9Bd3F4bnM0TURMNm5RU2dlM3YtMm5Qbm9XQ1FSUEZRZl9vTXczTS1qZW00aE1rdzlFTFZ0X2NtSlp2Y2dJQ2lyd3ZFZ2MwWFlEWXl5TG1hRGxNVVdmRlJVNGpJMUpCZ3g4Zy02Zlh3WGJGUDllMF8?oc=5,telemetro.com,es,2026-09-17T07:00:00Z,,2026-10-07T18:21:04Z,,gnews:regulacion,titular/metadatos,
GN-bae1125ec8,Panamá encabeza licitaciones de infraestructura en Centroamérica y el Caribe,https://news.google.com/rss/articles/CBMiuAFBVV95cUxPOWJQWldqZHplVk44Q3N4V0EwUlBzVnBlaTJBc2Y1LS00c0oxajVUQlRaUjlxS0M2d2dWX1pZbHJTbDFBVEwtT1VPZENUelk4OWlqck9xRzBXZ0NuVWdWWmk0UG9FNGllRW40N1ZCUXJHaVl4ZVBzdkQ5MWIwVWxjRERBa0ktVDZqNVc0cHR6MGhXSllUVGVzM3lEbzFRT3Y1bzRxNzNIZFVuV3E5c0RaREExUVlwR2ZZ?oc=5,bnamericas.com,es,2026-10-02T13:41:09Z,,2026-10-07T18:21:04Z,,gnews:general,titular/metadatos,
GN-bb89efeac3,"CONATUR 2026: El lanzamiento de la X Convención Nacional de Turismo impulsa la apropiación nacional de la Marca País ""Panamá, Anfitrión del Mundo""",https://news.google.com/rss/articles/CBMi-gFBVV95cUxORXc3RVZMMXNvWDczbmVOUWVRVXVicnRBTWlXcG9mLVdLS3k5dHhCZWRIOWNETWdPRDVhMWVDNHY2QWZYeExDUG9iWVB2MTl1SnloaG1sSGtUaGdWa2dHcnU0S0d3TlF2dF9kWjV3RldLd0xPWXNiZXVVclZaX0ZMX3N1bzBldVZ6V0lVRk50Q0ZjN3A2X1R0RFV4N0trNDBMRGk1a29weHM0Sll6ZDYtNzE4MXd3eWdya3FLTkx5TkNIT3Vta3hRdXVzaVNmcXFCZmdCUFB5Ymg2SXg1d0FNTFo1cHFvREJDNGROX1hwMDBGd2Y4OGYzbWZB?oc=5,atp.gob.pa,es,2026-09-22T17:40:00Z,,2026-10-07T18:21:04Z,,gnews:turismo,titular/metadatos,
GN-bb8ba50a4b,Airbnb y otros hospedajes turísticos pagarían un impuesto de 15% en Panamá,https://news.google.com/rss/articles/CBMitwFBVV95cUxQN3psdk1uZHhSYUNBdTFxUnh3LW5PR0FwWFdvM2ZfczA0QkZZaVRDVmVOWHR0aTFoRzBwMTJwaFZ4Q0tCb2ZpdC1PdHVoUklPSG9BWXdTckpWSjA0R3NzUGVIenNqSERIN3lWRWF0MS1lWnVsZ1M2UFJFcXhaY19aSlpRMDhvT0ZJVzAtYjBzUmt5bF81a0hvQUJueHZIakltai00V0JwRC1wdlVfUmo1MkRvdkdyYXfSAdIBQVVfeXFMTWluN3kxTXFMZmMtZ0x3ZnI0X3FBa0pObW1Sb3laVmlrR2dNRWl6WXJfdEtWN0VxVUFBOHp3ck90QTEwYzNVbnplVlc0SWQtNmRfQWFvZE5faXAwS29EdDUyUVV1U2NGcEVkdnN0UXQ4c1NCdGRNZ0Q0VV9OOVYtNjFjRWFuT1hzM2ZBcUxhd1Z4aEc3eDNlU3ZRRnc0dWphT1lvSjZFNUZJVU9zc2ctZmZmd1A0b3NsUFZONVRJM05VSzlmTlRROHFtMUlySXFZTUl3?oc=5,infobae.com,es,2026-09-16T07:00:00Z,,2026-10-07T18:21:04Z,,gnews:turismo,titular/metadatos,
GN-bc1f721a89,"Panamá crea el programa 'Abono pa' ti': otorgarán B/.3,000 para la compra de vivienda nueva",https://news.google.com/rss/articles/CBMivwFBVV95cUxQclZROVlpYVJHVENUY3pfUzRtb0x0VWFPbnA5RkFBSF9iUUM1Y0xwUzFJX0JWZkFYNkFiMEVnLUx4VVVydGFRS0VvTnEwaXpMOGVVNURDdzl4QzBSQks3QldJNTZaOXhnemJUOWQwNmRCWFR0cWZxX1p3blJFYk5ubTA1aWQwVUQwaEQyRk9jMlRnZDRnQVhLQ1EtY3luMWY0TmZNQ0d0ZWRlelVBQkxEbFAyWmFGR1dQRVo2a3B1SdIBxAFBVV95cUxNNXk1N2N6ODdXNGZwME9hcUpqdE1pUWMwVk1YMGRKSzA1cHIxVkprOW1jQnNCaGdQSGdkNXF5Mk14b0ZNNktSa2JvbjFMZDFwVTdqeWg2MmFkRGZDX19oRFhGUk5YS2d0WEpmZWJSS1czaFNsVlF3YUF2UkJCVTFyUjQ2bkpXTEhnU1dSajEtdXZGYTdmckVXTTdGSmVGNmREUXNfQVhyN0hkd3QzQTZEUlJnbW9Fbm1Pd19OY0pDWkhsX3VR?oc=5,telemetro.com,es,2026-09-17T07:00:00Z,,2026-10-07T18:21:04Z,,gnews:regulacion,titular/metadatos,
GN-bc3272d289,"Economía de Panamá crece 5,5% el primer semestre",https://news.google.com/rss/articles/CBMimgFBVV95cUxPRWRSUGJVU3FWak9GX3Vid1NZVC04Q0puZlF1OEJTUHhPaXpFZTZ4M3VORC0yRDNXTUUyYzF3Z282Q1J5clF2aTdkUUd4dUQxUnFOS2JPNDBBVGhzMjIxUzlETWhhU0lmaVpNQjFYUW9DZEpBTjg1aTAxY2Fxa0VsU0FqS2NiclpsRks3X1R1ZUdPTENrV3d2RTJB0gGfAUFVX3lxTE1TUFlIbElhemxqM0pWdDVGNWRoRkFfNENEOTNhUWJ1QTBwdjQ1R0hSclM2dzdBbXgxaEJVMkVVbGZlVGt6azV4eWd6NFIxNFU2alVTZUw2aW93dW1fVzh5eXdTUjYwQWlCbkYyZTNRLTdUMjNlN1FSRHdkR3JVdmFKWm05X1FJM1diOF80a0JzQjMtYnVRZjRxSnh5bGhPVQ?oc=5,portafolio.co,es,2026-09-16T07:00:00Z,,2026-10-07T18:21:04Z,,gnews:economia,titular/metadatos,
GN-bc61281f34,Subsidios en Panamá: ¿qué cambiaría con el nuevo registro que propone la Asamblea?,https://news.google.com/rss/articles/CBMiugFBVV95cUxQSWQxaG9TSzNlaGZpVlJNTy0ySTIwOE8zbGl1SzlKUXJFRnRJUjdLcVNjSlQwVl9nMy1Qa1l4STFBOWUwbTRpMnBLVHdMYXVaUGFvOVExQmZmdi01ZW9uTDNxQ3ZjNDU5UEZhTW5KbTR4RDFGMFVBa0tkajNoN1UtT09nQl9YckpTaW54ZVhUZEgydDczT2ZwTmx3c3hRMzZqSURSTFQ2MnJNWG9vNV8wXzNRakg2ZGtkSXfSAb8BQVVfeXFMT1ppdkVHX29PSS1iZUxOOEgxM3dYbXgtRGxRaDR4LTk3MXY1b2ZkZTJwQUowSUVnclhiZktiWmR3MjA2cmRwNUtDajdlazZ3MlRLZGk4Rm82dWJIcm4ybXV3X2JCQ1JZaXVaQ3dJVnBYV0w3YUc3bzNDV3lZNmhJVVo0MVBkYzB1c3dWc2xnZE45dFdJNzR4MXRFTXBoTnB0OGc5TVl5emFzSlc3N1hHM1pPa2luaWhhR3NNSU5VQ1E?oc=5,telemetro.com,es,2026-09-17T07:00:00Z,,2026-10-07T18:21:04Z,,gnews:regulacion,titular/metadatos,
GN-bc9252c89f,"Mulino sanciona tres nuevas leyes sobre justicia, pasaportes y turismo",https://news.google.com/rss/articles/CBMixAFBVV95cUxOUXRzSlVIWFk1elM2RktaaFE5WDlNT3FOUzNSS251R2xyZnVWbk9TWG1YaHozUGo5R0lIMHVDQThGQ1JyOUMxT3J5bUd1Q2V4MXl1d1JIVjd4Ml80UmdzUS1XT3VaZnpMMWhlTDg4UVA1SUZpMzNjaGV6c2hvc3IwSkdNaktiMHVidFh5dF9EZGhPaXZzV1JacFBtYXZJcmhaSE1RWUxibFdMMGhuQzVvLXphYXJEM0dHX1hVRXpvcW9GQ3NT0gHKAUFVX3lxTE9fRnBHcmRZMXlFSjJHWTdEZ1pNVjZyaTY2WGZ3MGltZFlrY2ZPVlh6dENCQ2s4YzdYSmF4UTVtWHVOSEFtM3NlblFKVktHeXUtVzJGN2Rmb25kQjhxR0doTGdUNGw1cjAycE1jWXhqUE80RXc0VHFJQ0hQdnRiQ05LQ3hqREZsZ3BHQy1PckVPcmwzeXlCNjQ0bThCVXRlZzRYXzAzNHVpZjBrenRQUWdhLW1hSGN0ekZrUlJ0M2hPN3FBdVpxSFZVTkE?oc=5,laestrella.com.pa,es,2026-10-02T09:58:00Z,,2026-10-07T18:21:04Z,,gnews:turismo,titular/metadatos,
GN-bd81b970c9,Marcador en vivo Panamá vs Nueva Zelanda: Ben Waine pone a prueba la defensa centroamericana.,https://news.google.com/rss/articles/CBMioAFBVV95cUxNaDJ0THZ0ZkhVLVczaGdoeEhLTUlQcTRjcnVnUkJzLS16MXM4MzZIUXhvQ19vMTNFVnBxZ2RyaUoxYUwtemkxemo3UElqNmp0NjFhYThZN1hTSmUyYU1raC1VTnN5V213M09BaTM3NGJ6REVkYUtfQUFLUDRmZ21Wck5GczNPZXJDRHVLX0ZPb3JfcDZXelhPUC1KZXdldXdZ?oc=5,vietnam.vn,es,2026-10-01T06:47:39Z,,2026-10-07T18:21:04Z,,gnews:general,titular/metadatos,
GN-be2a926fc9,Clima en Panamá: IMHPA pronostica lluvias y tormentas para este viernes 25 de septiembre,https://news.google.com/rss/articles/CBMivwFBVV95cUxPYmJSakVGMEZoX1RtM2dXREMwZ1hqMm9qWW95YnV2b2xjVjFkdVBuSGtfXzBCWC14aS1xRmItNnZIdkprR1lhQ1Q5dzR0MEk2OWJBU1gzMWdGam9PSGp1UkV6ZnBhV1I3WndaUUkzTXVvcDVXYVAyTmpkT1QzUFdDNGw4ZkZBTlc0bEM3NGhrZjB1SnBQZmI5eUFVa3B3YjZmYXJnQlgyZHNPWi1ZdVdpWXJub3cwVzRlRDFsMUVNRdIBxAFBVV95cUxQZDFOTVZZOFYwMEVVamNmWHFtREk2RkdvT1AyRWVESGNpRG5GQ2dMQXVqYUNtamhkY2VRd3BjeXlNZXZDOFVIUEdNRTV6UXZYVFI0S1hsa3VrYjB6ZThsQkxaS3JYMDVPZHZfdlR6ak9UR2hpaTZpUE5BNUc1Wl91QjJpNFJZbTlLSXoySUJoZ25uWmhFR0JsSE9TVmF0X3NudWVEM0ZoOU9TZTNSVERQQXZ6MmNpd1RHaWJ3aFFicG43Unl1?oc=5,telemetro.com,es,2026-09-25T07:00:00Z,,2026-10-07T18:21:04Z,,gnews:eventos_naturales,titular/metadatos,
GN-be5d921016,Exportaciones de Panamá suman B/.534.6 millones,https://news.google.com/rss/articles/CBMikAFBVV95cUxNLWJvZ2NxNDlKWkJXSEhsYWFHZldJT0JxOFBQVkxyZnhpelNaSUd1Vmd6d0hZeFFUWUNDOEFQMHFobXhjSm1CWmRLaHFpWW5GaUstNGFwYW91MzUxR1FFTVRxYVBZd2ZYRWQzYWN5QUY1X2lneU10UDBhUExEcVdySFBQX1VBLWJBeHlnSVJFNmbSAZYBQVVfeXFMTU9uSEQ0Qi0yRmt4cGhFNlBQUUFVc2lOSWt0Z1NtcmdwOFRsbkhmMXAzLTJNUU5mcF9qLXFuUjFMVUJ5UUZqR2tEMjhmbHJtZzdhaXdLM1pHOTZYektmb0dIanQzdEg3TmxZVG9oN3dndzZxV3RrZ01VVXdqdjhwcW1aWFdEaW12V0ZlTzl2YkY4RjJYcXBR?oc=5,telemetro.com,es,2026-10-01T22:06:00Z,,2026-10-07T18:21:04Z,,gnews:economia,titular/metadatos,
GN-be9f16d462,Ecuador cae ante Panamá por penales y cierra su gira asiática sin triunfos,https://news.google.com/rss/articles/CBMiqAFBVV95cUxNdG9tenRMaE8xUTFtcUh5eU96MGZ5NTRGanNvS2VDZVo2dFQ5VEV6NWhxX0lFcDBOU1lGWWFURzY0RnoxaVpfdkgwNlNnOXJnaG5hTTlmNjRpZXRUdVd1WnFNclVYVFJaNFNRQXBjTkhiR2N6V29kd3dNUWNXTnFYYkRJOHBqbGR2U2YtbFdDM2RGa0w5ejZFNzQ0azBQSFVkcW9pU2gwanPSAbwBQVVfeXFMUHo1LXpjUTJ6NEJfTUliWVZZc0RBMmhBUm8xOGN2amFudHVRN2pDcllGV19uMGhPUEQzLWZDYlRKMVVKaU9TdXNqUGJSTHJrazZhdHJvVXQ1NTB4LUszbFoxX1hEUGNkWTJ3T2N5X2I3YUlHb1h3Qk51WXNjeGl3bEJ6QVJOU3JFR2JlUWRVSHVmSUJ6WHZTWUU5M0NUajZUcktPYmU4a1FhejBNNTRZcXRCT2pOYjROYXc5azM?oc=5,eluniverso.com,es,2026-10-05T17:04:46Z,,2026-10-07T18:21:04Z,,gnews:general,titular/metadatos,
GN-beb2a518c4,Alcaldía de Panamá emite decreto sobre el procedimiento para aplicar sanciones,https://news.google.com/rss/articles/CBMivwFBVV95cUxOV25WMjRTX05IZnc0VURSZGRfNTdGSzh2NnhDeFpQTGZwMW9ST250Z3JnREd1WFdTdzlQdnRLQjFXN0JzQkk5a2FuY29iYmgyOW05NVBJdjY5TERHRmE0SVMyZGtpRk5tX0NGcE1ick5RQ1NmczctWF9QcTJVbHgzZlFlMzJwaGF5NkQtOElwUS15dW5KZm5MckU3WlRWU0ItYWljX1dzRU5GVXlQNmo3ekhUZ05FdzRUbnI1ejFzMNIBxAFBVV95cUxNcGtFUmF2eHg5OVpjVTVldHhVLWZ3MVRoc2lZMm81bmhNR0pJd2VyQWx1Rl84UHEtUUd0LV9McGhBZjJuQkVJNU5HRmh4UlNTdmwtNEFwaHNoajltSmlBeWJpRHBkWlV5VlJiOTRnOWVlM1J2a0FNaFVlQi1YNVlQMVJtMXlCdWdXUUFVVHdrVWFzblNhZmVZSmpoY0dDNWJobTR1V0RGTGdfalRxTEZfenJicWNyX2NzWm8yU0FINV9DSEdS?oc=5,telemetro.com,es,2026-09-24T07:00:00Z,,2026-10-07T18:21:04Z,,gnews:regulacion,titular/metadatos,
GN-bec406395c,APEDE advierte severo deterioro en la calidad del empleo en Panamá,https://news.google.com/rss/articles/CBMijwFBVV95cUxQSkx5TkY1N2ZGWEI4WnpEdWFfa0w2RlRkLVJvSVgzam84OThDVjl1bWxwa1hDV3h0cFNCNm4yaUYyenZ6MnZscHNHWjFpa2Y5Y1draU1DRTVoSlhOc19adnpuREY3a1ZHMDZueDdMdEZKckRTNU80dFU4d0pZbVoyUElBYzNEbjd0T3ozemJlSQ?oc=5,elcapitalfinanciero.com,es,2026-10-06T17:32:45Z,,2026-10-07T18:21:04Z,,gnews:economia,titular/metadatos,
GN-bf67349ce4,Lluvias regresan esta tarde: esto pronostica el IMHPA para Panamá,https://news.google.com/rss/articles/CBMiqAFBVV95cUxPOTVOWTBsUUlHTGhUaFNOWjZHMWRWdXpLd3k1a0Z0Y1hWRG54cUxveGR1ZGc5SE5PNVphYThTZWRXMmNLckZCU1o5dU1LcFlZZm1xQnpnYU11ZTllVENwcEd2NjBLS1N1b25BTzZrdlEzenBxN0hJRXM0WllIQUpmTW9WRjZrb2w2RF95TWVhRTdBaWRxaF91VmxobUg4dGg5MlVHY2RESy3SAa4BQVVfeXFMT0hxTE83ZzliZ2FsRGxzQmpocVltNkI3SW1Jd0VPaS1ndDFlZXZOazZ3YXZpTWNuRzAxaFlGQXlzNlRHODV0dWdxV1QyOXpaTnJHYldqTGQ0RWFqc3B1dUlscEJ2Zm9UTXItZFJ1a0NuZWhKM1EzXzN6NU9YZ19Bd2JxM0tES3FiZ3p1cHhCbnJVY0JzZjJveTk2Z05ZSTBhTlktSF91VktWVGJPOFNR?oc=5,telemetro.com,es,2026-09-29T13:38:00Z,,2026-10-07T18:21:04Z,,gnews:eventos_naturales,titular/metadatos,
GN-bf8b64f3ec,Alegría para colombianos que planeen viaje a destino internacional frecuente: hay beneficio gratis,https://news.google.com/rss/articles/CBMizwFBVV95cUxNcFRDbW9hU1VVcTVwaDd4cng2ajM2STFJc3VucHpxU2x3R1Bxb0NOZ20zU2VjRUlBYUpPU01mUjBWWFNzcXlqNy1CUDFpOUUwMTdBdjlCRVo3a2J0cUd3dkp3T0VEczU0YTVVZVI1T195dmNSdWZ6LTZUZlRvblJZNWM1dDBGbXAxeFZramdHT2xKZ1dDMVI3VUhuaF95bjR2SW9XV01ELVVZcm8ybTgtb1paY2VsREFXLU9pam9jQkRoY0ZiTGkweEdzX2dVaE3SAdQBQVVfeXFMTkFyTlNQZXQwVGFpMnF6MFd2a3VseFB0cEo3d0xFZU1xRl81d3JfcXNER0RMa3hTZVdTSnR2LW5qVDVDWUUyYmJGUjBUOEYyOVVkdGQtOWc5ZUNnTjBrbHFYQ1czbDFiM1B1bW0zVnBDcmg2UHB1Si0xUTdaR0d5RWsxOThiVVlZMU1Tcm9CTzRycmo2NmVwTThNNmpuTmNBYTJWVV92Z3JlaDB3NHdadG5xMnlzOHdocFZ4TnJTM25WMzRxakVmQjBkLWlBQVdXYmtqUjQ?oc=5,pulzo.com,es,2026-09-11T07:00:00Z,,2026-10-07T18:21:04Z,,gnews:turismo,titular/metadatos,
GN-bff42b98ad,"Desempleo en Panamá baja al 8,5 % y la informalidad laboral al 45,8 % hasta agosto de 2026",https://news.google.com/rss/articles/CBMi0wFBVV95cUxPaDR2TWctQW85ZW1ZOEZlYXBKN2lvRUpFZHlfN3VhRXA5S0V3cTB3YllEZG1NeGZ0ZGcwMmJ1QzNiYnNYX1RhMWkzMzd6VDVmclRFcng0cjhGVVRtSkwwQVVDX1dEa0xQWU1NWFhBVlNiQmtJcWduOXFCTU11U05pcVhEWGdqcG9Qa29weHQxeGNLeHNqNXpYb0JfZlBqczR1NW53X0dlTG5DX2VjYW14eGFhV1RvR1Y0SnZLZEpBWktWSkNMdENoTWhnMkRTMkZhbVNz0gHuAUFVX3lxTE1BLURMbTN5SF9oQ3QwSi16NFUxdUtTQ2tFNTRWZkVYZTJfSVlRdFFwOXN5RU9NbF9EMVZERzR6UDliajM2eS05bk9IZTdab3pHX2o0aVhkUnFBRl9xV3UwejdqYjVCTF82dlV1d0RmS2xaYlBJd2tieUxsOHFNMktqQlhfQXNZeVVhMXZKNzFMbE4yeFdoM2pESVhscTV4SW9nTk9pQnFfdUpPeDNGbE03MjI2d1hzTy1SSld5UTF2NEFMcHQ1UWZmLVBzdW1mVktuaGwxV0Q5Zkw5Z0RtdUo4VzFXYjI3TnVnN1hYSUE?oc=5,infobae.com,es,2026-09-29T17:46:00Z,,2026-10-07T18:21:04Z,,gnews:economia,titular/metadatos,
GN-c0baca0058,Tráfico por el estrecho de Magallanes se dispara más de 70% mientras buques evitan el Canal de Panamá,https://news.google.com/rss/articles/CBMi5wFBVV95cUxORG9penV4Q2lxQm90Mjlod2hYdHhMcVdwUjhsUEx3RnV5WV84Wm5DSlJianJnbGtMdnBwQVhybGJjN0p5b0htaU1IT1lqR1V5V0xpRVR3M19OZmw5Y01zaG5Ta2NJR1VrYnhTOFhGU1FLVnRnaEZBYVNpVGl3eWxxcWtMVTRCMTM5TlRZS3N4amVhTzgzYzg5MjBnX3ltVEd3Z1R4U0V5NEhTbkZkbEp4MTFBVHNvY3I3aC1tWUJNeEVwVDU4ckFZZC1VcjdKVTRqNzBuWks5T2h4OU9TOEpHb0dlMHNCYkHSAfsBQVVfeXFMUFJSTWRfanJvRGc5dElmQ2I1OTVSaFdSVkZjMC1rQl9UREFnVGNxckZEeFU3YldHaV9ZbFdWaGxlQWt6MDgwaVBjeHdoRDhlcHNOOWlnYjBhWUFHTi1aeEt1SXkwS1ViTXdSSjJXY1dmaGNkWDdybHowa3c1UGI4LVozRjlJeXpXUGk4bFFDa1FXSUxBNG9RX3VzUDl2ODlRY1JGNUdCSXBLV2MtT0RVQ3kzN1Jzb2hQVnNybHRrT1VXSHBCcEZYU29sbEVyalhsaDlYbWV5enY5bnZJTWw0VzQ3ZXJmX2E2T201R1VHb1dXUXRhdTUxcVB3cW8?oc=5,bloomberglinea.com,es,2026-10-06T20:23:45Z,,2026-10-07T18:21:04Z,,gnews:general|gnews:logistica_canal,titular/metadatos,
GN-c22fad4826,34 años de prisión para hombre de 19 años que captaba mujeres con falsas ofertas de empleo para violarlas en Panamá,https://news.google.com/rss/articles/CBMi7wFBVV95cUxOZEw2QWJPTWItWXNMVlNvT1A4MlJySWVYOU1JWHAzcEtLLVdEal91ckxoU1ltenRhSVZuYlM4OWNZdkxfWm1BZkdjWUpwTS03SkZva1QxZUs3cDN2MzFWVnV6cWptdTJVWUpYMnJtbXo5LXo2X3N5UmgzS3pGUUVLRXVEbEVtamwzNl9wcWNydy1tQmQ2S2VZWllOQjZ1aVFFVVB2SWlXT19qclRNSF9zck1SdEoyOS1RME9MTk80Xzk4b2E3UTZWZWozNUlZN0ZETVcyaXFMQy1XWU1FdXdIUDBxZkdWU3JsMGFJSXVJZ9IBigJBVV95cUxQWlB5SDctNVpEVG5sT0I0RHBKVGFqTk5wZ0ZkYVVTaFBlM1JLcl92QVI5bGowM0E5V0NDY2k2a2lub01oRXZIN0s0X00ySVRTNFhLTDJ2QzgtOXZTNXFKMXpQZjRnWk1maEtZS3M0anduQ3Q1TVBCc00teW9rUzJzclludXlfLXl6UGpXQkZxaV9lRGUyYjJTZ3ZqZ1Y1R24tTU5feG1KbXFNNmR5enNGYkpXbVRmWnZyb2plTW1TT0xzeEZvNVZuRTNyMlpINm9TdEhsaVVHa2V0N1JfSlBSVFNPZlBvWktZQkxWTU52N1RwMnZ1aEEzT1BDTGlFdHhOZ1k5cUpaZXlLZw?oc=5,infobae.com,es,2026-10-02T17:08:00Z,,2026-10-07T18:21:04Z,,gnews:economia,titular/metadatos,
GN-c24897e331,El Canal de Panamá busca soluciones frente a la sequía y el fenómeno de El Niño,https://news.google.com/rss/articles/CBMi2gFBVV95cUxPX29TalJTR01rY0JLUUhiT0xyQ20wNmJ4dFZGeUNRdHJLbWhKdmlYY3NNcUdpVnBPV0sxN0VVNDhDNWxndEZoN0dwREcwVnFsR1pQV0xGUEF6V0IwbUtlTE5sRDFQVEE3VGoxNEdnQTd0dl9uOUlYQWs1U1JwRzlpQzVOT3Y4SEM1b1dyZlBmNHZEcjg5YVhCZW5XbnZNNVNTTHZZeHpna0NqeGtaVXp3OFc5LXRaRVRPTjRySEZoMy0yMVV5MDAxZGlia19mV25mbVdla0RyY0xpQQ?oc=5,france24.com,es,2026-09-08T07:00:00Z,,2026-10-07T18:21:04Z,,gnews:logistica_canal,titular/metadatos,
GN-c29ea8ee66,Panamá debe transformar su ventaja logística en inversión y empleo,https://news.google.com/rss/articles/CBMirgFBVV95cUxNLTVibzloNm5CTW12VEhvajBDMEFLUUFMdTZZZklGb2xQVGRfNElYbnVYUmNraUxlN0ZIR2YwQVNJYk0wSDF3SEJGYkx3YmNyckhoc2xBa0NsSmhxVmt4eGNKbEpvUkFaYTZVeFdVTS1qZllLczhndm1zbmM0WXRoczNSUUlXYUNGZ1p3dWFvbHFDd1ctcUxRTWxpR2dSbUZrd3hVczFlUWItc0VPVVHSAbMBQVVfeXFMUGVBSmJNTVJORUNWdEFZcm9hdF9FYTZJQlR4MmRySUhMR2pBaGd0RWc5c0FiZUducndkVExTTzB0LXpoTkVXSU5VMlBnci03SW5LbExvTTA1X18tSmFnU1dsYWtoSFRpbkJfaFFfckF4dEozQk9NWVo1NHhKMm5HQUZBdWUtUmVJWUhicXhDRmRmdXllTjhZZ1V1VzV2MnNnWkh3ZkdnN1Q1eUZxLTZWSktaWDg?oc=5,ecotvpanama.com,es,2026-09-18T07:00:00Z,,2026-10-07T18:21:04Z,,gnews:economia,titular/metadatos,
GN-c2b782fba9,Asamblea Nacional de Vietnam se compromete a facilitar la ejecución de acuerdos con Panamá,https://news.google.com/rss/articles/CBMi1gFBVV95cUxPcEhudmtvY21DNkk4TU80LXBEV1B2cmVPYnVmMVNtdjU3LUxKdTFIY0VjVnRoRlBFUnA5alViMW43UjdkLUwxejUtd3NDOUZKcF9qX0hQUVV0SVBCdGprV0JqVDFsS3lfOFBkeU43YmpYTVYxLTZ1ZlhNd2tLVkxtT0VIR0VKZzBjQ19TOEx3ZG1yUXlQbTZhUVJhcmZHYndrRXpOTnZRdU9MT1l6M3RwdDFDVVktUWRYTFFiVEduTExxQ0tBZTVsanc4QTRvOEJBQmVuWVJ3?oc=5,metrolibre.com,es,2026-10-07T13:30:53Z,,2026-10-07T18:21:04Z,,gnews:regulacion,titular/metadatos,
GN-c364965f4a,Canal de Panamá eleva a 33 los tránsitos y el calado a 49 pies por mejores condiciones hídricas,https://news.google.com/rss/articles/CBMi3gFBVV95cUxNdXVvdGJnUHZRWTgweEZqUTFxN2Z5TDB5NDhNeVhaYzlCeXM1V1VFQnlsMkxfYnlyWTBTYnRoLUJLYXJ1NURsbDEzclVRbmFEMXVHUWpHOUxOVWxmc18wbGVhT2F4c2NIWG1NSXkwLTg0VGtKemRRdkwxMUVLQ29yS0pCbVE1c1daNTJsdUlqNHdOb29vU0tMeEpVRGRNWElNaHl5WWZZNmhQREhSZE95QnljQXZKRjhWR0MxS3JMX1B1blp4UzhqQWlKR1diaDE5dkFjRmlEamFfNV9sOXfSAeMBQVVfeXFMTW1oRTduRUo5QWpKT01PQTFpbEFfSDJoV2dxMmF1Z2cwWFhGbFJvREQ0SHVwMUVYMlJZaHpNRkl2cHBIZkxxbFV1cURyZmotaXJEaUc0TWtJRTV0U29vYlpDZnpiU3k4ZUFIYkhPVGhyTFh3VUwwX0lkUWpmUUstYmp6b0ZMRVVBRXktSDBaZy1CcXVObHN3dDNROEY1LWxyR08xN2RUZjh6TlZoaEVrd0lwRV82SEI5VVBqbS1SbHdXQloteTU4UTdKdEc4SEZEeUY3Q3VPM09JbFhGNk5pdTRGUWM?oc=5,laestrella.com.pa,es,2026-09-28T07:00:00Z,,2026-10-07T18:21:04Z,,gnews:logistica_canal,titular/metadatos,
GN-c3749e7fa0,1-1 (6-7). Panamá se impone a Ecuador en los penaltis y Gallardo sigue sin ganar,https://news.google.com/rss/articles/CBMiggFBVV95cUxNaGROS2N1Q1RsV056dkdYUmNDYl9BZVZDQ2llVXNZYmFhR0JpM3Q2YXU5U2VoTE9LcHRvM1pXLVZLS0EtRUlTUmRTVk1xZElMTjB4cnZfRDhFWUp1Vnp6OENKRVV2Y3pGb3RLMl9kT0d5c3NvbWRXYk1mcE1oRHJuUURB?oc=5,es-us.noticias.yahoo.com,es,2026-10-05T10:41:38Z,,2026-10-07T18:21:04Z,,gnews:general,titular/metadatos,
GN-c380dfea48,PREVIA: Panamá-Nueva Zelanda: Duelo por el pase a la final en Yokohama,https://news.google.com/rss/articles/CBMirgFBVV95cUxNVUpZckF5cmpBRUQ4eG95bmp3MDhpaFI5ckNJQllKRGVjMzkyUG84SjZhc00tc0ZWMGxJTmNHNTBveEpBUG1KMUhPcVlHV3RjQTY0WTd6NmpUbmxVNVZBMkNiQjhUclRXbmZCSTlvS3EtMW1nUHN0Vk45OEthZDJxb1AzazNETUdPQV9nQ2V0Wjk2ZUE1X01LM29UME9BbDgxR3p4MXE3bzJWb0dFclE?oc=5,fepafut.com,es,2026-10-01T01:22:42Z,,2026-10-07T18:21:04Z,,gnews:general,titular/metadatos,
GN-c3db4957f8,Panamá ofrece seguro médico gratuito a turistas colombianos desde el momento de su llegada: así funcionará,https://news.google.com/rss/articles/CBMi6AFBVV95cUxQWFJ0SDhQYVJwLXlDanZuV3RMUXFuV0VhWk9CUVpxTjVRQzZWMEVaVENlNTlSOFgzTnI5SUhIdDFMeU43ZVkwcEs2RE1za0ZRc2VEMlJENGJfb3ZwSThkMWVTZllFNzVRQU5Ya1U5Y2JwOWhYeDFLRjd3NDZWSmFpM054RWxaTTlqX0VxeE5nY2YtclN3Z2xFZE5FdzBKQ3ZUZjJ0SGY2X2M0WVVnZlhuWHl0T05ldWpDTzJhb2ZxT3QyZ0dGYXppSVdMVl9MWTNZMHM4U3N1SEp6QVNRSkhQTDc3Y0lwcEt2?oc=5,semana.com,es,2026-09-10T07:00:00Z,,2026-10-07T18:21:04Z,,gnews:turismo,titular/metadatos,
GN-c511e886eb,"Ecuador vs Panamá: Horario, canal y dónde ver EN VIVO completamente GRATIS (FOTO)",https://news.google.com/rss/articles/CBMimAFBVV95cUxNTXA1WGRDcTRBX3FHaWQ4UXVJY0xiVncxNXV0c2dKSFJRM3o5U1NxVEFHU1Y3T1d2MTJ0Vy1ibnVBRmhJSG5OSWdsWWRsZU5SRkJURHN1dnEyMUJQaDNqenNaQmZ3Zk10eGpSX1VqQW5TSlJ6R3d6TF9jN3g3Y00zNGROUVBRczNZS3h2M2NCTEpHdWliSGNueA?oc=5,es-us.noticias.yahoo.com,es,2026-10-05T00:20:00Z,,2026-10-07T18:21:04Z,,gnews:general,titular/metadatos,
GN-c7a322aed5,Miguel Lorenzo Fábrega asume como nuevo subadministrador del Canal de Panamá,https://news.google.com/rss/articles/CBMitAFBVV95cUxOSEE3UzBoWW5LQTNyR3BQdm5tM21yQmJWaWYtTm9lYUNqeVlTaWNLd0pGcnNrRmJ1UnlvOG5uemswb0RtU1J4bk1lRDlMbGNmMGxUeTNjaGVqNlNGWkVNUFY4MlNWSTY5eEMyaGRxMGkxUWRsWWExOXlNTmR3Vk5TLUtQNlNEbmd6OXpZa29wQTlCZ1RMWlRKeVNxa2NuX0hlUkZuUXJkNmo1RnBHRC1iRjhjZEo?oc=5,mundomaritimo.cl,es,2026-10-02T15:55:23Z,,2026-10-07T18:21:04Z,,gnews:logistica_canal,titular/metadatos,
GN-c8959dd9d6,El Banco Mundial proyecta que Panamá liderará el crecimiento centroamericano con 3.9% en 2026,https://news.google.com/rss/articles/CBMi1gFBVV95cUxORDhLczVxcmpZeF9DT2lhRVRMUUFMeVJFNTF3YzcxcVFaZm8tcWVqb05VVW5ENDdKZE1DWm1GSW1vS29JR0NRSTA2WlpDM3piU2prenMxZW9OUUswQVdiT0k4RllYZDZ4NWtVeVJvSWtNc19SbVVWZzFWTnZlQXlrN2RpZDdKREVVUmtOUkJPZm5ZM0VHRWlMcW9EQk1VaWFvc3NKWXhxN3BBUFA2bEJ6NUhRTFhhZHE0c1ZvS3F1R3I3dTM0MXZWb1g3VlpyQ2JEdU5nN3F30gHwAUFVX3lxTE1adG91eEJoZG9UNXh0eHU0VWZyRnJjWWo4VUdjTzZqSlJRVmxwRXZ6OEhQWnVlRUFaSkZxM0Vza0Q3LWNQbktNbkNDNGdDTGIxRDZmUUJ3MC15cWhUdmV2TmFTWlZoNjEyaEZDUHhLYzNGaVJXT2pDY1FOVGRTc2NPWFBMcXQyanlSZ1NhNDN5c3Z1Y2NMd0w4eXlxVk1iWUVuelZrQWpidnN1SmZxZk9DdWRxb2g4SkRjSzIyR3IwMVpxeGl2V2FINEZFaEdjV01pUG1PS09mVld1Z1k3VVpqaUdxWXV2N2ttZWpRamVlZg?oc=5,infobae.com,es,2026-10-06T19:36:00Z,,2026-10-07T18:21:04Z,,gnews:general,titular/metadatos,
GN-c98718704e,"Panamá entre dos océanos y un clima cambiante, su impacto en la economía",https://news.google.com/rss/articles/CBMizAFBVV95cUxQa0d3MlppS1pjN2h5aFNvRkx6MDVWQWVOdzdZeXg2UWVnMkw0S0pTN1JlVDBqNGxPekpZMEtVMkRYSmNkYS1xNHpqR1B5cDlsQWk5QjM4N3J1cG8yMEdibUF1dDNnbzhCanpKUkJ6RlU1Rlc4M1lHdkpOS09kU0w2VFVZdlNTaVFnTGVsQWhEZ2pYVWNpQ2lhcmIzdVh5UkVkbkJ5LThHOUtXTW5iRUI5UDNqOGFLcldUMTVKdnFpWXVobUhwa3NsMC0zUWPSAdIBQVVfeXFMT2o5ZlBJZDVqM1RzYnBFdDlFTGRSWEVmblJXQUEyVnNmaXlnT1RvNndIejMwbUg3WDdOM3JsZmkzWk8ySHRwU0tsam8yVzZZOS05SGlzaFNBYnFPNUZGTDZJRnVkUHpzWkNybTFWX29jdEZYN1FGajRpNkFaUTVPSlUyMlJBQ0NBb19qVFVUSDZrYlFmT05nVnBTRTgyVFlSQlNxb0tYbHZhZXN4ZmRVUkRqejVFWE54SkEyU0RlWGVheWdwbFZqSjNnNHhKVHVhZjVR?oc=5,laestrella.com.pa,es,2026-10-03T03:00:00Z,,2026-10-07T18:21:04Z,,gnews:economia,titular/metadatos,
GN-c9dac17258,Alstom gana contrato de US$90 millones en metro de Panamá,https://news.google.com/rss/articles/CBMisAFBVV95cUxPRUlaRWhpdkc3UUJxNjE1MlJUTVRabUVSQl9TWGxLek5rQ1hIM2ZzTFItaGM4REJZZ0tCS0NjZkF0U0FaM1Azd3pPRFBMWEVmeHgzUmx1d1pvT2ZHZ1lTOGxUcG8tOTRwVDJkakZnOV8xNXRhby1KbGNBSU5QdFJNQVJhZ2V5TmhSNWVQVGZMZzZGWm80aUp6OWtSLVNSa0ZnblNYV3AyYnVXYUdiZE00NQ?oc=5,bnamericas.com,es,2026-09-25T07:00:00Z,,2026-10-07T18:21:04Z,,gnews:servicios_publicos,titular/metadatos,
GN-c9f7f93a0a,Estrecho de Magallanes emerge como ruta alternativa ante las restricciones del Canal de Panamá,https://news.google.com/rss/articles/CBMijAFBVV95cUxNQmNWcWNpUFV5YjQyNHI4N1A1Z011V1dhV2RWcThacDM1djA5Z3NDX0VvcVVHYUlITzMzOTJOSWNCQ1lPb0FwWnZDVjZ1WlprbE9LNWpRNUNpY3U3T3I5NWdCRWVBSFNLVGVvV3JFZlBXTlRIS2tHRVFVV0VMbDJSWEw3bVFrSUZCTG5GRA?oc=5,finanzasdigital.com,es,2026-10-06T20:50:25Z,,2026-10-07T18:21:04Z,,gnews:logistica_canal,titular/metadatos,
GN-cafbffcae7,Usuarios del Metro de Panamá siguen reportando dobles cobros,https://news.google.com/rss/articles/CBMipgFBVV95cUxOeHE2dm9MLUNXdUlyMmNfZTJTbmtfS05hb1FQbVBkRXlRTFh4aDBhaWRBd2ljX1JiblBMX284b3JyQ0NVN2lvcXlMR29uZjlIMGhjeDlyVHZPY1RLY3g5ak9CNjFKUGtvZHduSk1uVFBYZldsVDhsUjR1UUdMQ0NRNHRGdVhsX3g3VjducXM2VTNqV01ETTVjMlZvT3o1Z1ZUNGpqam930gGrAUFVX3lxTE95Qm5rUjVId1k1bWx3dXNyc2FwR3dzN3dBc19NQzA5U2l6TmlzLWJzV3pnVExKMmdXbDhnMUZraGVQSk0wT1M3X1R6bW9RZDN5VWVxNWp1ZnhIdHQ3bmp4LTdCMFlqX1lLeWR4VzJaNVU1TkJSQzFsaWR4SVpoMktFeGF0MHNkbDV1MU1xaVJaLTdJY3pKNUQ3MlpCT1pEX0F1ZHB6R3dueXl2NA?oc=5,telemetro.com,es,2026-09-14T07:00:00Z,,2026-10-07T18:21:04Z,,gnews:servicios_publicos,titular/metadatos,
GN-cb03ff04df,Canal de Panamá prevé mantener el calado de 48 pies y 32 tránsitos diarios hasta diciembre,https://news.google.com/rss/articles/CBMi5AFBVV95cUxOQzRFSzFOUHE0LUkzdkF1bWJXT2xCTHlMMlJNLW5lUVpZMGZBVHZPUnJpWkthdHlWa3k2TkQ4bGxNQkxxZExSMFg0Z0VGY1Ata1FVY01Fc0dwY3BBbUIxdnNFZ24ySnVScWVTbWpUOERjb3A5Q3pwMXlzT2xKeUpFZnZRMU5YTVVXUUxPVDdWY3FLRVBfWWEwVzNBZ1hyY2FVMWFhY3hMRHZoUTFDNGVwbGpWMmNibk4xUlV3ZGxKWkJwcWkxd3dzNEp5Znl2djJyNjBqdjQzYjBmOHNXaVpqc2U5dFQ?oc=5,tvn-2.com,es,2026-09-24T07:00:00Z,,2026-10-07T18:21:04Z,,gnews:logistica_canal,titular/metadatos,
GN-cb3fd10528,Canal de Panamá: Suspensión temporal de operaciones de potabilizadora de Miraflores este miércoles,https://news.google.com/rss/articles/CBMikgFBVV95cUxObmhhcV9DWWFjelJ4LWFVY0VOdWJnQ2JwcXJieVlka2NLdk02NXBsVFc0SDhVYUhEdXZxVFktdFdnOFBrcEhWekFVRjFKU3dXdmp2M3Jyd2NYa0hPRVl0a0lZRzk1ZThXdGRTRTRDRTFmYXNmSV8xelJRUmhiWmFFMU9iSWFBdUlDS3BBZ1lxbDNYZ9IBlwFBVV95cUxOeFNjdy04N2RCOVV2c1RPMXI2bW1PaWdLdUp0OWtlLTd1bGt3MDBISXlQXzFFQ0dXOHQ4ZVd4VmJSYnJoZzVYeFpQNm1LandaMV9WVlRJQUY0eVoydXBFSld6WmYzdW1PZFE3Qmx1SVFYNnhOQWU4S2ZWRjVob1dXcTJ5a21fWDFCb0MzcXVPYnRLby1jVGZN?oc=5,tvn-2.com,es,2026-10-06T20:52:31Z,,2026-10-07T18:21:04Z,,gnews:servicios_publicos,titular/metadatos,
GN-cbad8e9328,Metro de Panamá: ¿Qué pasó hoy en la Línea 1 y por qué hubo aglomeración en San Miguelito?,https://news.google.com/rss/articles/CBMivAFBVV95cUxOZGMxWGtqOExpbnZ6cElCNE16bjYyNVUtaDU2TGFIS0cwS2ZjU3dlSEE2Z1BfWFJLR3h0WnJPRzVwbC1CVUh6LWI4TU1GemNmN05iMWdfajdSaXJKZUlOcDl0alltdUI3SlZlMmdvTWw0bklMR1Z6MFc3T2dKTzFkVjdSYXpJcm9YQXdTb0h3endwaW9tSEtpd2xjZWpseGd2aHBaTUNjUENSUW4yeHhNOTFUWm4xam5yeTBRSNIBwgFBVV95cUxNWUFYaDJBMmlMNF9PbHRzd1hLS2RMSENuelpISlNNV2Q2QVN6QjFkTWp1ZUdPTVFSVlJkRXN5UnNzVml5TlZKMTlJR3Z5OGVETk4tT016Wk96RXlDc0Nnb2VDdnlTMjVVOU94U3BIdmtDRHZkb3NXa0haQVVSSVNpOGhrSUNYYnlGdnU0Y3ZIZ1JHMjZjUFlqOV9XT3B1N2J4MUpacVdFcFFpRFFKcjdqTWtaMlNzZmk5N2JfcDFMM2Ywdw?oc=5,telemetro.com,es,2026-09-30T15:52:00Z,,2026-10-07T18:21:04Z,,gnews:servicios_publicos,titular/metadatos,
GN-cc2f125447,IDAAN culmina operativo Panamá Sin Fugas con más de 100 reparaciones,https://news.google.com/rss/articles/CBMiuAFBVV95cUxOWVBhSmh5SnRXWWN5WVpVaERnWm1DUW0tdklqZjBnOXN6VUU3elFiaXpuckU3OXhNdlYzQURYZ1ZHTm5zb2UxTFBySUFfQXZCbFFobnUwSnV5NVNOQ0hsR3FXOHhBZ0VUUUtMU1lHT2E4bFVJd3djc1pJOV80NV9qSFdodWx6RGRWY3I5TmxkRFZCdXhUQ3k2azlfbndXempwYVhxSzgyc1VGVFpiOHRnRFpFQV85Rjk2?oc=5,metrolibre.com,es,2026-10-02T07:00:00Z,,2026-10-07T18:21:04Z,,gnews:servicios_publicos,titular/metadatos,
GN-cc5a82ce3f,"Ley 526 de Panamá, cada sociedad tendrá que volver a justificarse",https://news.google.com/rss/articles/CBMiwgFBVV95cUxPeWZkaHVmbFVFNm1aUU1fdnY5cTVkcnlrVEY4bVROR2ZmT1dycldSZV84ZGhDSUVLVHRzR0tHbmhVQnZ4RnVMSEh2WUx3SmtpaWtTell5RGhnby1LMi04VWdHckRSdGw5Y1ZSYlZSTHRfV3hGX0ZCRG9rZzJlX2gzVVFaaThDNDFHOW5zQVB6WFFTT2RNSk04UTUwUVVMUnhzOGo2YkF0alZmTDIzOEtKM0pqZEM5bnRTT2pDOWNON3JUZ9IBxwFBVV95cUxNekUydFlHcFZtbFY0Z2tUd3Bra3VsWThKQmRQOVNpcEc0Mm1RaFBJMG81T3E0b003aU5Qd1hmN09ybDJRenNlaXdMV0RtRzFsOVBPQ2tqS1l3Wm42VV9CTmFFTnJHU0NWc0FERjVvdFhiSUhkQW4xdnRPZHFiaHk0M293bWhOUmRza3FVUWU0Z0hpNGRWMHlxcHV0YndhRzktOFVNN0htRTRzeTgzSzV3Q2hIZ0tYM2xwQmx0Ty1UYjJ5VkMtaGpR?oc=5,diariolibre.com,es,2026-09-25T07:00:00Z,,2026-10-07T18:21:04Z,,gnews:regulacion,titular/metadatos,
GN-cc7e42c66f,Canal de Panamá amplía el programa de asignación de cupos para las esclusas Panamax,https://news.google.com/rss/articles/CBMigAFBVV95cUxNc0lPeTRveHM4TEEwOVBHN3VkSXFPVV9OQlBLUWR5aUhjOS1CeUF1b2NSMi1YdkFRZktPT2ptX3VMUUk5cGZFTDdlUDJFRnVuS2I2eG1iTy1hODRvT1NpdDAyRkFvTms2bUd1cmJlYVRMUjNqTUNkZlNYeFBjSEVGNg?oc=5,elnuevoherald.com,es,2026-10-05T15:10:08Z,,2026-10-07T18:21:04Z,,gnews:logistica_canal,titular/metadatos,
GN-cc8f507d04,Diputados aprueban en tercer debate el presupuesto del Canal de Panamá para el año fiscal 2027,https://news.google.com/rss/articles/CBMi0wFBVV95cUxNdVQ5eVhaUklaSWRrS1F1ZFU5NjAyN0RqYUtRNzlKWFJyVWRxZ0o2cE1nS21uYWFnUDNaTDdhT1NoODJwZFpZaFlOQkh1ZTFrUURSRl82MmxPc0xYZ0d0WTQ3Z1ZWc3hwZGlpNkJjZmhlbnA4cXFRaGdJN29IYTRIOE1GUDRxcTBsTnhmdDRpNkJiRkR2RjZteDA3NVRtbFRCVXZRR0VTRVRrT2s5TnQ3WHFlUjExQTY2SU42QUE5UVM1eW1uYm9WbDJqSnBzZE8wV3Aw0gHuAUFVX3lxTFAxcERncXhCcnZUOEVSc2NoOEtCN0N5a1U2Mlc4dmpXZ2tDQy1POWd3N3I3anhKblJzbElka0tPdjdoS0UtdWVjT19aUFpJelNvWUxHNkRhX0c2RjRpLWhLbG0zOUg0bEprV0JfQnBTVUxsbFJJN3V3NGJUNXRkNmVlcUFDcHFBQ1hCWUgtazlvcXFKaXRlWTNJTGVvS21TbVJDdFI0YzlCUENYekpPNF9TZzlqdWptdzNxSXRMaHlRVGRaamVJX1ZnRTY3TFluY3lIYWFwVmxsWEZHQ19xc3dYcl9qTjd4Q0tpSVBwVUE?oc=5,infobae.com,es,2026-09-28T07:00:00Z,,2026-10-07T18:21:04Z,,gnews:logistica_canal,titular/metadatos,
GN-cd10fe1ade,IMHPA advierte sobre lluvias y tormentas: estas son las zonas bajo vigilancia,https://news.google.com/rss/articles/CBMisAFBVV95cUxNdE40X1pyYXd2N1g3aUJtU1ZuZC1DS2o2ckxkaHYtOFRfaWpQS25GUW5jcnMwYnpoVjc5cDB4aXpFdXVZam1Hb3RuWUNpNldpVklCZ0JWMC03ZDB1UmtCeGRMNDlwal9ld1dELWhoZzdQYUV6STQ3M1doMDNpMElDY3g4a1A5dVhYcEo0VVo5eXdoMm5PZW5hWFZuWG1lLWEwOG9Kd0dBazl4WnVaQ1puY9IBtgFBVV95cUxQcG5GU3ZhMl9Hd2JWVHN5UVRkellPZnpfZEp0OHlzXzJJXzA4Q2thTHZGMzhlYXhldGZMUFNZZnZLV3hpVm5QWVlScjViSzlnUV9ocmN1TkZzRFVPRnJFOFFZSHlLMWsyejNaS3BWbG9vekRyN0FsRkJncTNWa1E0S1I1cENmeEZIVnowdU9iTmtaVFc5OTZpVUpWVzNlQUhnV1lNOEpEQk5aRFZzaFV4Zko1MXg5dw?oc=5,telemetro.com,es,2026-09-18T07:00:00Z,,2026-10-07T18:21:04Z,,gnews:eventos_naturales,titular/metadatos,
GN-cd1f591d9e,Panamá da seguro médico gratis a turistas colombianos: así se activa,https://news.google.com/rss/articles/CBMisAFBVV95cUxNeXVyYl9kbjJzVzBHUnlxMWprdDh2VTJnc21tVEU0Vmh5TTluQVhGbnMwRDJlVmdFa0N6WE1NWXpTV3gzOWJTMDdiVktPS0RKMGkwTEotVk5aQzdmUHE5RDdDZXowWDBCVzUwNHpDbGVESVpSdGlFWjdpQmhjU2VtaExMOG1vY3VBMnB4TUtCN3N0eGhzdV9hZUVXMDhfS2NNWFNqS1FCUnZqZ05EaUUtLdIBtgFBVV95cUxObXBwYU1JOVo5MmRKTzdzaWxubHdHYk16dkUxSGYzMm5jcGppREhuYi1xZ0kwZ3F3ZnZyR0JGbm4xNHAtWDR2Nlc2LWFhMjJyOGJtc09qQVBQSlVrTkNxTmtyMWZfZnA2VmVBOXdPeFB5MFBtM0owUjdmSDJYUEwxLTJxc0c4TWhGM29zMm1mZ1I2WFBwZGNwV0djNFAxREtWWjdqME9tMVdSd1ZnbjZaOFR2QWtRdw?oc=5,portafolio.co,es,2026-09-11T07:00:00Z,,2026-10-07T18:21:04Z,,gnews:turismo,titular/metadatos,
GN-cda2229d15,La estrategia de Panamá para recuperar la inversión extranjera perdida desde 2019,https://news.google.com/rss/articles/CBMisgFBVV95cUxOUVFQWU1NU0ZPZXEzS3BSMVQzbFRLODgzQ05PcHJUVnJVTFQwQzNuMDVrdmpjSkpuc2o0NHZ4eU0tdU9yOUVzUHQ3LW1HZnBYRW1IQVQyWGt3Y3BCYl91VGsyMXI4dzNKcEJjOUhJR2FKMy1ocnc0blhhOEFnM3ZLODdIM2JTUEtmSUNsLTdzUU5ObzRlb1JmRWFoVy1heEI4R1dOQlZsV0VpUmc1TTdCWm5B?oc=5,zonacero.com,es,2026-09-16T03:20:53Z,,2026-10-07T18:21:04Z,,gnews:economia,titular/metadatos,
GN-ce00cfefe3,Panamá suma vuelo directo desde Bogotá a la Riviera Pacífica,https://news.google.com/rss/articles/CBMipgFBVV95cUxQaFA2bE1VdUMwNUlVSUVvaWVmZFpKalhVT3kyYmxKdFl5X2tVWTFHb1lkejZuYjJERHZDWVB4YjY0a3hfNzNXazdqRnMyeHA4RVY0Q0R4QTZWSUJXRENiLS1jNWQ2TkFLSFRvc2NpMzlLbTRPOWZndms3UTVZcFpYdlAxSU9xYWpRQ3o0akJKNzJqSDRnem90N0xrMEl5bC1RZ3dyVzNR0gHAAUFVX3lxTE1vLUREZV9weDlndVlaZ0pxWlN5eWpfdzV5TnVJWHBWQmZrdEJwblhJajk4SmZRYkxYNkxXR3FGVEFYNVF1dFpMbllUS19KNFBLai01Y3N6TGxtQW5fOU95emgyRmRmazNIZ280TXVYUnZhSFhHOWZNTGY1bXozM3djNnE3WFdfbEpSd3NDUTZtWi1aMktHcWdQc3lVdlYwa3hCNFFTdm55TlpZLXNOc1RXTkh6WTdrNjhMUXN3R25pYw?oc=5,infobae.com,es,2026-10-06T23:16:09Z,,2026-10-07T18:21:04Z,,gnews:general|gnews:turismo,titular/metadatos,
GN-ce3930799a,"PREVIA: Panamá-Ecuador: La última prueba de la gira asiática, en busca de despedirse con una victoria",https://news.google.com/rss/articles/CBMi1gFBVV95cUxONFV3emRrVGQ0Q1UyazlPc2lKaTJlTzQ0eU1tMkFZOWI5NnZheGgwMUxtbUdMdUZoZnJHQWg5a1hLRnVvN0hzS0EzQkJ2cEd6VExXSk9mNC1Fc01PUjN5WUhDOWUtdjBHeE5OZnlxOGRGTnZ0VmhKNHBkMWtON3JCNFllX2JtYVBFQktadDBXVGluMUt1RERRZmxLS2tDbFBiamYzUk1zRXF6Y0JTdTl5UERoS1k1emNqWHJqdG9PZjZlMlJzUDVrY2FzRHdUSWJKNW1heEln?oc=5,fepafut.com,es,2026-10-05T09:33:35Z,,2026-10-07T18:21:04Z,,gnews:general,titular/metadatos,
GN-cea506a7ef,IDAAN anuncia mantenimiento en plantas potabilizadoras del 7 al 13 de septiembre,https://news.google.com/rss/articles/CBMivAFBVV95cUxOc2J4d182Q0xoYVBxa1VWYWtaRzVHR2NrQ2FiWUIxRUJQNjFmWkx4Z3EtV2tIY2VORUJWY0ZHaGg1TkVuV1dVT25qWkNKNV9KeHBuUGdXanpXRjBUQ3d6ZDRtTU5KdzBzT0p4WVFITU5PbV95YTEtWFp2Q3RLTVNDSE1UZWNabXhNUjh6LVNsR243cTJ0Y0NiSnJQS1RqdDRmaGN0ZEFJMmVjdjJRSnRpRUY4Z3g0ZVp6TXRPadIBwgFBVV95cUxQRzJ0NVZtbjlZLVpJcFp1NXpfUndlVmxjRnoyeWZRRjhJb0JKU01YNkxZN2c2ckFud0JyeV9lMl9qaVVSQjdTVEROZHVwcEx5RXJtWlNZb0lIMnYxSzlMWDhBNnc1N0hIeWFwS2NEMmRjUkNjOGllanFQRjVvZ3Y4bWRsRFFMY0hiRHRINm5rSE1XVFZLQXltMHV0UGNZSjY2ZlcwUkZyRmdJSUZpb1ItSEx4RlE1VmV5dnA0ZTZYczlrZw?oc=5,telemetro.com,es,2026-09-14T07:00:00Z,,2026-10-07T18:21:04Z,,gnews:servicios_publicos,titular/metadatos,
GN-cf737f993f,"Sismo de magnitud 4,6 sacudió el océano Pacífico este domingo: esto se sabe | El Colombiano",https://news.google.com/rss/articles/CBMipAFBVV95cUxQampVUmdDa05ub2RBdHVoQk95SlhybXRZdi1uTzV5aFBYUmVVN0diTFFWbTdveTJYSDNHYXRZc1FOM3RlbEhBSDdKTE4zellpZjIzcHV0QlpLaGFiY2dNdHJxcGNvZlVJb3d3M1BESUV1Ym54al96d3BJNU5YREJ2bm9GZzJndmdVUThNWkNDUnZWbzBKYy1pT0NEZUFPZXl1Y0swMNIBqgFBVV95cUxPV0k1Q2kxWXhlSXpNMG50LUU3dm9HTTg0NzNNdFpGZzFEUE1ZNU5pb25QYlFSOC04Y0dlTllUYXBlUVlfdFpRSG80Z2tkcjVja09OYXpTQjhXSTNOVEFSQ3R6dGsxVnFzd3U5ZUZKQUYyMFlLVWtTbDJ2SGxyN1R1ejY3Mzg0aXJaRHZaRGtyUERDRFlSTjZ5T0ktN0pUOHhGNnNIbWJVSzRYdw?oc=5,elcolombiano.com,es,2026-10-04T09:01:43Z,,2026-10-07T18:21:04Z,,gnews:eventos_naturales,titular/metadatos,
GN-cfcffef4a3,Panamá ante una decisión de alto costo: ¿reabrir la mina de cobre Donoso?,https://news.google.com/rss/articles/CBMixgFBVV95cUxORDV3ZjAzemlDWW9PZGpJN3U2cGI4UVJVSG1iV1lNRzFnUy1QeEd2Uk5DM1p5Rk5LRDhBUEpDbS1WYTJfUEV0LVR6TXJmZkc5SzJaaFVKQlNEeExDaWhGREVFZmd5R2NSUDdYQ1RNTUYtaWRhX1hjQ1ZqZmF3eUZjYjJYYlQ3Z3hMR1JMUFR2dmJqN3pocm9vNHlmcjdkdFNnZVJLMXBXSzdldTQzMmU4YVpLMHJ5cmV2ZE52Vm9pbmxSOXZ0WEE?oc=5,cnnespanol.cnn.com,es,2026-10-01T00:55:24Z,,2026-10-07T18:21:04Z,,gnews:general,titular/metadatos,
GN-d044ad3db4,Panamá presentó su marca país y sus incentivos al turismo durante la FIT 2026,https://news.google.com/rss/articles/CBMiuwFBVV95cUxQRDlxVktZZWdvREJOOUVRZmJjQlNHc3A0YmlLaWFwUzhYSzE0Y1lueDdMNk0tT0NlSDFPMEhNSEplUkRfS3N2UERxSHZyNFRheUM0dEZqSlo3NXpIV2VsVDN3cHhweFVreld2MUdOOTBlZEtxbGEwZHlQMlhSMzBCcllZdTIteDlRTGFSZ2Q1MHpjQlRTMjR6bEhxdW1LdG1CbE5WbDhwTXBXX1YzdjhmbE1mT0RQSElKV1FB?oc=5,defonline.com.ar,es,2026-09-30T11:49:00Z,,2026-10-07T18:21:04Z,,gnews:turismo,titular/metadatos,
GN-d106d53394,Vídeo | Sector turístico busca conectar a los visitantes con nuevos destinos en Panamá,https://news.google.com/rss/articles/CBMilwFBVV95cUxPbkU1SzBzeTQ4Q1JTeWdjZmpaSzlKY1VYa3VScDd2MzlRMFlrQm53MVQwSnY1cnpMTi1JTVRTdVVHV29HeG1LZkowS0dFa2l5Sm55VFplQVdJMEVLRFU4Um9PdHJNVUhSSUZBcC04V05BWkRyZVdoUEFSLVJPT0VJNjd2QXVfeUpocHVTSXFkR2YyZ2xuYy1F?oc=5,tvn-2.com,es,2026-09-22T07:00:00Z,,2026-10-07T18:21:04Z,,gnews:turismo,titular/metadatos,
GN-d1119a4df3,El Canal de Panamá amplía LoTSA y estrena un programa piloto en las esclusas Panamax,https://news.google.com/rss/articles/CBMirgFBVV95cUxPWXpsMFUyd2hjSndIM0EtamExMWpPUzRQOUw1WnpWeDNiVUg4emtOM1NST3pmcnBwM0NQZFg3Y01LTUE1WEtDa3QzeWJGVGozTldkR19VUVFnR2dhU2diMzJEeVo2YTg4MkFOZV9WTlQ2SmtZM2ppRVlsZHZnTUtjZEg1SGZxNjV4dzROLWtOYVN4RVBhMW94aFBHWlNHY3NCQnE5NHhMUFV1MW5LZlE?oc=5,infopuertos.com,es,2026-10-06T12:25:34Z,,2026-10-07T18:21:04Z,,gnews:logistica_canal,titular/metadatos,
GN-d188fe1f60,Apagón en ciudad de Panamá y San Miguelito causado por incidente en generadora Gatún; Etesa confirma recuperación del sistema,https://news.google.com/rss/articles/CBMixAFBVV95cUxQOWV1M0dVcGFMa094MkJpazJ5cEVYaUdDSXFaZFNQQldTTmhnZXQyWnd1MnpvQTZIWDdyM21OREhPR2lIUVJSZXA3LUpSTWE5Q24tY3pINDNaUmRQSlB6bGlGaWtzNmFreGxMQnNVMDU1VDVfbXNna1Z4bHVhcm5aRTlXdURTOE1qMDlIc1A3eG5uaGhDZEVqM2Q5OUhLZU1XYlZaamczUlNoRW55LTVkUGZzd3BNeEh5a1BQWkhzS1Vibl9B0gHKAUFVX3lxTE45S0pocm1jenM1VTdwcmlTTmNTNlpOenJTczgzSzJUTXc1WGl6QldVZVA4OGNxYUV4S3JrYmIxb2pSU3VQdVc4ZkYxN1k3YWhCSTNUMWJsWXJaRmk0SGxyYW01UVg2Y3dIdVcxUG9JZUJyTUhDU3M3TVlub1VmU2s3S1RZVXRGcEQ3UlZNRHVtT2o2SUJiOWI5b1YyQXJNcW4xbU5hYzVxWGhraVVlTm1lWXZha3NOb19iUTA1WHNJeUxfN1FKYWpma2c?oc=5,tvn-2.com,es,2026-09-12T07:00:00Z,,2026-10-07T18:21:04Z,,gnews:servicios_publicos,titular/metadatos,
GN-d1a7644726,Más de 36.000 tortuguitas llegaron al mar en Panamá: 10.000 nidos fueron vigilados noche tras noche para salvarlas,https://news.google.com/rss/articles/CBMi4AFBVV95cUxPekVNR1FnME9yRFFsV21vZWF1bUh3ME1STmtjeUlqRkpoLV9BX2xQcTNOOEYtNFV6azYwQVdIcEJhWWttZTluOG5tNXA3alE1VjFFRTFjQXlHUmIxaTl2R3JKS1JnQVRWREoxZ1h2VWRfNE9aTVlELVNybkpKcmxSbWEwNXN5VFhLeUl2eWJWT1JGcnhEN0EyZkdNOTJPbjdTRVFSY2pkWl9oWk90LU5rWWxxdHdZNTJwWS0yU2pUVEhvT1Y0cVBsZHRHdzBNWUVRSENSODN5YUxTRm9TdTVPWg?oc=5,es.gizmodo.com,es,2026-09-29T16:23:56Z,,2026-10-07T18:21:04Z,,gnews:general,titular/metadatos,
GN-d434731da1,Canal de Panamá: aprueban en primer debate el presupuesto para el AF 2027,https://news.google.com/rss/articles/CBMinAFBVV95cUxPWmJEQWxHUEJZa3A1YTdudjlEYjJNcEoyZlZ1YVNFRV9nQVBqOXpNcGhtaUp0SzZSR0JFVW81dGFCZ2NNQkpDV1FqZFZKaU50eGVtUkxYTGZkMnBsTTRINDZTSjZ2SERRTmFtWExmT0EwemVfQ2Q5cVpBYk1MMmVYOWtudjNOeVo3cUpfWnhQTWVmNDMxQzg0UWY4RXA?oc=5,webpicking.com,es,2026-09-24T12:21:26Z,,2026-10-07T18:21:04Z,,gnews:logistica_canal,titular/metadatos,
GN-d4c61e05b7,"Tasa de desempleo en Panamá baja a 8.5 % y la informalidad a 45.8 %, según el INEC",https://news.google.com/rss/articles/CBMiwwFBVV95cUxNejFhS0ZzelBVU29qVkFuc21ZQzc1WDJYQzd4ejh2cWhfS2RwUkh4Z1BuQkRtUEpCLXhlNXJEQldKUDQzWFhlNzlseklyZVJCQ0h0a0NHRnpvalF2VS1JUWxaRnJtNm5nQzdSUFdNaDg3blNpQlZSeHRNQ3FpZ2VUT3AzZmFCYUlGVUxKOVhhRXo4bkFEeTcya1M4NG1jaHVCYzBFb19ZQ1pQRUtHZmRUZmZtNWxmRF9rVjVDUjV0Y3REQ2vSAcgBQVVfeXFMTldPc0NuWW5pdEpzeVlJTmVqWEJwc2l5U1RmcF94S2lJX2lLdVg1MzQxUXktXzhyTnc5c2tGM1JCalU4TlJSQWtvVWZEYl8zaXVybnVrN0lUWEloWGp0dFZpWnQ0Wnk3VEo2SDJNZlpOUWdHU3hRcTA3WTlOUWJJR0M5ckY0cGlqSkJSOVhGNUxHcExWLXMzaC1VclpXUFV6ZzdQY0F5blB2MnYyOFdoYTdnUzM2ZWZpRWFjcDdub1JmWmUwVlZ0TWk?oc=5,laestrella.com.pa,es,2026-09-29T05:00:00Z,,2026-10-07T18:21:04Z,,gnews:economia,titular/metadatos,
GN-d5114eca11,Muere otro trabajador en la construcción de la Línea 3 del Metro de Panamá,https://news.google.com/rss/articles/CBMiuAFBVV95cUxQLUUxSkRqdVA3a1RDWTJaTnF0THNhWGxXVnNXa2hmaWxXRXZRNTNJYlBrZmJoVndEOXVIaEF3cldraUwyZWFBN3BhTnRTMHhEaV9weEVIdnZlR1NDVHByZ0l6X1lFZVRFSURJbmNZdnFnb0xGWlcySDJGT2w4SW82OXdYczA0c0oxbTlTbU5YRkM0STJkM3BzR3hXRnlKYnQyVUtVWXAzaG54R0p1aVliRldkbTRySWVy0gHTAUFVX3lxTE5VR19mWFJMUkVuZjBnNUNHY0VkaGFJSTFaMU9DOXJsR1g2c0JQYW5LX3FxQ2d5TzVlRVNRcVZsaVRNNzZTdnlTQXIzT0ZodmpqT0lZcVR6WE5WbktIWmZvZkU2M0hsVHkyRTE0OC1OcHFCQ21RbkFLNWhPcGhwdmVRQ0h5OXNobFJuUzBDLUNMMzJ6bkpyTU1faXdVcmVVemQyaVV1N0lfYVE0UnY0REs5R3ViaHk3X0Iza2dub1MtcHl3ZHd2bVZBREkwd01UZXZXUWs?oc=5,infobae.com,es,2026-09-22T07:00:00Z,,2026-10-07T18:21:04Z,,gnews:logistica_canal|gnews:servicios_publicos,titular/metadatos,
GN-d5e688a5ef,Asamblea aprueba en segundo debate nueva distribución de circuitos electorales,https://news.google.com/rss/articles/CBMi0AFBVV95cUxOeE1Vc2JvZHN4SlNjUlFMSjRsV2M5ZDZ6TkdtbkYwY1JWbWIxd28yVmQ4UXFEdUVIdXZDeVlmSElkaHoxMHR2ZWdvTDZIcHJvUUVmWEEwUThDaXI0RG5MUm9iV0ZkNFVLZ05xTGRjeC10VlJhZWZZVGNzekJHVUFnWG1fcDFsRHdHYnRZd2FIeUFGQVdtZ1ZHTXg0eU1NQ1JCcDJNMmhHaERFRENYSzlGLXpGZS11UWxLLWdpc1FiMTBjN0ljbjNQTXN6SEtINDBF0gHWAUFVX3lxTFA1RHM2b1dGdmhmc0o5MzZEd1paYjZqV2c5aEhIZmRNS1F4dzhDemZNN3ZWWS1PSTZlZ1BnS1RfQV8zWG15M0N2VWpFck4wZkhoS0FPTUIzTTJmV3N5ZGN1S2ExTy12MHFYVXZKX05TdWdMUGtSd1BxQnQxa0tZSFZ3d1RzYU1XdUN2TUhEcTZ3eVFRRHZsUExLbGlEMnRFR2tjbG5EYl9ld2h6R1cweXNpQklWZkpJNm14YlV6MksxSTBjVWhfTGNBakx4ajdYYnlhbzJDYkE?oc=5,laestrella.com.pa,es,2026-09-23T07:00:00Z,,2026-10-07T18:21:04Z,,gnews:regulacion,titular/metadatos,
GN-d626ab25d9,SSA Marine y Blackstone muestran interés por nuevas oportunidades portuarias en Canal de Panamá,https://news.google.com/rss/articles/CBMiwAFBVV95cUxNRWdUaDZPNFJwdzN0bFRFSlB6SFE1X2oyZ2V1c044WHJWQXRtYm5aemkwYzFJOWI4ay1INENTX0d4U3JyYnQ5TlQ2RVFRcWh0YzVSSUp5RVZTa1dxMkJfeTBDLUFEX0RmQVB1UXV1MU1ER0V2dTJ5amxkOFNlY0dxUWdCS0dzdmVwRmxfRkJxRTVHZTQ1LWVZQTRvaE95NXFjTTY1b0lPelc5UF9FZ1M3Q050NVRncUkwXy1PNHZ1ZVQ?oc=5,portalportuario.cl,es,2026-09-24T14:30:31Z,,2026-10-07T18:21:04Z,,gnews:logistica_canal,titular/metadatos,
GN-d63aa6a30c,Sinaproc emite aviso por lluvias y tormentas hasta las 7:00 p. m. de este sábado,https://news.google.com/rss/articles/CBMisAFBVV95cUxOUi1xbUV2OHdNY2Vmc1BqcUVHcmZ4WnpYRWxQVk8yY3NPS1pqbUtBeEZtdzlUZ1J0Wmd4S1B6UUxTNDdLVEl1cElNOHJ2TEdLcGR4ejVQMGM4T0xsazR1dXpEdGFMWVczS2V6VE5EdjM1TFJnVlpOWjM1Vy1BbnJuR0p2QkFpaEg5cEg4dzFoUzBrZzhqM2VIb1RvSXR4bjRIS2cyRFBrM3Q2c1owdUZvZ9IBtgFBVV95cUxNTVJfNjRaQi15UHRoVkYydlJYMHJtUVVuaWt2eHgyLXJhZFloTkNIdEEwNEh6LUpuYVVodTlPdUJOcGtOSnZnc25VR2tTOE4xSVgwenFLdGJGUURFU2FESmkzSkJXdWxBWUlMcVpjLWZsRE9kUm9sY0NXYzNSaTlVaERCYTNJdzEwT1hzZ2lBU2IxMUlnLXZCNUN5bXNQbHY2SWxtaTA2cWNrQTRKMmxFN1VhZEpKUQ?oc=5,tvn-2.com,es,2026-10-03T21:51:02Z,,2026-10-07T18:21:04Z,,gnews:eventos_naturales,titular/metadatos,
GN-d6bbd91853,Clima en Panamá: Caribe bajo lluvias y tormentas; prevén aguaceros aislados en el Pacífico,https://news.google.com/rss/articles/CBMi9gFBVV95cUxQSXpGaUsxaGVDa1lJTGJtY2MzbDZGNjZkSG9Tak1POU1qXy1mZldXMkNmVkNVRGVnWlNvdmxoSWFEc2ZPcEFoN0dIcHpFMzl1M2lOZC1wTnZXaVMtdUo2SlJmLW5zNlVpUkdYQVhfR3FMR0JWRlNsdU1uS01MUEFDWmtPTXJ2TWRaY0MzNktEa1lFSERwY1BFakFkSUN4TkVhZXh5ZFh2SUFUUDFtQWZxYlhtZHpFNFhqQ2lIbHBJNEFOamt6QkVSTkpjWkNJamh2dnpaWHVfMXZIVUpQeFYta1J0MDVuNlpsdnVhdGp2Njc3b0pReHfSAfsBQVVfeXFMUFcyOG1rUnhVVFF0U2J1WVUtVER5MUhySWNGSUk4Ti0tbUdmMHZ6WjVlY2RmcnVPbXgyU3c4SklhN1BkbmpLNE0yWEFUV3M0NF9haXFKT2lxNml6MklTVmlWVkcxeUNJX3ptVEJxaDBiQ1R0cURkdWlyNWV2bk1iYmp4NXVDTGlDMEVqY0tiVFdXM1ZnM0tRUy1mRFR2cFBIRk9WY0hfV1pncjFxWmJvSDFGZUluTnoza2trTlBmRnJDZkt2cHZYZkh5Z3QyYTFGbUFDcE0xMmVXZkFxb19nSVBWVnRlV05FQk1FOFVfdlZwdVVoWTJzX1dpUVE?oc=5,tvn-2.com,es,2026-09-08T07:00:00Z,,2026-10-07T18:21:04Z,,gnews:eventos_naturales,titular/metadatos,
GN-d7168c47a4,Panamá se presenta como la puerta en América para la industria y las exportaciones de Vietnam,https://news.google.com/rss/articles/CBMiywFBVV95cUxPX1M1SUZYX0dCaDBldWU0WV80aThwcG5rRE9vLTJ4Vjk5YXZKeG5rS2t5VFFSd25ETjRLaUZPR2xvMkM1alZaRmMwbnBOTGVFTFJmM3o4dG5oVUpxeWxSOVlTVWIxOU12N1hodzZqZFVsSU9IU21NLXZQSEo5NUdrT25tR2J2a2l2OVljdkV6eFFDREw3alFtOVNHOEVTbGhvVXE0Wl9Jd25xelhwU0MyZG1Ic2NlcThkTm90T3B0dW5KN3NfSlFNeEE4Yw?oc=5,ensegundos.com.pa,es,2026-10-06T18:15:14Z,,2026-10-07T18:21:04Z,,gnews:economia,titular/metadatos,
GN-d7fcfcf7f4,Panamá y Vietnam abren una nueva etapa para impulsar inversiones y negocios,https://news.google.com/rss/articles/CBMiuwFBVV95cUxQbFFPYzk2SlgzdjFvdVc2aGllMmZDWlVHWmgzZmktbzRVVzdCUHhPa3JqNmhDQ0pEWG5ocVUyLVZmZ09rWFBPUTBKNml3Nms0SldmUEdFb0N5cHBlcUpva3dJV21ucy0zTTFnRS1GYk5xLUZCbXhoME9LU282QUFOMWdtbTF1cHg3MElMVUtwVG9zZ2s2bmpsdU11c2wzZUY5eHVNQXBRM2lUY2Z4SkRIek83N21IUlFDbWFN?oc=5,forbescentroamerica.com,es,2026-10-06T23:03:56Z,,2026-10-07T18:21:04Z,,gnews:general,titular/metadatos,
GN-d890e6bea3,Contenido Exclusivo: Turismo en transporte público,https://news.google.com/rss/articles/CBMipgFBVV95cUxPb2NwM0RrRExWSjRBYmtJSWVrNDI2WEZuVXRJUU1sOGRlZXIwUmxPa1ROWGhLenFPSlVsY1g1bGNIaEliSVVpTEMwNE5ZVVF1VGI1QlZBc1hrSllpcmNneHV0X3BsVnBNelVTRnNFY2JycWNmNDFPMXh6R3VNQllxaE9SM3lyN05aMWlFdVhjN2NUdWk2VmpWVVJXRVZVNlhEYTA3V3Vn?oc=5,tvn-2.com,es,2026-09-28T07:00:00Z,,2026-10-07T18:21:04Z,,gnews:turismo,titular/metadatos,
GN-d8dc860ba2,¿Ya funciona la Línea 1 del Metro de Panamá? Esto informó el Metro,https://news.google.com/rss/articles/CBMiqwFBVV95cUxQYmUwOVFjLUdjM19iQXFKSko5aU9ZSnVIa2RoOU8yRUhSSWpyZ2ZidTYwcExiT1NEd0xXN1ZySmdXbGM4TUN4Ti1oWXhicnAtbVEtaWRmeUZRS3I1TGFuMTVrREowRnBmWWFlNWdZbnJTSUtVTzFKYkY5bGR0T3VDWGVuMFNkX2F2ekVYYUYzbFF3Y2dueklNektNUW8xaDkwRmhaejZMb0FGcXfSAbABQVVfeXFMUDROQlkwd2FabHFVemxMNVU0c0V4ZFQxYnhudHZNU0RGd2pvd1VVMllyMjhZdzZvd0pJeG5ib3NKUVFvV3VVLUpCM1VvMFhqbEw2OGNSUGxwSnBFV0h3aTJfZDRMTnJUOTVxdno3N213Z0owV193WmpMMlZub2Z1U21scDB6VDZpZVFLekNkdFRBZEdTTXd3LVZrSFM4OC1BNFlHdHk3Zl9Nc1duUE81Q1Y?oc=5,telemetro.com,es,2026-09-16T07:00:00Z,,2026-10-07T18:21:04Z,,gnews:servicios_publicos,titular/metadatos,
GN-d91a006f43,Colombianos que viajen a apetecido destino tendrán regalazo que les cubrirá hasta 50.000 dólares,https://news.google.com/rss/articles/CBMiyAFBVV95cUxOTG1mMjFsRU9VS3lPOFBxZWhHbU9IQTIwUFdCa1UzWmMwOEdiZGlyNDNWd2UtdW5OUGhGZTZPMzhwbkxYdU82NnlSMkZHRHY5djJiZ0pwNXYybmpnVXVYbUNXSzRJVk1hNE5DRUlwWXlzaURmYnpvSjdqM1ZaUXNPTGx1T2dWUkVvRUhPZDY0dnlSSHZIR2hSMUxjVjFra3B6d0hZV1JNR0ZLT3o0OFRIbGxUUTF2Z0tnWWVDRWhYUHRsVmRiRWVLaA?oc=5,pulzo.com,es,2026-09-10T07:00:00Z,,2026-10-07T18:21:04Z,,gnews:turismo,titular/metadatos,
GN-d9a6f71e1d,"Gloria De León, administradora de la Autoridad de Turismo de Panamá",https://news.google.com/rss/articles/CBMiswFBVV95cUxQT25oSTVFaU95Y1ZzUnBQWXhMZ0IwRWR1WTlSTjUxdURvd1FRSUFJSzg0UVE3cVdVMTVwMWZ6RHJKb3JHOGx5cEdrZlV0TW5lOEpHVG5IOFlUQzRMd2ZYMHpTYmxBWTl2QTZTZE5rS0kwY0xBcjJsZkJrS3RrenptM01VMDRrSjFETnJGRFFPX1Z5clU2TVNBVEQ1ZTFuR1ZZZ0JFaXdKeS1jcEhtVWtvelBvUQ?oc=5,infobae.com,es,2026-09-16T07:00:00Z,,2026-10-07T18:21:04Z,,gnews:turismo,titular/metadatos,
GN-da29403e4a,Asamblea inicia primer debate sobre reformas al Código Electoral para las elecciones de 2029,https://news.google.com/rss/articles/CBMingFBVV95cUxNc0pJYUxQQ3pXNk85c3JNVmtoNmFpNDlmM2lkSU1aUEtvWHF4b01kbW1XXzhubFZacEIweXE4VDJIU29uZVR1bnQxQjczX3ptY0xCUk5WcmhqMUVRdVpTdS1vck5pRkpTYjFFZ3I5R2Y1RmVLNmdJQjh3b1hGQUZaN2d5STJBZDE1RmRuU2hjajF2WmRVaENfLXAyeWthUQ?oc=5,tvn-2.com,es,2026-09-16T07:00:00Z,,2026-10-07T18:21:04Z,,gnews:regulacion,titular/metadatos,
GN-dac3a026e1,Canal de Panamá anuncia suspensión de agua en Arraiján para el 7 de octubre,https://news.google.com/rss/articles/CBMipwFBVV95cUxOMTYtalgzT1prRnpSb013bS04WlNxSVlELWdKc28wNWkyZUxLZU53Ry1ZOVZ0N3lfZGRFeFNsaTZnbnZZVHBwUlRIaWJyS1lwamQ4ZkE0SnJiaUZfXzB6TVBEVW9kRDdWUXJoU2FwT3BFZFlxWUwwZkVyc0lnZW1NS1A3QVhIaTVBR1hrQkQyMnVsVjFfOGZ0S25nVWNwTi1PQlpOTDJ4ONIBrAFBVV95cUxQTk9rU1c4OTlmZENPcUN6dk1qbzdQbkhGRFBTQWt3cERPd253QnBfSkZnblJ3TlhkSHlQZ0FrRnJtcmQ5Z3I0WDJkdjNzV09aM3EyLWZycnNoTHc0cEFEUy0wUVVIVWhfOTFwa3hZYXZPT2JMekV0TGJYVmUyTnpEVmY0ci15bmJsa0E3Z19rSms0bkxYWGk5VHpheWZQZGVqX3pYR0VvX09FS3N4?oc=5,telemetro.com,es,2026-10-06T18:57:08Z,,2026-10-07T18:21:04Z,,gnews:servicios_publicos,titular/metadatos,
GN-daeccc7586,Anillo Hidráulico Este fortalecerá abastecimiento de agua en el país,https://news.google.com/rss/articles/CBMiugFBVV95cUxQS1VUM0YxUVhpand4N3NkbE5RYWJXcGViVTRweHFJRUJ6THV4RDZUQmhweFRxbEtiZl93RUp5NEozTWo5a2JQUTF1MzNzQ3EzWXRXQUVUR3NobTVJd2FiWXNwaHpWNXpXdEpMWGlSQW96bklrSkU2WFBZNXBWb1NRNDdZeFhzZUNpTmNPWHNxd3ZhVlY1YVQ0RTJnY1ViUTgwMkh3TWxnOE9mQS1ORDBTeTdCZ01Fb3ZDNWc?oc=5,panamaamerica.com.pa,es,2026-09-21T07:00:00Z,,2026-10-07T18:21:04Z,,gnews:servicios_publicos,titular/metadatos,
GN-db0f98a562,La Cámara Minera de Panamá aboga por la reapertura de la mina Cob...,https://news.google.com/rss/articles/CBMiwAFBVV95cUxQY3ZqRGF2N2VUZmtGMlFwVDVZeHdoZlY0RGRLNlQzaHExcUVqVWNVbkd5bVR4T0cyWXJuOVYwTm9GTEhDVkhTVUFoQzc5NE5GZXNteXlkNDdtSHkzYmFTQ3NHU1E1eUN1SWxQLVpHTGlGSWQzQXRVSkF5OHZ3ZDc5bnphajdzQ05yeVoydFRoM1VNRUpuWlRSb2FvNVA2QWMyUENpTW92X3BGWDdWRDhWcVI0ME0zZXBCY0tWYVRqdTY?oc=5,industrialinfo.com,es,2026-10-01T06:55:10Z,,2026-10-07T18:21:04Z,,gnews:general,titular/metadatos,
GN-db52b2d2b1,Metro de Panamá y Doppelmayr formalizaron la firma del contrato del teleférico,https://news.google.com/rss/articles/CBMivgFBVV95cUxQSWVTYnVlbklva2VEZGdnUTR4WHE4VjJ4LXdtUjFQSnM4RkpJaWdKeTVqNmRUQ2p6S1RxVktKNnlqUFVRYjJjMnB1QTdrbGlCMEFLcERwUkozOThGa0V5dGZYcGhhdGdzUk5FcHRXUnVTeGs1alppN01VTE9kZ1paOU83T1ZrSi1xWG9VQ0MyNDlTREJ4NFNrX0d5Z21oNjdTZG1aYUpkenRRS1loLUxNbjhyaGxPZkh4UXZ4czJn0gHDAUFVX3lxTFA2VXVsOUdhN0o5U0swVi0wcVFmVGRmY1JtckI4VDFaWE96Mk84aEVNaFIzS3VDS3A4SW4yc2ROLTE3d1pUTEphOXp5VGFCM01mM2JiVFpVR1gybWNpRUE4d1l3WU1FUlhFNDNrQzBwUFVMbUFqWGQ0SzdLQ0Q0dWlRc1NnYjNFNDFHNHRCYW95cWd4VTdMQUdLTFlLSTNCX3BjUkxjU3BrSW5OOHAwTXl2ZXlReWIxaGdSanFoM1lTSVNBaw?oc=5,telemetro.com,es,2026-09-28T07:00:00Z,,2026-10-07T18:21:04Z,,gnews:servicios_publicos,titular/metadatos,
GN-dbe5585ac3,"Mulino viaja a la ONU con reuniones previstas con líderes de Europa, Israel y España",https://news.google.com/rss/articles/CBMixAFBVV95cUxNNUhwa0lWdVFEOG10R2JDblp6LWoweXRyTUJQNmJvXzhoOWJtOUhuYjllQ2FEYmhJRHh3UlNfZGZMbnNEaGhUdmpQblc4akwtUUh0RldiRUVRY2pBZU5yWHlkT0xVakhrWmZieXRwaWc3cmo4TjBwbVIzNVh6TEtDVzZNaHRHc1lKM0dkR29kTTNWMDJEN3M2WGI2ZVQ1Z3MxSFZKVWl1d2FxMVJXak9SY3ItRmtaVWZQZkZuWmMxdTRCNjRN0gHfAUFVX3lxTE5DekdlRV9CMk4tTGQ5bThaTl9FMEJwejdKU29feGZrNWxFZkFWdFcyRnhvNWp6blhHVFVIRFQtQ1lHQkRtY2tpNVptYUIwZ1BPUDFvWGhOaHVlSVhSbGlmZjZ5ZVI4TVZmYWZJbnh6OU1GLURZanNIZDFyU2ZFbUlTRDhEMy0tTkpDek5wd3ZqemR5VFhycER0RFVFWWFiRVd0SUQ1elotYXRqZ1JXMkxsd25RQ3pGaHg1d2ZfdjlyazlLTk9GQnlVMmpzSWNhaWtjRE1lOGNmY25GRGtXeUU?oc=5,infobae.com,es,2026-09-19T07:00:00Z,,2026-10-07T18:21:04Z,,gnews:regulacion,titular/metadatos,
GN-dc1e6c31e2,"Sindicato de Industriales de Panamá realizará Simposio de Sostenibilidad, Energía y Agua",https://news.google.com/rss/articles/CBMi0gFBVV95cUxPcUpEN1F3ZzhrQjNZbTB2NzdPbFRZc2ZsbkhROVAwQUNYVmE4b0E1d3NRTUczb1ZqTEVfNXdWSHpLeS1GbUVPUndVYW5lb1NCeU5OOXJsVDBRdng2NzBYeDVvNTV0b3VFX3FaSFYwWFFLTFg4NjRkYkdzZW5MbTR1SndSMDhzNFF6MHVYS0ZueUFOMTlHZ1V4ak05LUZseWs3akt5YmlucFZ0RHZPbzhhSGI2UEk0MHRGTGNucDFIQmpZenRoTzZuYmY2SzBwMmpGaXfSAdcBQVVfeXFMTW1KamNVZ3BBbE8tc0xsWTZFUWVrWHlSUEx6dlhPS1l5VW5pU1F1M01PbXNTaTFob2pWWmtHQUhxb2Q4SGdKSnFZemhkeXJvSWpSS0d5UU03M205WmVZRi1PbHBuclpJWTA1Y2VmV2l0ZElicmpNUUlSUm93SHFCeEhoMmZmUm5XbFN1dGNHZWlnUlFVM3VONHJjUFFXVFhocmxTczNFLUdhS2hjS25La2VpNWFPT2FMM2F3T2dBX0djUjhnNWZ3Y2ZGWVpJNGRpTmM1bEJXOE0?oc=5,telemetro.com,es,2026-09-15T07:00:00Z,,2026-10-07T18:21:04Z,,gnews:servicios_publicos,titular/metadatos,
GN-dc6157700a,Un dolor de cabeza menos: turistas colombianos que visiten Panamá gozarán de anhelado beneficio gratuito desde ahora,https://news.google.com/rss/articles/CBMi-wFBVV95cUxPOGRKYlFPbGJ2S1pXYl9OTGVGeFFnN1hxdkxQejdmTjZPTEFkSmlSOVlSNWJhUUdaSWIwX1dBUXJrVVU0Y3pIXzBhMExSS0pQX3A1bVVndlpqc21GcUpBNTdyVUtfOFgwNlFMUzJ1TEJQNEJYSVEtZTR5eUo1ODA5VzJ4ODdDbmYzNEdXQzUtdWZoSDJZZVk3SEJ0NEY4VEJCU2trZG9GSlllWnh2aGhKUzlGOG5oRFBxOVhkWFoycVJ6TDczMXhKMHpVaWI0aTA0UXZ3eVZ5NUdsU3dmY1ZZNEZSUzdSMThGN05UQWF4b3EwOUsxTkZuNzlhTQ?oc=5,redmas.com.co,es,2026-09-10T07:00:00Z,,2026-10-07T18:21:04Z,,gnews:turismo,titular/metadatos,
GN-dd148a1251,Proyecto de ley que dicta el presupuesto del Canal de Panamá pasa a tercer debate,https://news.google.com/rss/articles/CBMiuwFBVV95cUxPa2tOX3N4dlBFWkZ5cWhtR09HY3BURDJQRWcySHFsMllLcUV1a1ZhY1dnaHp6Qk9jVmQ0VFlXUzUzMlVxTlFaS1RDXzhTeFk4alM2QXpJQ0I2ZUtESm1rREhKaEZHY0MwbGhfRlpKbFJRZ19UUWYwN2ZtQmdPUlgzR09jekJpaUUtUGIzekdnb29pdldiU0xUeXpDZmNldzVjSkNPT1J5eXU5VVdvNjl3WTFha3Y0SEt0TWRJ0gHAAUFVX3lxTFBIaUJFZzlVSGViWVJPczhHN21UZnAxZFpKbkxESGdNUDdHNlZzeVF4TUs0TnV4RVcycXlnYnNtM2lSZHNDZkcySEoxdC0wSWZVNjBFNmxHMEZJTzYydzYybFJhWlZlY0x3NEtFdzd3Yks1SnlxdUdjWGxyUmpCdHg0UFo1S2RtYUNNMFFJMENXaURJZEtkZ0hhZmozaC1IcG5fLTdyU3VZSWRIUEtLNXZWbWktQ2tlY1NJQVU5QklFYQ?oc=5,telemetro.com,es,2026-09-24T07:00:00Z,,2026-10-07T18:21:04Z,,gnews:regulacion,titular/metadatos,
GN-dd607166e0,Presidente de Panamá: El pueblo de Panamá recuerda a Vietnam y le está agradecido.,https://news.google.com/rss/articles/CBMikAFBVV95cUxOZkFBQkU0cHp0c3U5VENaTzlWMFRvWkdDVHZ4WWlEdi1idnlHenFnQnFGbFVoOHJYTW8tZW5SdFVjQ3ZTTVdhOC1hdVpZZ3R5QWEtTk45VEd1Nk9RRFd1QVBJR1lLcVktZnRKZHZuMDJLbi1CeHNtS296elNaakxVOUc5a0tTekpYSFdSc3ZBYXA?oc=5,vietnam.vn,es,2026-10-07T14:20:09Z,,2026-10-07T18:21:04Z,,gnews:logistica_canal,titular/metadatos,
GN-dd88646a31,"Exposición de arte en Panamá desafía la ""norma heterosexual"" a través del cuerpo y el alma",https://news.google.com/rss/articles/CBMipAFBVV95cUxOcWhhd0FaWk9TUUNxT1pZdTY0TWU2cVB1V1pZcGVFdUhfR2xxRVZGVHpFR01uNnVLVnFZWm1GZ3RFSldKZTJyS1dBTjlaZEk3cFRmM2ZmdmdEem9lTHNhXzV5SkFEbEptTFB2LUEySFkzUTA2MnBjUjJrdHhmV1drNktsY0h4bEdSMFgxNEtneElxbmRGdjBnOGl6eXVKSWtRY3dTeg?oc=5,es-us.vida-estilo.yahoo.com,es,2026-10-06T15:22:05Z,,2026-10-07T18:21:04Z,,gnews:general,titular/metadatos,
GN-de27228a81,Alcaldía de Panamá reduce a tres meses los procesos por infracciones municipales,https://news.google.com/rss/articles/CBMiuAFBVV95cUxOQkJ1REZhQUN1V1IxQXAySVpoNHY1VFJHY2JVTTk3Zjg4MEZuNk5IdWdPc0pXRVdleDYxZXhHWkdBRWdkbzkzQ0daYTRoVG8xd1QzTVJOWHQzUTlKaUpHRmVmcjltU0lRdXNpYTFWcGFDMEJ5WExJVU5vM29fMUNYNHZfcUpWUzNUeDJhNTZqbmlWRWtDSVJZOGJMbmNtYjFSRG9mVnhlc2gxekdnRU9UWFRkcWZPeFZ60gG-AUFVX3lxTE14TDJkaTF6emVNdFlNODBaU3BpS0pmUWQwYlZuUHprZGt0c2tqb1RjSXlBMVN1RmFaM3hYSmZfWFNhNGxPNWpLODNsc3hIWWREVEs4TXZob0dmcExtM3pvYlFELTh3ZTltWjd3RmZqSGhYT2dESmFhX2RwRkRBZEZ5TVdUcEVGOGpLNGVhUnBJVFVhZzZXZFFQYzdqTlJPWkNqTFNJem54amZNNXdXeERnWm9OTXUtWUF5T19WWWc?oc=5,telemetro.com,es,2026-09-22T07:00:00Z,,2026-10-07T18:21:04Z,,gnews:regulacion,titular/metadatos,
GN-defa730139,Ministerio de Economía y Finanzas de Panamá – Inversionistas internacionales describen a Panamá como «the darling of the American Continent» (“el favorito de los inversionistas en el continente americano”),https://news.google.com/rss/articles/CBMikwJBVV95cUxPWUpyZ3JFcTRqUnVsNkFBNHJONEdkTFM1dTd5VjBPR2F0YTNxTkFtV1RpZHc3ejF1NVFFV3B5bi15NFh4bmpwdTg1LXpQc04wVDllOW92ZHVkcy1vdzdvbTV4ODZVd1liQ1NoSUVGNHRwM1R5TWIwS1pWRkdjUmktcV9LQ3hrYklYV0VQcVRPVEtJTnRwX1c3YzFXN2U3ckdycGtNWFpYRlNHQmRmNkZDQjZqVUR0RGI4RjJwdElaRWp0c2N5clBMVUJoemxzamJtR2lFaV9VOEp2MVcyM0dGcFh3anRHVzRlSTRfNloxaE1sU0ZlT3k3REV0VTVHbURDVmhtRUJGcUFZd0liZjNCRllNTQ?oc=5,mef.gob.pa,es,2026-09-28T03:35:24Z,,2026-10-07T18:21:04Z,,gnews:economia,titular/metadatos,
GN-defab0e7db,Clima en Panamá: pronostican lluvias aisladas para el centro y este del país,https://news.google.com/rss/articles/CBMiugFBVV95cUxPdWNXaW8tUjhNLUtqbGdldUR4VjN4Uk9kbE5VTC1DYUhCWUN2SEtDZTZpb3p1OVJSVnNrTmNRZHA5VHdfOVJ1Y19EdUowdHJOY3pZNTdSS1FxcWo4MVFaRHBaV0dqNDdJRl93X2I3QVhVdlJma0M2TGJRdXh5T2syWjhQc3Q5TTFBQUhEYWdlMEF3Rzdmbkc3ck52UUFWVWg3dUpDakloanpZR2M2dXp1dGxJQlNjZ1lvOGfSAb8BQVVfeXFMTlJDaXo0YmdjYm95a1NnY01DczhrYndEQ1BUbWxGMG52czluaVk4VkVuM25wVXB5V3BJZFZya2F1LUlrQVF4MHBkU282M2tXUjBseEhyaGVBTHZPbmdvZnVEZDRwMm5UNUtnQS1NMmNPZGxQVVhsaEdBRkw3S1o4NGNyWkpDRkJIZ01aOVlkVlp4OWFYY01raUItSXh3ZlRfa25IcUdkNS1Pc0xGVk1iTjM3TmVST3poMEMtcVdRX2s?oc=5,tvn-2.com,es,2026-09-09T07:00:00Z,,2026-10-07T18:21:04Z,,gnews:eventos_naturales,titular/metadatos,
GN-df0e99ea0d,Vídeo | La Alcaldía de Panamá alista su feria de empleo,https://news.google.com/rss/articles/CBMijgFBVV95cUxOSXl2bl9HblY0R1Z6WE9sUVMwbHF4MjBkNDNiWHBwQlByNzNFUHlHTTlQUkIzcnR5S2ctUHhPQVpSZDQyVDU0QW1JZ1ZtY0ZfVjRRWDRETklKdkRtVjhJcnRNVEFBSnpOZlR0WVNJal9Uc2tJS3BvRDVGVnpXS2ZwSWFBcV9FYmFBVW9PZEd3?oc=5,tvn-2.com,es,2026-09-11T07:00:00Z,,2026-10-07T18:21:04Z,,gnews:economia,titular/metadatos,
GN-e149e9fc2d,"Marca país y Ley de Incentivos, entre los temas centrales de la Convención Nacional de Turismo",https://news.google.com/rss/articles/CBMilAFBVV95cUxQdGlaMHF4QTJ2VmZMN29tanhiSDRueWZVY016VWNaUWhPZ1dOSS1paUxURmFBcGl1UXRSVUxja2VBQVRRUUkzSVZRVFZuQkxTVEpxQWphbUZOdFJybkgyVVVrWDJoMS10OTZBU2pJb0p4Wl8zSWc1S21FcVVoM0dCMnZlLXFHbVE0N3ExUU1FeW5tVGtl?oc=5,tvn-2.com,es,2026-09-22T07:00:00Z,,2026-10-07T18:21:04Z,,gnews:turismo,titular/metadatos,
GN-e1a1754279,Panamá se corona campeón centroamericano de sóftbol,https://news.google.com/rss/articles/CBMimgFBVV95cUxORW1RZjRMVXNNZEVHTVhMX2dMM0JwcElJaHY2M2dkck0yWkk5NGt6V3RYWHJ6TGVIaXlDV2hXLTNmZlZ6emVDSUpIUlZLR2VYWU9aRlNEd3ZQYkt4OHhyNWFlcFY5Tk1oQklUaTJzTzNVaVozSkRxYXVCWWRYVG9MLWJMTHZUM05wNmU2eTZQY2pELV9oTm9WY3BR0gG0AUFVX3lxTE9EZ0p2MEVydmNRRU90YmRvd3c5RExpQ0Jld1RSQ0hiNGxabC1XbVpXdTJ2ZzFDQ2p1TUdES3lTMUtBaTVoX29vVjhCNnYxVmlFN09UNnBsbldIRzJRSE1tSzVlSWx3dXl4bV82VVRKUGpBNS1HdVY0TlpJSjhmN1lXU0Vad0hLZ3Z5bWJObjNJaEJiRkFtdW1ydjU2QWRNalNWYnk2aTdYaHQ1bkh5TjFxUi1Xag?oc=5,infobae.com,es,2026-10-06T21:29:35Z,,2026-10-07T18:21:04Z,,gnews:general,titular/metadatos,
GN-e25ba5d1f0,Suspensión temporal: La potabilizadora Escobal detiene operaciones por mantenimiento,https://news.google.com/rss/articles/CBMivAFBVV95cUxNQWNRSGxUMkNxdm1hWERVSnAxNmtvLXY3MjdKVW1vQ25ocWNXTnQza00wODNRUzIwYzFZS1RrdUl4UzhnYTc3Q0RLbC1RMDNSZE14LVNHYUhldkVmVXlselZia0hoRVM1YTZRSDdEbEt2aHRSM29zenkwRTRLYUpPTVpzSllpQWxYRjBoME5DZXhsSjVXaG9HQUsxZkh4VGxHbGhiTmR0SEJTaGJXVUFyQnU2bVFTQXd2Vl9kMQ?oc=5,tvn-2.com,es,2026-09-23T07:00:00Z,,2026-10-07T18:21:04Z,,gnews:servicios_publicos,titular/metadatos,
GN-e3574a90d1,Airbnb rechaza propuesta de impuesto a hospedajes turísticos en Panamá,https://news.google.com/rss/articles/CBMivAFBVV95cUxQWS16cHJXOU14bDNDOEJDSDRUNVNBVjVYQ256MFNPTGRETmNqbktEMmtLdW5nSTNsUFVVakpma0g1MUpGMzhWbm8yNVF3dkFEYjBaTGF4aC16RndFdHBnVHd3Snh1MHFhZ08xTkg1ZWNoNkVsYWRlN2ZvYTZVeHNrZGdueXBWY0M3RTNJNVkxdzNybnhiY3RJVkoxTWt4VTFZcmt3eENfRGFCQTJ6V0xSeUh3d0pVanJMWVVSLdIBwgFBVV95cUxPVTJVemZieElpZklqSndJTEdGNklMaXFFWExiN2pxWThNUEdQbklvZ1FHeDE3amdBWDBvOWNla2dfaVNFclpWeVpHbW9DaThXNUFPUXdZNkN5NmluMFlDVVZxQjUzekZzTFFGbFVtNnp3STY3UDhONkRvVUN1akhtTFJEejBuSlpPV3Item1vcUFvZEtKV1IzRVdwcVlGODlsVG5RV21PSDlJTkZlVGV4dDAtR2lYel9TWlh5aThGX0dGZw?oc=5,laestrella.com.pa,es,2026-09-30T21:17:00Z,,2026-10-07T18:21:04Z,,gnews:regulacion,titular/metadatos,
GN-e3ba340d39,Potabilizadora suspenderá temporalmente sus operaciones: conozca cuál es y su horario,https://news.google.com/rss/articles/CBMiygFBVV95cUxONXhDNVJYdDJCdkZkdjl1MUNPVkI2ZWlrTUZsVW1TVE44dWIySy0xTVg1T1lURV9lRlU2M2E2UDJjRVpTY1Z0YTNPUHdMdUxkMXd0VUhFS0t6Uk9XamRVRXR6Q25UcXNFUGxyRmQtajdFZUNUSWhNVFJvcFZvbEtrd2lsNGZfSGVFUGtXeDdlTzRibkotSWJSSFFSanB0YnM3VWhnVHVUYW8xWEhlazJOVFphUEhmN29HTFdVNXlra2JLT3VuMDBPdE5n0gHPAUFVX3lxTE1ySlRXS3h3LVNUUFAyNDRZa1JtWVZpbzFXVjJDMm5oRWRQa0tKMjE1dWhqeUxoRVgxVzlsYWJHTGFpQmM1RFh3MTY1SGgzT0ZFb3F0cFpmYmRwSVBnNm1BNTRGZ1hyN0hXdFk2MzQ2WTRKcy1QX3FEbXpudFJUVjlmMms2SEhHU0FSRXlfUDAtal9sTWdIZ2RNUlpXQlFySnduZFphb19VUERyN1NXZjMzMHNPbHRJMjhvZHdPTnp0eXF4azlqVjRPX21zcWNCOA?oc=5,telemetro.com,es,2026-10-04T16:47:00Z,,2026-10-07T18:21:04Z,,gnews:servicios_publicos,titular/metadatos,
GN-e45e11af04,Levantan suspensión en la construcción del Cuarto Puente sobre el Canal de Panamá: estas son las obras que vienen,https://news.google.com/rss/articles/CBMi6wFBVV95cUxOX3NIUW1WZWs3MVU0N1A4bmhPZHlab2lJZGMyN3RuVlJvNnJvMkxET0RNWnc3dWlKckJSSkFiWDVteV9qTy1hb0I3RU1YWXU3eEdOM3Y3MktubGw1U1VCT3Z5Tll0WjJXQlJoZjdsclJmNHlxRTBkemVoc0lYMk9uYlNYbmJNVzhWbzZJUHZfdGhTMTNuY2UxQUNSV2kzeFB3cVRhclIxcFBkVll6NDB6b3pUQ0g3NnJMQkdVVDVGaXdrcmxTS2hWQkpmZUdUV2VZZ3dVTmIxOUw4cmRTZzFCNjJGTC05Y00ta1Bj0gGGAkFVX3lxTE1iZ3Z0dmN3ZXo3SHJtQ2ZURkdoTDlKeDh3REo5alZlZC1FV05iejZiZkFQanpyUFBjdE1weEJFRmtxclpJTFJMTENZc1dwWUhoMGhCeW05ejNVcEdUQkROX2R4bEpJcm9iX3NSM19zcE5IUlRyODVqc2hndWQ3YWo0eTdPVTRDaWJxei1LM2IyOUdObDZnaTBQczF3dFdhVzNNZWY1YUh2TFNMQjdTanlxZmI3MFJ5ZDBvaVJuSlB1X3FFa1YxZFVqTGVST2o0aHUyYTVYX2hXeDNVN2NuWVRpQ1BlQzN1dWlGd19lOC1PYzdFa3BtM3MwYXhSVjBjdUI1MFp5amc?oc=5,infobae.com,es,2026-09-29T07:00:00Z,,2026-10-07T18:21:04Z,,gnews:logistica_canal,titular/metadatos,
GN-e49d251acd,Montería inaugura nueva ruta aérea internacional hacia Ciudad de Panamá para impulsar comercio y turismo,https://news.google.com/rss/articles/CBMivAFBVV95cUxOdmNsVEU4WFg5VHRKZm1fdlNIbDNfcTA2THZQUk8yVVVFZWtYVmszemwwOVJ6WnJ0ckdodkdGX1RhYk9oT2NKbHJhYTBhTzZSdDFkWEpyekI1N3p2SjhET2lCUm1wRW1pVDNEcWpObk1vMGJicFdvRzF5c1gwRzFodnFiQUIyMWUxOTVZajY0Z2lMSVhKVjU3Vjl2bVdIZnBfX29UTFczdF90NlNlME1GNUNXMGpDdUlFYmNfTtIBwgFBVV95cUxOb21lbHpZUGZZRmxUalVnamFXZXU5YXJFM1lJdWlGclR4ZG9rSFNkQmtUbkFJYUVpTVUzLVZ0cjRUSmpWOGx4ZE85ZGZWVjdTS3pZWV9vdmtaczE1WWd5SmtZNWNSMnFvSkgxazE2QnpDSEdHLUhHLUVGVXhhNUtiU2VhRzlLMmIwSV9wRm16RGpybkJyRU5xcXhCOFQ5bmNtcDlPekhfZkhUMjUwcW5lSjFVYXk2WG8xMzU3TFNVN1g5dw?oc=5,pulzo.com,es,2026-10-03T19:35:42Z,,2026-10-07T18:21:04Z,,gnews:turismo,titular/metadatos,
GN-e6518a145b,Ecuador vs. Panamá: horarios y canales para ver EN VIVO el partido por el tercer puesto de la Copa Kirin,https://news.google.com/rss/articles/CBMi5gFBVV95cUxOaUU0QV8xU1FIVG1NODd3MjVYRkJtOThBNXVhd3RQUlE1RWFsNFhKQkI3U1JDT0ZhdzhDaFh2TzVKXzQxbjg0Q0tqZFBrZzZVSFpfWjRzamEzRDF6X1BkaVhYU1RyQnJrSm1CUUhlUGhReXlZM05GcWR3eWRDRlc4YUFlTkxNUlNRR3VuLUpRSnUzRFk4cl9lVjZIV0NhR2hydnBHQm5LTjFkZ0lWVTQ5d3hvenN5UXVZdG9tbWpTR1dhZm5xTndfaTlVZzlXcGlDdEhaZUFLTjVRN1BlRkRuY2Y0NldLQdIB-gFBVV95cUxNMkJRTF9KNXpybEF4bGVpcnFTZzRFY3UwcnM4ZXN2V3g5a1VMMnVVQS1xQ2JaSHFMTTRWZDM5SU05YW9NVkpPdlFUNWM4UzJueHJ6YUxQMS1fSDhlbEJ2RkxSNE0zdTRwM0h6UkJ5LTNLOWtkZDdXUXVncWV5SlU3M3MxWnp4bFBBZVFQLXVrRW9DUG1YbFJxbnpfMm5PaFFmb2RoZDNFSHlMRDFVYjhzSTF1eHdadWNiM1JZYWFzb0JiSmVmMjZrWlc5TVpjRFJocG5KNEU3a3Q3bjI4RmQtNkZCTndaZ0xtTU1ZZV9WQWRYWlVQU2JIX2pB?oc=5,eluniverso.com,es,2026-10-03T00:00:00Z,,2026-10-07T18:21:04Z,,gnews:general,titular/metadatos,
GN-e693a76bac,Asamblea Nacional aprueba en segundo debate presupuesto del Canal de Panamá para año fiscal 2027,https://news.google.com/rss/articles/CBMiwgFBVV95cUxNUlpBOGtpSE1haUVCZ1NFaG85a1NmNkg5LWxoZDkwWWE4Z0V5S0xOMkJ0VHdhblhSQzNCSUtRYm1kOUlQYncydUJ2QnNNdTFMT1k4RTU5UWdQa1QyZDA5MFAtNjJZSDRPQjhVbTFRMHhSbm82bFY5aVRONjc2dzJkamdncE5FTzgxZ3JWam1QUDdiajBUVHUwa1c0YjV1MVk4OHNxRkNGLXlWMWhVcEhFeU1yb0d4UTRXSi0wb0tiZk1iZw?oc=5,portalportuario.cl,es,2026-09-25T07:00:00Z,,2026-10-07T18:21:04Z,,gnews:logistica_canal|gnews:regulacion,titular/metadatos,
GN-e701bfae37,Panamá ante la ONU,https://news.google.com/rss/articles/CBMigwFBVV95cUxPSDJKWEhSWXc1Z3hmTkRidGRPQ2xJQXdaemhweDhuaXVQOVBHZTIxaW9zeDRwQnc2MnJ1RmFKTGswYU9PUjJkRVhQdlV3Sm5LeVBRSWJHUkJsVGtSSlRfbDJIYzc5NV9wVFZhYzU1V3JGbXZQUnBoc1dFNVAyQ2xYTGE5UdIBiAFBVV95cUxQR093ZG10bUNPMlZuSTJteTJEajViU0Z1V0d4bTIyWmlfc1JEVmJrYlpnMFE0bXVvaU9rVWhvRXQzcUhqUVY4blJkUDE2SHJ2NjFlZk5tRGxscV9PaHg4cWhXcG1mRjd3UzVBU2ZxRlN2V0tJc2cwSWs4cXZFRndoLXdXMHdCdV9M?oc=5,laestrella.com.pa,es,2026-09-24T07:00:00Z,,2026-10-07T18:21:04Z,,gnews:regulacion,titular/metadatos,
GN-e7110e2e25,Ciudad del Futuro y otras comunidades no tendrán agua potable el próximo miércoles,https://news.google.com/rss/articles/CBMijAFBVV95cUxNOG8zUll3ZzBYTDE0RVZrU1V5bnBPWFFBY2tncllOcWtBQTdpc29lREdoVXBkLWliY3VSbkZDWWZGR21TaHg2OUNXMkowb1ZIQnB5Q0tra2JUU0gtZ0lrYmhqYjV1YzJRel9YSXZ2UERRdlJhN3o4RGt6dHUyRzNNRFp3Z1BJRWV6TTljVNIBkgFBVV95cUxQQm5ld1RmREtRdnpGcy1kQUs5REtOckVyRFRZZW5ocjFVU1A0UW9aM1V2UGllSXktMjFmOUx4R0FPQUFDbXowREtEWEpyNGl4UTFDaVpkc3kwV1NoVFpjeXZBVVROdUxobUZvQWtFWEdNS0ZmTldzbVJFVzA3ZkZQeG1BZk5tZVpvUDhtbXhLcVNyUQ?oc=5,tvn-2.com,es,2026-09-18T07:00:00Z,,2026-10-07T18:21:04Z,,gnews:servicios_publicos,titular/metadatos,
GN-e73f093e19,"El presidente de la Asamblea Nacional, Tran Thanh Man, se reunió con el presidente panameño José Raúl Mulino.",https://news.google.com/rss/articles/CBMipAFBVV95cUxOZlNjVHd4WTVhd19TdTlUOVJwN1NZNkdnV2hEdkF1QlVfNl9GLVVQNFZUUVFZNG4xamJsaHZhVUhNSXJoSm9RT1VoSEdVYms5VXV5Q1J2RGRabEpoYnhmZnk1b3hQQWFibEZDNUdSWWZBSkR2emx4WjhvQXJGQlJpYVAzX2NKeW44UTdVZV9hNzJCLXJjcnZkWFlpd3M5OE4zOGxUTw?oc=5,vietnam.vn,es,2026-10-07T07:46:34Z,,2026-10-07T18:21:04Z,,gnews:regulacion,titular/metadatos,
GN-e74ee0f577,Cómo la sequía en el Canal de Panamá está disparando el tráfico marítimo por el estrecho de Magallanes,https://news.google.com/rss/articles/CBMikwJBVV95cUxPSldXaGdSa1BHX2xjYTBQcVVMTGJST0p4T0ZkdjNTMHBwWmtJNmotV3RrTk9qWEF6b0pSVGhGNFhiTFdZbkVxaW9uV3BVMktSMllMcXJ6ai03QWNpWEhUUTQwdUNQWGNnT3lMekFJbFo3eFJacTRMYVJ5YUZiZm9wbnRZUWdOUkUtM3VvS0ZVZFU2bEZPTnhOTk13b25TMDVDcnY3NENmS0xMQS1vdU81ZFlaRWtEWHY3aXBwUGFtcXRvVERPOFk3SUtySWMzdGR0UDFXQmJob0h3Zm5vLV9RcDFvMnRtNE5DYXdjSFl6bFVrZ1lwaUNkWDZfd2hodXE5YXZWcUpuNy1HOWFaUXg3ejRWdw?oc=5,biobiochile.cl,es,2026-10-07T13:36:48Z,,2026-10-07T18:21:04Z,,gnews:logistica_canal,titular/metadatos,
GN-e84bc6b62f,Canal aumenta a 33 los cupos diarios de reserva y eleva a 49 pies el calado para buques neopanamax,https://news.google.com/rss/articles/CBMi0wFBVV95cUxOeFdxY1R6YmtEblBKOHc1WVpWYWVxb203RWxtZmVtUlNmUHV6UWFSdHlnNjlVcEVsODJHWWtJY3VlRUF3Wktva2QwUFd3Y005WUlwQkZYem4ydWZBbnNXZGl3SVZXdkF4YmttQUVHV0JqdXg0eDRXbkZacGFkMGRubUlWdF9kWG1NRDNkN05iSjE0WHgwV3BDdnd4RHlvVnpyNjA1Yzd5X29vcnBnaE1lTk9hb09CQmxMa08xcGVLNzF6YzJkZmw4RHpJVVdTZ0xxRmtz?oc=5,noticiasdepanama.com,es,2026-09-28T16:15:45Z,,2026-10-07T18:21:04Z,,gnews:logistica_canal,titular/metadatos,
GN-e91fafe0f9,"Por unanimidad, la Asamblea aprueba en segundo debate el presupuesto del Canal de Panamá para el AF 2027",https://news.google.com/rss/articles/CBMitwFBVV95cUxOUWxZZ2pfQzJ1TS1YM01mRXBVLXdVcE8xV2lsOHNqdzFZNkx1aFQwNjlCM1hkcUdURjY5cVp6dFFoemlRNjFYLVJ4MnpnN2F6VjJUaTk4SThXa2lMc1F6WFpGbVVHS252UTVrQ0tQQnRVRVN4alNOQUpSQWF2X0hLa25fVEN0WDFBUmk0Ny1Yemd1ZkZLNThPZFNVRTJLemFvNUdVV2JtRkhwTXZNQjBNTEc3Z1RUOG8?oc=5,pancanal.com,es,2026-09-24T07:00:00Z,,2026-10-07T18:21:04Z,,gnews:logistica_canal|gnews:regulacion,titular/metadatos,
GN-e932470015,Panamá tendrá una tarde y noche lluviosa este sábado 26 de septiembre,https://news.google.com/rss/articles/CBMizwFBVV95cUxPOXBBdTNVYzdnQldsNGo2MFRhcElpWkh5cTV6ei0ycjFuMmoxOGpiUEFjcnF5WHBsZEFBRXFpNTU2ZTFzM3lTSU9lN3U0c0I3WWZGbkVyQjRqeW96UnZoUzd1c1plUjlJT0U1MHQ2OG1mbi1UZ05XSUFnb0Frclh6V3l1dlRKZXRlZ3YyY3lka0VQY0RrSDNYTTVPMHRlaEsya3JrbE56WmUzUnlLQllsbEY0QWluSG1PYl9wS3JEaW0zNWhhX2Q4Wks4YnU2b3PSAdQBQVVfeXFMUF92NWtEcVNvakRfbTNhbGJBMi1NN3VQbEFVbi1RTFVNakVmTzlvdnlnUUdrWFh0ZWVtVU1Rd3JqU0dMZWFvZzU2TzZvQzd2amZCNUtibHRkRUZsUDdLTWZRYm1HVXh0RWNBVjJFb0FkN1dZQ01qMXBWeHZhZy1XR3JFZDZiem1xQUZVcHd1RERiTmtXdUtnUFFZT2Y4R0JBcHV1eVN6eEZTYTF6dnVna2hvc1lxb0lWQklGM1NhUEtMWUhPUEJoOWdtTExwVG13YXhMQ2M?oc=5,laestrella.com.pa,es,2026-09-26T07:00:00Z,,2026-10-07T18:21:04Z,,gnews:eventos_naturales,titular/metadatos,
GN-e9a9bb54d3,"Francia busca ampliar inversiones en Panamá en infraestructura, agua y transporte",https://news.google.com/rss/articles/CBMiygFBVV95cUxQZm16RjFvY0stb3lvUzBzMkR6TG1XMF9UN1A2dWRfMWQ1cVZzVkVFYUV2WlJXcGZQTHdESmRUTVdEZUpRekxveWp1RWU2NEdubE9WSzZDV0ZlSC1PbXpJdjlYMnRqNndZSzY4MFg5T1V1SXJORXVJY3plOUk1S2VEMktVMTBVbktlem1MdHBaVEdUODdoVDhhaF9rNXJLeFRjRzgxZThuUGZLTktDYkVwc09UQ0F3cW5oR2xHV0U5NVRKdGpRWHA4NmdB0gHPAUFVX3lxTFBKb1ZPVktfWHpqSTMyNW5TRmlvV25tUS1feXlQRWVya3ZmRU5Ba0pzZkQ5YS1DTWpFYWQtX09ILUhBbU5yTElWQ1lXTHJaT0hBVEtyQWZpYXN0SUVXZERueHBJU3JMRlM1bHlIWi03UE91S19vbU5ZS1M5QmJ6X1kyaXQxdjNyeHJpcl93Y0pOdDV0V3RORVBUaDRLdGtLSTlNLXZyYUMwcnhmWV9hVzR1N3g4RVR0RDRHZUNDcUhlTkRER2M0R0NCQ1dSSWk5RQ?oc=5,laestrella.com.pa,es,2026-09-14T07:00:00Z,,2026-10-07T18:21:04Z,,gnews:servicios_publicos,titular/metadatos,
GN-ea3d1fe23a,"La economía de Panamá crece 5,5% en el primer semestre apalancada en el Canal y comercio",https://news.google.com/rss/articles/CBMi1gFBVV95cUxOYkhKLU5OWnc5LXF5alp1M0xsc29EdjFxRm8tR1J2ZWRHWTlheW5WQkVTRXpRYXlyZzkwbm05RVZNTkF4Y0VxRXVScjVIVkg5eVBQaXoyT0pyVWpZbm04YXpVOTcyRGVoc1V1NjhEM1YxUXoxeFdrVGlpclRVcnBLcUlWZU16UkQwbjJHRWZtdUluSUJZbG4yZVBiakZVVkhTbF82ay1NdFN1RWlNSkl6dnZwOGs3bDNGX003Tm1xUHR3cnlmcjBoNVh0ZUFsWXVlQ1JjUV9n0gHwAUFVX3lxTE9qeWl3bTJTQm9iY3JvNXphXzk2ekNCbXBnRF8wOHpNbG10eUkxZUNoZVhYR2tQR1p1MTRDLUg2UHU2bXlTWGlMUktodzU0NkFqRXVvRzZ5eEVyTjFXYl9iVElYVFFPeUEzYkEyYkFobFJHUmg1MTNqYkRTT0tSbGlob1ZkRlNKME5ySXVKMDJuX2syTU0zLWlKeC11cVFBb0pOUXRZUldrdVR1dk5xSV91dzFYWHhTU1ZMbENVdWZMenJQRF9KbHJQTEVLbnh0Q2pZWHc1NTlRS0FCcTI1bTlyaVNseUE2OS1tdEhfcHM5Rg?oc=5,infobae.com,es,2026-09-16T07:00:00Z,,2026-10-07T18:21:04Z,,gnews:economia,titular/metadatos,
GN-eabfc361c0,Panamá cae ante Nueva Zelanda en penales y disputará el tercer lugar de la copa,https://news.google.com/rss/articles/CBMivAFBVV95cUxNeURNMUxkRGVodkZnZmI0MTNpTlVzNzcxQkNhSTYyM0wwU1VnWGozNnI3a0JETV9obUpLX1F2c0tFYTlOS2tGbks1R1NUX09UekxIdGZ4dGxDT0k3UE55RTZUd2huUlV3SnFNMFpjV1l4dlVIQWM4dG0weE1kY05iV2FSUzlBZzJJcWhRSGIxQi0xTkhxajNwWktEX2VmVHktNzJkbG5ld0RHTjJyNzVLQTAxRDdIc3IzSVp3SQ?oc=5,fepafut.com,es,2026-10-01T19:58:24Z,,2026-10-07T18:21:04Z,,gnews:general,titular/metadatos,
GN-eb25c6e529,Del crecimiento al empleo,https://news.google.com/rss/articles/CBMiaEFVX3lxTE1jZllXLWlnMjJycHJybnIydXNlYXJMQ2hVdzJYZFotaGpNbFRvT2Q0OENlaGpnRHV1c0JKSFZGemNuTlJ6T01ONmFIcFdSZ1VuZm5Jd0VVQ044Q1RMTFRSMkVUb2dKZmJw?oc=5,prensa.com,es,2026-09-22T07:00:00Z,,2026-10-07T18:21:04Z,,gnews:economia,titular/metadatos,
GN-ec4edaf2fb,FMI: Panamá es una economía sólida pero debe mejorar la educación y lucha anticorrupción,https://news.google.com/rss/articles/CBMivwFBVV95cUxOR29zODcwMklJdFRzTGUzLXNBQjkwbjNmeEg5RkFtMklSSHRNeU5hX1dydGVtWG15Z2tucmI3RGZSOTRlWEhiUERid2VxUmJWd1YydTRoWXhOdUh6ekN1ZlFfQjY4MXJ5OU9IcEFNOG5wV0F6cnc3TnFsNTdJVFJXdmVURXhhcmVwRTlfN3dHaHZaQnRTR2pFZUZjSUxua2FGOXFvb19qVGNVTE1Dc0ZMOV9UMVJEcGg5OTVnNFM0UdIBwwFBVV95cUxPU3JjdGh2WU1HZDhCUWwxOE9fNG5RVmRLTHBfNWVoWmZCV0RrSk1ZemRNZ2FRd0pXTkxBeVBoNW5oTUFIOTFuRjNPelc1eU95Mkdram9CZ0k3TVRQT1VZNWFsaVpNRFVaSUtIcTFmQktqY21tMlNjdng5T2JHZG1OR1N4Q1Z3alNoaXlTN1dlMkUzdGtjSEZsTk1tcm1WTUU1YWNqV1RHMGFLa1dvcFl4TzR0WDA1UE9aa1dlLV9aM0UxakU?oc=5,diaadia.com.pa,es,2026-10-07T16:19:00Z,,2026-10-07T18:21:04Z,,gnews:economia,titular/metadatos,
GN-ecdf3e6e72,Diputados aprueban en segundo debate el presupuesto del Canal de Panamá,https://news.google.com/rss/articles/CBMixwFBVV95cUxQZXpOZGdkU1dJd004MndnWmxfWi1kNjJFcjBLbGdXMi10N1BBTHkwdl9zSjg4bHlqUW9nX1pfSDk4V0dqQWNfRGRwVTdTdWpSc21yUFVKX0NNbTJsakF6N2t2YUI5TnljMGpFblNMd0VibzhfaDZDTzNzWWV0ZEl3U2RRU0tyOGVSaDF6UDZJX29aYlA2SkROVGx5RkZPN2dhM3RNdmEwR3Z3Sm43dDRFS0U1QzhJVWJGRS1PTm9BVEFNQjNRbGxr0gHMAUFVX3lxTFBsdkFoYXFsV1ZNN2ZzZVYxQjdQZlpfSE1HdWswbWZPNDhtcjY1SUFQT3RYOFhSaGFHTllpTTFWRENQSXRDczZ0cVVfMjBIbm85WXpnc010bG9qbkFObWZZRkl6NGQ2VlRSMEZUYWJETWZfWXVPdFQtUWFTb09hZ3dTLUtwQUtuVHVxelVYbDN5akp1MVpJRWp1Y3hYaGM4V2s4aDJfQm91dHRFSlF1TmpTWkt1RDlHNVVuR0Rrdk5qbEdpMW1XbUVoUl82ZQ?oc=5,laestrella.com.pa,es,2026-09-24T07:00:00Z,,2026-10-07T18:21:04Z,,gnews:logistica_canal,titular/metadatos,
GN-ed1a9c025c,Panamá: los turistas que llegan en avión cuentan con un seguro médico gratuito,https://news.google.com/rss/articles/CBMipgFBVV95cUxPNkgtNzB3bFhYQkhlQmU3b3c2SDI2T0dndlJnUktmNGd4SEIwWjFUV1FhQkh2NWt2X3RwbGhGNlAxOEZpblE2Y1B0NndiM2FBUERpSWxYSGNKTHNXb0MyLWdTTldJMF80UjcwUlJlLVlfX0xmeVZsbVpiNGZ1cS1sSUg1eVNJU3d2bTgzVkJLVFNfMkgtTFM0dWJFWEJGbGt0N2JUcHdB?oc=5,visasnews.com,es,2026-10-02T12:00:37Z,,2026-10-07T18:21:04Z,,gnews:general|gnews:turismo,titular/metadatos,
GN-ed20826232,Metro de Panamá y Alstom acuerdan plan de mantenimiento de $90 millones para las Líneas 1 y 2,https://news.google.com/rss/articles/CBMizAFBVV95cUxPQzZlRnZhUWpTMUdFZ0xjUFZuNHlYckRGdzZMWjl2Q1c3eWlCaW5DaEpnTUxDVnk3WUhWTG9PcVhhYXd4ZDZTc1VwaUNnZFJiZ0liUmUtRTJ3OEhDOXYtTVMtT2kzM1RSVGVmZ3BQbWs5RThDRS02WS14cjl0cFd6UE9IbzNqckdMNVZ6VzhLNzJIZTdmeUI4M1ZjMTdEWkRveUQzSEMwblVVRndZNmJudmk1bndabEtaa3NSb2FJdVJrNnV5TGFHeXRScWg?oc=5,panamaamerica.com.pa,es,2026-09-24T22:46:59Z,,2026-10-07T18:21:04Z,,gnews:servicios_publicos,titular/metadatos,
GN-ed20f89e2e,Experto analiza proyecto que busca regular el servicio de electricidad en Panamá,https://news.google.com/rss/articles/CBMizAFBVV95cUxQYkRkSkxWRENkaDJZM2xUejhLMGJjYmdIMDRJYi1lYTFtS2NZUWt2QV9FOUplUkptclgtTVpxVWlLTGNhbnAwa3JMX2xtTWEtRmhiMWszN1NfTWdGRVJ2LUw1c3o0X0x4YXU5SmlLLXk1NXlzV2NFaTNKYm5UcTFnRzZCQVhLTFJNU3ZYcUh0MmExVWY2NVU5S2ZCN1B3V3IyTTRFQXpPWk9EakhLdEszbTQ3S041Q2IxTWM5alZyOGt3WEF0TlY3T0dnWDTSAdIBQVVfeXFMT3FCYTg5MU42dzNzVEN4YjNNclJWclhiSElNLXBYUFFJdGpIZlA2UFYtWkFJdmRtTU5wZEJOemJhYnk4STY4aW1IS2RtVTNLTUVxWlJDQ21VLUhxTUdRa3R1RXRMZTI3b2NqWmY3bTNiOEdZd2ZmQ2sxUlhNbWItLW91OUNKOHF0MEhXSVJmZkNCR09Za05Fdm5oZUpjeXUtbldnbWM1NXhocEdaQ0M2MjlrUTR1bGdJOTdidFJiRkNWZkg1UkRJS2haclpxZ3BoQklR?oc=5,telemetro.com,es,2026-10-01T16:13:30Z,,2026-10-07T18:21:04Z,,gnews:servicios_publicos,titular/metadatos,
GN-ede4a3919e,La conservación de jaguares en Panamá es un impulso para el turismo y el desarrollo sostenible,https://news.google.com/rss/articles/CBMi0gFBVV95cUxOOW1KY2lwYWxLMHlYU2hiQV9xdnNjT2llOVNDSE5DYUpGUFA3dTlLUkVld3JxRkZNQmNQTWVrQmFrYW54aU1WbXJRWWJyam8tOUtseHMzQllfUHY3TGJQTHhqYUpsN216dFhyMUZXRkNWaF9pTmhncVV6NUVkRWU4MFpvWVNXODI1NnFwQlB4TUo0TzJ5OUJBamdCOGVYWDNJY28zQ0RrdDVCNGpYcnlrQlg0SlZQUjV5NWZwX29BQmliR3ZnOTY2TTFyNHJmdjh2blE?oc=5,noticiasambientales.com,es,2026-09-29T01:33:41Z,,2026-10-07T18:21:04Z,,gnews:turismo,titular/metadatos,
GN-ee694e59ef,Fuertes lluvias continuarán este sábado: estas son las zonas bajo vigilancia,https://news.google.com/rss/articles/CBMitwFBVV95cUxOeFFWTTdyTl9WdXJsZ3hOQTRFMncxZUt0VWkxVi1jRDhyZzZkRHRnX2JHRHhVMFBlVFRCZkoxdzAxLXlOTEZqY2VuazB5N09PdS1pNnc4X05jbmprNlBHeWNEbHFSYkVyQ2R5V085bW04anA3Z3I1RmtTdGZHaXVQZ0V4aXlGRGdQTU11VjVkNkdLLUpPU3RYXzFvWk85Q08xVndNVnhnM1UxMmRQdnpQdkpWT3hDTG_SAbwBQVVfeXFMT01UZVlhRHFzYmpVNDM5cHNsSlhZQmsybnl4NmNQREJSa0RFVk5WdVRyS0RhejVNNU5IdTJTQW4yX1BYS3hrVVNhc05PX0ktSmVoT29lYVcxQjZuX3p3aXFqNDhWbkxCZmJXN0JVUUJNRVV0S3JtMUc2VDFzbVgwY1pYSkFNRDRucy0xbTBpUTBVZWpGWUtfZmM4V1h5RGZsandpUXpMSzNRREU3R19UbTFOd0M1alVtSFE5ako?oc=5,telemetro.com,es,2026-10-03T12:48:00Z,,2026-10-07T18:21:04Z,,gnews:eventos_naturales,titular/metadatos,
GN-ee991deb2b,Viajeros colombianos tendrán seguro médico gratuito en Panamá: así funcionará,https://news.google.com/rss/articles/CBMitAFBVV95cUxQdHpJU2FhYXZHM0lIZlNZdHpCdzZkSEUyM2N4bmd3aVZiTXhPbzBvaGJOOU9ua2Y4NVVObXU3ZTBFMzljcjJYRmNqV1NobFJyQ09wVkgxTm5fdUlubGlPamp1bFlxSlI5cGRfM3RxWVFYRFFCbVM4YmhVZG9qaWFXMlVWMEFSZ2FnV08yRXg1TXp5Zkc5ZDBSaDJhczJUNkRnTlVGMF9WNVM0ajVTTm5PNTZaRmbSAcIBQVVfeXFMUEs3d1ozSDdtTnZIc0ZRTWdnUWhOTTZEZWF4WXFHZjBvVUtZbHpOLTZFSXkteUJSWDFXa0xJaV83YTNMZVJJZzB1Xy1Ddm5kX0pOLUwwQndsajRycWJEa19yaHY3X2dSdmxCcjBHcm1MNUxpdDRfTjVESkp6X25DMlpSSW1SYmtDNTl0Zno4WTJIbG9LSlhFNVZ0eWh5Y01oWU1tMHpBckNYdjNpNTBJRkxlSlhGdFdiTl9fTEYzbGphTmc?oc=5,bluradio.com,es,2026-09-11T07:00:00Z,,2026-10-07T18:21:04Z,,gnews:turismo,titular/metadatos,
GN-eea64b7cc6,¿Planes para el sábado? Emiten aviso de prevención por fuertes lluvias a nivel nacional,https://news.google.com/rss/articles/CBMi2gFBVV95cUxPVHJHTTZ2UlFaQjdRdmlZV0ZCckdsV1g2QXJXNEFoVHdPdDkxTFpKdllCU1k5ZXlzdTU0X1RwZWgtc0Eyd2lINXR6ejFHb2xXSS0wVDRkN19IT1JzRTYxemhkZ0lVZnh1M2N1U0NHb0MzN3g3bXN2ZFc2QzVBREo4cGd1cThydktodzRuQW80M2ZPd3JSZ1BJVDY4YTNHRmxsc2p6Q1JPX2c5amRyWkpYNV9SbUozSkNlYk5Xc0dvcG9vT1hYTGNnZ0Z3MWJlUVpkb2k2Q19TTE9pUdIB3wFBVV95cUxQcVJ4dklkRWxRR3UxOHNNM1I1SjVYeFg1bDhtRHhseVFCbVk3OWJMZ3pRSGRZVDViUXF2TnJPaDVuY2dVZ0xUUlYza0VhQWRBbGFhMWdXakhHQy11UFFfaE4yNU5rV0RyUDZyRGQtWDZnb1dtVVFxQTJubFh3MUx6dnlWOFBhYjJjVFZ2QlhjWWs5eWZXVzdSOE02dnlPc1k2R0xnUnhhZzExenFuREJPc2lsVzZOaGhWQjI3R3EtdVhsX0hrQ2c0ZnRheGFaS0ljeUdCdld5QXA2VWRUUndZ?oc=5,laestrella.com.pa,es,2026-10-02T07:00:00Z,,2026-10-07T18:21:04Z,,gnews:eventos_naturales,titular/metadatos,
GN-ef04f438f5,Canal de Panamá aplicará nuevo programa de cupos de largo plazo para esclusas Neopanamax y Panamax,https://news.google.com/rss/articles/CBMizAFBVV95cUxPbHZveEtGSlN0N2pkLUdkXzJHel9WQzQ2ZjEwbEhkYlh2dHM2X3JBMVlLUE0xNHI2ejZXdUwwUFlNSkpXM0RDcDZ3b0lHX0RZVjd2amt3UEdvR2lXeTBFWTFtcEYzTVlPU0dYQjhJT3lfUmV1cUtkck5FT0g0c0Q3UHg0WjBTOUZqeXAtc2dNX29GcnY5anlLNUJtd0RpQUhKREp1U3I0QXY0aEVhVmhsOXFSVkQ0SmRLSUExWFlaUEU4UGV0N2xGaDJWYXA?oc=5,mundomaritimo.cl,es,2026-10-06T15:31:25Z,,2026-10-07T18:21:04Z,,gnews:logistica_canal,titular/metadatos,
GN-ef8c204864,Clima en Panamá: Pronostican fuertes aguaceros y cambios de tiempo para esta tarde,https://news.google.com/rss/articles/CBMixwFBVV95cUxQSXczNFhzQWgyeHVJbjYtd1hsN0NTTVlCZUJfWm1fbThhcUppbWJ3VXQ1dVBSQTd5Qy1DbThYLWJuMWJWZi1KUTlFVnl0U3ppQnd5eUFReGNORVZSVVlZUm01UU1QQ194dXVnZlJ3WUF2V1BKNDdDSXdqTWV4SC1pODlvMFd0bTN5M3lQUlNrMTQ3MjRMTDUwelpZa1BUNi1GX2NkZ3dEZ01NU3Vmd0JIYkdyRXEwZU9YV1h0eEh3SFBnX2VrU0Y00gHMAUFVX3lxTE1LMzd5SGQtY0xHdG1fMmQ1NFR4N05KbFNkdkkzdGVUdmhyQVJhb0E2d3lSLWp3YTdvR2M0Z2tvRVVaSnltNHBBTjRxMVVwSkFRMnpwVnhSV1J1VXV1Q1hVRnpkbUxwdS12TUY2aE1YVjlyOHFPdFBIOWVWSXRHUU5VdDZkVTk1enZMaEM1NUVZT1M0WWROTkROd2JoYkpUYkE0MTVnNkJ5aUEzclIxRy0tVUlnYVN1QVpGcWctdVdLaXZwdFZrU3N3TFY0Qw?oc=5,telemetro.com,es,2026-09-30T12:32:00Z,,2026-10-07T18:21:04Z,,gnews:eventos_naturales,titular/metadatos,
GN-efc272ac60,Extienden aviso de vigilancia por lluvias y tormentas en todo Panamá por el paso de la onda tropical 50,https://news.google.com/rss/articles/CBMitgFBVV95cUxQX01iaGoydTNYbWFwcDBDNXh4REhaMTFlVzV1SXZjT18zeXJrTVNUYUtZNE1HQTZubnpoLUJDMkRLMW9Yb3BjanNTNVAzT01OampTS0JqbGNtUlg1UGlXZTB4UHMtRWtzMXVPR1gyUEZMeDNpT0w5RHpoME1lODhTYU5ubmdtV0s4R0Q2Smc4UW0yVElIWGtld1ZYY2tGYXZkTy0yb2lEWlBqUk1CZGlFeExqb19lUdIBuwFBVV95cUxPc3NUcW1lTlJ4bUdLcFljZGFfYzNJbjhyUWhKc0UyUi1ocl9QZVo1eVVSX1NET1lKTW1aWEkxSndBVnZEbjlqYjRIS0w3ZkNQcGRlbWhKT1EwbUc0bUNvajJLemdiVGphbmJvbmtDMmQzZjlWWEo1RlktanBqYmNWb1cxX0pGWXladExmY3FLLTZtOTB4WTlsdE01eE5ZTy1JcDJaMGFrdWMzbmx6U0prdzE5MHQtaG1va2RF?oc=5,tvn-2.com,es,2026-10-04T15:30:42Z,,2026-10-07T18:21:04Z,,gnews:eventos_naturales,titular/metadatos,
GN-f0139de333,Panamá lanza un seguro médico gratuito de 10 días para los turistas internacionales que lleguen por avión,https://news.google.com/rss/articles/CBMi3wFBVV95cUxOcVdGVGRxN1BFT0xUZEtKRDg3YkhNWDRadndpMnRzV09pMFBqUHBCODVfNUhBSmFMeksxamRjb25rYURJS0hFWFBkcXVsbzdLNVoxcUZSV1lsVWVkcmttSzZIakF0X1BXdlVWVVFkSUNueVEwQXBlMG84LUhheE1UaDRsQ3BfNUVZbWhvVHpDYzlCRkpXMlhNRlA5MDRSMlNGaElpZTlxSjVsclQ0Ui1fQl9yYjlGSEFXd2c1aDd6SUhBS0g1b2xRLUptV0NBTnN5djJnT2lCZkFzZVdJTVU4?oc=5,europapress.es,es,2026-09-18T07:22:15Z,,2026-10-07T18:21:04Z,,gnews:turismo,titular/metadatos,
GN-f08c5710ff,Clima en Panamá: Lluvias y tormentas eléctricas se esperan este lunes en varias regiones del país,https://news.google.com/rss/articles/CBMixwFBVV95cUxNV3NMYXo4blVvdm1uT01RUUtlSVFYWjBFQ01CRkdoSUYtdEFnRU9oenFVck9BNElvUjhLbkdmWmQwdWV0Z2F5aUE2dmJRTE9SWlM0VUlNc2ZqVlAzd20wcXRIV051Z0tWam00bmYtSV9QdmJzRklFdC1BM2VRS0dSRDBpaUhTSk5JbGllV29jVmpMLUx0TjhfNFNzME5yamNDMXJtdFM3N2h5Y29JeUFOZjQ1MFdXbmJiWG9uY1Y1bmJJNWlrbERF0gHMAUFVX3lxTFBCM0llSEQ1NF9iLTRTSW9ndzQ5bnppUUlvYnpfT2RtcnZyUmFjZUtOeHIyb3JvaFkydjZxWlZ0S19GTW5RazlqTDI1a3RoX0hVZjZERVVxNkRkaGhpU0NHM0w2emtUUmRTRGJIUF92d2dKam1IQk5uWlU5NFNxSjlGa1Bhdm5BRGNIVWtxWHlGZjNxS25ocGRFaWJzMS1VcTMwcXhDSDlDM09BYmxuUFExQzZWQXYxemNMVVZPYW5jajFqX0RfSm1KUkotMA?oc=5,tvn-2.com,es,2026-10-05T11:26:06Z,,2026-10-07T18:21:04Z,,gnews:eventos_naturales,titular/metadatos,
GN-f0a3aabe2c,Clima en Panamá: ¡No olvide su paraguas! Imhpa prevé aguaceros y posibles tormentas para este domingo,https://news.google.com/rss/articles/CBMirAFBVV95cUxONm44ZGl4T0ZaZ3ZtVUNqZElqUjV2aW9ubHd6bnFkNXowWTFad3V1WklKVXZBWUlhOVFxZERZb3JuTzFWM2s5RE5GektnZnludkRpdUl3VkptaFRuZm80bFJsNzRCSjBsWEotMlAtTWpoSTVWNmxIQk8tWVZydjAxNERUWE9XQ0I5VVdzOE9vTUZMUVZSWURMSEtybnZZSE95VDZyUjVndE1uRmw10gGyAUFVX3lxTE5kYTZpNTdHTGtaSFVOSEFhVHFYMS14NFJzUjBZZm9JQmxJb3Y5WmVIM1ozcUVjTkplVFpJVWRJZV9IdlQzNFNsdlQ0V2hPLS01bG1XRnVCODJTV1dYUGFTTnkwdFNDUXl5cVlWdXNCd2o2dFRHd0g3S3d1c04tTndzTTZNOHg2aTA0VFFwZjAwZzR3WVljWmdRMW5QQkJBSGV0Y0d0RlBMdXJETWpjSnJVNkE?oc=5,tvn-2.com,es,2026-09-20T07:00:00Z,,2026-10-07T18:21:04Z,,gnews:eventos_naturales,titular/metadatos,
GN-f0b843e0aa,Aprueban en segundo debate presupuesto del Canal de Panamá,https://news.google.com/rss/articles/CBMilgFBVV95cUxNU052YUluMVVLclNYWWFLWTFQeDNMeUIzdy1DY1FrVF9YOVJfT3liOGRoY3dnMVdhRWRCZ3RaZW9xc1NpOHNpbldfYjAwbDU4Q041WVh5MkM5bmJHMFlyS1VwVnZCTDFQQ3BxSUx0aDZWMHBPa3RMcld4dFhWRlhEaDkyN3FrakNDMUpuQl9ablJpcmozZmc?oc=5,prensa.com,es,2026-09-24T07:00:00Z,,2026-10-07T18:21:04Z,,gnews:logistica_canal|gnews:regulacion,titular/metadatos,
GN-f142609c8e,APATEL reclama igualdad de condiciones entre hoteles y alquileres turísticos,https://news.google.com/rss/articles/CBMiygFBVV95cUxQMFVWRFhObFFmNm53ejcyQ3M0NVhLeEwwOVRvWjVkLUdhSEpxSm9fdWc3ejY2VGRMQWFKcVNIdTRpSUN5RlBvMlRtZEpHemlzTmhONmVDZ1ZTU0NyOUtGVzczY0c4T2FZcThlT2ZwbTlxdVN3Vm11dE5TSGwyc0oxdlc4TmxoTVpWcnpJQ2Zyc0tHaDdudWxpMEFCSTBUQ3hsUTRRa3RQTFBFcHlxekhpV0JiVVlkYWxobTV4X2EyZjdJTTdnSjhKTUVR?oc=5,panamaamerica.com.pa,es,2026-10-03T15:30:00Z,,2026-10-07T18:21:04Z,,gnews:turismo,titular/metadatos,
GN-f1436e3d6c,Portacontenedores sumaron 58% del tráfico Neopanamax en Canal de Panamá,https://news.google.com/rss/articles/CBMiugFBVV95cUxNdVhxOEgwZHdvMTYyVnA4M2RsdGQwbmUyTEpsWTVjc2pRNzdEQlZJaTFLRHZ2b2Q4OXBDSk11N0JNV1ItOE1TTWE5WjdkUkY4V29yMDVxMnQ4LThvYS1QU2hfN2ZSeFJHcXVvRHpXWTJwZW5sX2VzdjVsdkM4eWdxNm1KVlFZM1VSRWxFbFA0RzNSRWNNNGFiNXRBWnNyUkZhRUVXVHhsNXExaUt6N2F4WDBhY3FiR0NZMXfSAb8BQVVfeXFMT2puQ0dHSzJoNTVLd1luVWY2VVF1ODh6UXIwd0FxOVo3LXJHU1dfaUtRUTdXLVFTWnZUQ0hubjFkQ0dZNW9ZMDVoRTBvMmY0a2JiOVhFbzVsSGM1YnpIYXVFNkNBc3RJUWVFdXBmeFd2QTh2UmlVM0FGWHh5RnlWTEpQclhBUlkxVVZjN2tsMm0xdF9MMllQUjZhRGxkcFgzU2tXbnYyNnN3QWN6M0VDRDdHcldlOEhKYll5RjBqZmc?oc=5,laestrella.com.pa,es,2026-10-06T19:25:00Z,,2026-10-07T18:21:04Z,,gnews:logistica_canal,titular/metadatos,
GN-f17594246c,Sonda refuerza el soporte por inconvenientes con el sistema de cobro del Metro de Panamá y MiBus,https://news.google.com/rss/articles/CBMi8wFBVV95cUxNakRITWdWS0xqSkhmZGJiV2FadlJpQUtPeVdpYjI4bm5jc21SZlAyeVFiN0RKaHlkdVpqTk4tQlFzOWNWTWZKeG13c0FnZU5nekI2YjdFU2lRYm1zeUVYazFKQXowYmUtZENjLVV2cEZfY0dVMzA4bF9aWXhxc0JqU0dvVTFVZnNFUGRpLVg0WGpOMEJDMnI4YWFTZ3ZiWF9iMkRWR0lLakhyX294MzNlRzYwQVpUREREQlpPV3p2S04xYXI0bzYyUy1Md0lIQWxlalRhTWx5N0UwVGFLdE1iRGk1dkZYUkFIX2haMHZLajdLZVHSAfgBQVVfeXFMTnBoQ3RtRnp6bzZTZUJTSmFOZGpZd0tFekJiWTFzU0dhdlI3R1dPaUVGQll6cG9KS2dxVnZldXZaMW1wVncwWFdpWnBvXzR1UXEtd2pFUG5DN3hpWklWeXZhem9JSlRfQTZWc2ZER1MwSXZTT0IteUFmLUc1alZNQ3BYT2RoaTB0bXVfNDdZTVB5cDNGek5xdENuR1ZnVDlSTmExNVZvcUhBZzNjVlpxbXdsdDhUNTFueXU3UEpHN1BXNVBqVm5hZktjUnpDaENzVVNzQmVfcGdmLTExOGxMbVczNmlVU0xVdGF6dUpqY19NUmwzZk1nOU8?oc=5,laestrella.com.pa,es,2026-09-10T07:00:00Z,,2026-10-07T18:21:04Z,,gnews:servicios_publicos,titular/metadatos,
GN-f188222f6c,Sismo de 4.6 frente a Costa Rica: ¿a qué distancia de Panamá ocurrió?,https://news.google.com/rss/articles/CBMipgFBVV95cUxNdGJDeWdtTHVLdlUwaWdGdlBnY3FzRXpNVzc4RXFVdm5fMkRGcy13Vzg1VWF3MzFNUHh0OW5tMEFDOFJrWnVaSzBkZ1FFaGVSZXhVWlItRTFfdjVMS2xrbjA4aGxKeWF5TDBHWTFaNnVVb05xZ3k0Y1kxRVducEE1MzBZOUItYUNpZnd2bGhrQkdudGR6RHNNTUR2VmdwRnkwMkZMaHZ30gGrAUFVX3lxTE45TTR1RS12ZXlzNVFkbEhiX2JOLXlLM0I0dkh3NEVLOFp1XzdhQ2QxeF9LNURYZnMwMUZkMmhTMm1uMU9wa0FRT2wwbE5YaFB0MFFROEUyS0ZULThIV2JPSjU2LUZscTJncU1xMXRxN01sRG9abjd3OEJMeVl1QXVvaDJodXFhMk5QSTl1OWNJdU1VbU13X2hpUm5NVThVX3VmZWpaN011U05PYw?oc=5,telemetro.com,es,2026-09-10T07:00:00Z,,2026-10-07T18:21:04Z,,gnews:eventos_naturales,titular/metadatos,
GN-f197f26d99,Canal de Panamá amplía el programa de asignación de cupos para las esclusas Panamax,https://news.google.com/rss/articles/CBMiywFBVV95cUxQdEhvSzJzTmRiZEpMUTNMOTcyRTFDdVd5RnkwNk1qVndKQzd1RjVHSE93ZXpEZ2padzhLZ1ZlOEtNVU5jSzVkcnF1cE04TUF3emRicnIxWTlFODMzSGJUMUVtdl9mUVk1Q3lIUFpyNFVmT2RVYjY2SFdQX2NxeVNxUUtfR2R3S0ljRGoxbXkyTUp1WTh0dm5OTEdMeEdkQk1xVUhhMjdPb29zdmFrQS14TDJtMldpd1Jabk4tQ2FjTnZ5ZmFBUVBramFYTQ?oc=5,larepublica.co,es,2026-10-05T15:26:06Z,,2026-10-07T18:21:04Z,,gnews:logistica_canal,titular/metadatos,
GN-f1de0f7b69,Panamá: Comunidades amenazadas de reubicación rechazan el proyecto de embalse de Río Indio,https://news.google.com/rss/articles/CBMi_wFBVV95cUxNajJGQXg2ZUNpNzF1Tkl2eFBpNHFmYmxtN0dVSGNJeEc3ZjNWM05MeFR4ZGFiRUgxLU5OZkhtZ3IzZ1pFYzVzS0ZWNWVfR0ZHT1lFNjA5OVhXV0xVc3A1bFg5LW1sMTY3anRiSXRzZzZwRUZWQm85MEVBZDExTzhUcVZnYlN1UElNQzVpN0NSanRUOHJITXYwSm9ZdXV2ci1LYm5zaUgyUjFSSklWWlFtSnR0X1lvV2gza1p0RHdLcjRmdDJYNlFOLVc1bkdZX29sY29HcjBhWGFXTVZ6MTdvQ1dQczkzaWg2TFVGWmdJQTdZNnVnRndaaWR0VGZ4a2s?oc=5,rfi.fr,es,2026-09-29T07:00:00Z,,2026-10-07T18:21:04Z,,gnews:logistica_canal,titular/metadatos,
GN-f228c67856,Canal de Panamá amplía programa de cupos de tránsito para temporada seca 2027,https://news.google.com/rss/articles/CBMie0FVX3lxTFBJVDFwY1NJRVp4V0RWc1dnNlFKd3Q4S2R3UUZadjByUnFIcl9sNVZZM0Z3UzhQaUZVcWNFN05WbTZSTjlMaUk2WnNMRjhDSFNDUjAydEJYeDVKczQweVE4dFlvdjdPZkNGYk1SU1pzcTZzWnBzUThPTnk5bw?oc=5,portalfruticola.com,es,2026-10-07T08:30:45Z,,2026-10-07T18:21:04Z,,gnews:general|gnews:logistica_canal,titular/metadatos,
GN-f27f3d3646,Panamá Oeste tendrá afectaciones de agua este martes: horario y sectores que podrían verse afectados,https://news.google.com/rss/articles/CBMi2gFBVV95cUxQZDY5WUFuRHN3cGlKak5sZ0ZNVThsQ0dmdE1yb3BHYUg3TEZma2tQX2s4cHVUZVVQOVVPMnN6Rm1abmJhV2NDUnk5RWxzdm53czBva2I0Mm1tYjBWTG10dEZZUHhBMncyTmtlbGFlOU1USzJVRTdjUjFiV3o1ZjZVZ3pnU2w3ajY2aG1hbXo4OF9TTkhPdlZUOW9MQ0l0RFpzMzRNMTlwYVJOQnZSNHRjbFlJNjhnTUF4OXpaV1ducHpicHB3VnhaVGpFVlY5R0t4OVdSN2ZqYnU0d9IB3wFBVV95cUxNeEpYbHRRTF9TaTB6YnFQamt4Ymtybi12d3ZkaENYaXZaRHRsNVQzeTE1NjhzOVNpWmEtSWpCUzA1UXVwdW53aEdZVG0wZ1d2Tk16QkZlVVoyY2R4QjhxQW5vd0cyWmlXSzhRdXcxRXV3a3BzcVVFMjlkMW5HeTRrMlFNVFJVLWt5UHVuVjZ1bjlfeUxod0ZrQXpBYjJUVUVMX3dMaFJuU3BjMnNXTWNaQ0VxdFB3ZVBjdGJsZGw5b2p1MDFfeThDME9kQ19NWmZJLVBtZjhXZ25JSnA5RGtV?oc=5,telemetro.com,es,2026-10-05T14:33:00Z,,2026-10-07T18:21:04Z,,gnews:servicios_publicos,titular/metadatos,
GN-f28adec6e9,El secretario general y presidente To Lam y el presidente de Panamá presenciaron la ceremonia de firma de los documentos de cooperación.,https://news.google.com/rss/articles/CBMiuwFBVV95cUxNMEJFNks5SURPNmxJbVJVTDZYb2RvRmFfS05MNEpTcnZEc1d0anc2V2UzN185LUJ1UGliUzR6eVZVOTBlOTlBWEh6dFhWMzhrZUhTa3dWQ2R0NnZqYVdDd1AzWld3VUZ6RFp5RktLSi1sc0l0SXZBS21RVDlsLTNOSHBrckJnR3VhMDBWVEZNQXhVMXZrcV9pdmt1VEdxVGlwZnE3Tm5EV2c3WVlHZm9JaHlzM2tfSVFKQlow?oc=5,vietnam.vn,es,2026-10-06T11:24:29Z,,2026-10-07T18:21:04Z,,gnews:general,titular/metadatos,
GN-f2d80751da,Amador y el Biomuseo se preparan para una transformación en Panamá,https://news.google.com/rss/articles/CBMirgFBVV95cUxOY2wwd1dLckhUU010aVY0N0oxQXo3ZFZscTExOHhsZlBVakdIZUJwMzBPZUlCYWNyWFZVc2pubEhQanlubWc4MHRzdng2V3lCODBKdjRxdE1mZUs5dEFGaWlkTDVyaWhmU09lT214YklUb2RaMFRwcmdDRkE4eHB4OEZXM3oyUGVoVW4wT2pubmg2LW1PZF9JSmxVVkplN2dfZGo3QjF4NjNGZjFwX1E?oc=5,caf.com,es,2026-09-30T22:19:54Z,,2026-10-07T18:21:04Z,,gnews:general,titular/metadatos,
GN-f42d26b181,Dónde ver gratis Ecuador vs. Panamá por la Copa Kirin 2026,https://news.google.com/rss/articles/CBMiqgFBVV95cUxNVXZxeFViVXdFUzBVbV8xc05oT3dfbUJqekoyWWM5dkRlTW9mcWY2b29JX1phRnFnak9JQ3p1dE9IdHhMbXFKREVxNkkxVlo5QkRMY1ZjQUVvS1o3SlZtNmZyUFF0Z2x4cXQ0dndQYjNxckd0aU1hZnJGanJYQmtrVktUNjI5RUhzRS1Ud2YxVDBSR2xwVHp3ZlEteGZzcjFkVkNxN2VOTS1KQdIBvgFBVV95cUxPZHRFNHNsN3hSSUludmtaZFBLaDhDT1d1NWhBOFFqWTBwNjl1b3pEeFI1SkxLN3Rwb0xicm9fRFR5eEFXdFNYR0o0V3hESGM5azB0eU1IZ1FRUGZJTDh3WXpicXRyTGpBc1pXVkV0dFlsSUJ4UW1zaWpDV3VaRUlDeEhzREZBVW8wMlRSR3haNEJWWnhQcXZvQno1SXdnLWZ5TVdzQWR6VXdHSEJqSGtCWEtQOE9qMlB2RFFWblZ3?oc=5,eluniverso.com,es,2026-10-06T19:42:00Z,,2026-10-07T18:21:04Z,,gnews:general,titular/metadatos,
GN-f596875b1b,El Niño podría costarle hasta $400 millones al Canal de Panamá,https://news.google.com/rss/articles/CBMipwFBVV95cUxONGhXUEpKVE9ySW9HVEhfbHpmZDBCWmw4YXF5azdqVG9tU05iQ1dPYWU2WnpjeDF4Q1FjQkhxZVk1MFhXRlduVHRROWVrREd0OWoxNXBQT3BKU25qUl9iSHFZclNBNXcwZmdWMklrQkRFWjI0Z2ZrTzlET3p1ZFJkQjJXRUY3NVB4LXZqaWpURW1PcDgxdjBuNFpRcnBxWTVSRHNLbDFjd9IBwgFBVV95cUxOWXZmclhlb0JyLUdXeWhCenVYQVRiLWpPRWwwNlFldGlPajJQUEN3SExrUFRURG4xYXdzWEVEemc1bEhEOGVRLW9iYzR6ZXlDeVRjaHR6RU12UU5GMjNyY1VrakpyNjJzUC1TaVQzQkV3ZjdfSy1iWG02NU96NDNDRktOOWZiMk4tZ252Mi1NREY5QTNEU0VFWU83TTRJaEtuZFBwZ1ZlcFktUVc2MVFDS2J1UGhzMHRMLV9tN1VkdXpadw?oc=5,infobae.com,es,2026-09-18T07:00:00Z,,2026-10-07T18:21:04Z,,gnews:eventos_naturales|gnews:servicios_publicos,titular/metadatos,
GN-f5c81832f5,Ley 226: ¿qué pasará ahora con los descuentos para jubilados? Estos son los cambios sobre la mesa,https://news.google.com/rss/articles/CBMiwwFBVV95cUxOaHlJSDlZS1k5OWdhMXNtV0NIeDVNblZ4R3JDQjNmTnc3eV9GNVhZTjdKVlpRWmhPZm5pbWxnU0IyOEtEbVpCcDZpend6UVVHWHVvTTl0bkdjWk9mVGRIX3RWbXE0ZUFWcW9tekx4WjNWd1FoZG02MkZmOGROU25WYUJKdG1CbnVBSXZCcEo0dEsyMVFNYXlHV2JQUk9Qb2tMZ2tqZC10TzFEelpVSm9YY1loVmxHakdYMUQweGxvcVhXZTDSAcgBQVVfeXFMT09KQllMbzdKX1lBT09rd21YOGZqOURBYWp0MFpEM3p6RUJKWWZibE1xVTBDaVlFZm5NZjFvRl9WaV9sWE5zNVY4RE1SR2hRZExSYndlb1E1NElaRjNwOTIwdGw1aFBTbGpDcndsbGVoRDlUX1hRR0dVdWFOMDZvRzZzazZxalB4ZlBOVlRZVWZ1VlBrRkZCMlkzZmZlbUg1cExPNFhrZzZod2swVm5uUzJjMGNRQlhwalBqWlJ6ZDFXV0tua3RFMDg?oc=5,telemetro.com,es,2026-09-17T07:00:00Z,,2026-10-07T18:21:04Z,,gnews:regulacion,titular/metadatos,
GN-f5efa65f17,Panamá publica nuevos resultados de visas de turismo y tránsito para cubanos,https://news.google.com/rss/articles/CBMirgFBVV95cUxQOXRGLWFxY3NWcnI2TmY4TzhlM3BOcjBBWEJ2b01SU3hFdGN2MmxvVmNSN2c1X2xIYTZ6TGNiVjhVSXpaZThDcldtZ0kyRXV5X1UzYXN5U24zQjRFQXR1TWYzUXZIS2oxQkZRTHZ3d05EOGNuZElfTUhGNHFhZFNfUkhhTVc0emFwVFYwM25jTDllYXFJTndmQVFncUJXS1pHV1JRQWVCbnZRZnNzcmc?oc=5,directoriocubano.info,es,2026-09-22T07:00:00Z,,2026-10-07T18:21:04Z,,gnews:turismo,titular/metadatos,
GN-f621f13c5a,Panamá amanecerá con lluvias: conozca las provincias donde se esperan más precipitaciones hoy,https://news.google.com/rss/articles/CBMizwFBVV95cUxPelFYQ2pRSENDNG1nb1hFa3gzdDZDV1A1TGtmdEpYVmRrS1ZaSHprZ25ld2p6UGdVRHJwT2NGQlpLV2dhS0NCcDRYUHdOOUNzVmZBYzk0akg1d2s2N2pWVjVkVUNzMHZZcjUxNjhSdGNIWHRVbDBYelBQUGJZQ0Y0aG54U2ZxUlBuMVRHdTVYS18zUWloLTlrZWZEcm00VWxkNmdudVkxb0IyNUt3bnRGeThmS2x0TkZCTHVTSGJUeFpZa2ZHY04ybTNkRTNHSHfSAdQBQVVfeXFMTzhOcDZlQU80eUREXzVoRGZaU2tsdl94M2xTNWRpNFdSTWpWdWdoVTdRNWxGV3gwWE5oak9EeVdWQkN4WDBkaWt6b1RldG5GZGZOS3RJUkMtRGg2RW1QdWQwVDlNQk1PNVNwLVNqQ2pIRWdaSGZmQmQ3U21nZ3JXZm5aajl1M2dTMVRkLVplckNld3dXWnZ5RGFTQjVNQVEyR2ozeE1aYVV5NE40UXNZUDk1SWxaUjdweUVPWmF4TzN5dUgwVlhfVUhaMTAzZExlOG1kVzA?oc=5,telemetro.com,es,2026-09-27T07:00:00Z,,2026-10-07T18:21:04Z,,gnews:eventos_naturales,titular/metadatos,
GN-f630cc21e2,En Panamá preocupa la perforación indiscriminada de pozos,https://news.google.com/rss/articles/CBMiogFBVV95cUxPZE9RUTh6enVGbzN1TFM1ZDVsSDNCZVpFTEIzaldtOWQyY21TTUxkVTNkNDdEejBYYTFETUZmRVc4a2RLVHZhclB2OUNSY3hmby1kQmNQejFxcmpSNVp3ZFZRcXQ2U1A1anE0WG1SLVd2OXl5Q3lyeFRpYkNqU2lRaUhCSXY5Z1pIUTl1WXZpcjR4Um54bE1LSVplZXF0NTNmV2fSAbwBQVVfeXFMTTJ6bW5sM29lUHFJVV82cE9tX2RFVk54U21SdTltQjFMQ3NURnJVNmdsc0V5N1BrWkxsZWtSeWlXRHRidS1jcDBGZ0tqS2xOZGQ5bTgyT0Y5WlNhZGR0QmdMRHFITXZGaGFBZlo3UDBqTThZUFUycUFBLWxpNk1vbDFHMWdNVXdqc1BCUktSRVg1QlQ2SURsaEJGRnVxcWxoSzVwTkE1bDFZMExyWTUxQnZSUDVXa2pXM09fQy0?oc=5,infobae.com,es,2026-09-27T07:00:00Z,,2026-10-07T18:21:04Z,,gnews:servicios_publicos,titular/metadatos,
GN-f64db58114,La voluntad convertida en ley,https://news.google.com/rss/articles/CBMibkFVX3lxTFBjSFZjRlJfODhCak5oRlk5dlFLcFVrQ2U5T014RVlGSldfSlFHZGxySmllV0ZTbmtHcnhoN3UwcHFmUkFSRFNkY19jYkdMRTJSOTMtQUFCemc3LVRpRFYwblRRVjhtNG0yTE1KYUJn?oc=5,prensa.com,es,2026-09-26T07:00:00Z,,2026-10-07T18:21:04Z,,gnews:regulacion,titular/metadatos,
GN-f7294d71d1,Estos sectores tendrán suspensión de agua potable este miércoles por trabajos del Metro,https://news.google.com/rss/articles/CBMixAFBVV95cUxNeEhlRnJvdVlVVlprc1A0QjFpM280dlRxQmhRNUNPUkNUVWJQSmp0Y2lnRTBiekZkTWNTWkQyQ2d1SGpGQmdCekdFQUduMHFjTkJfemJJZ2xmSGpid0xiZ21sbUtEcjFCdGF0U3FhVFN3R1UzNmZGMFVnS3p2UEwzUGlPWV9oa3RmREdDaEV6ZlFwUzZWazk2U25GNTN6dC1pdGdiWmxfUWNXYzZIREhKX1MwQVZlSlBRYWtJaHRLUnIxOUtD0gHKAUFVX3lxTE42X3pMVDdfZ1ItX3JoTjFLc2FaQTRFUWM5cmQ2Tmd6ZTdoSHpIXzU0XzVoN2FlZTJHem5jbmVfcVAwck1MTmE0WFBqbUsyaGRudFNDeDRBdnZlaVllLUJITEVTSGdVMXEyWFVXeEcxOE1iaGJZd0dBU05ZTGF1M2E0dF92Tm5zMTktWlAxenZ6ekUwSlRSTnd1UEhVU29hbWUzc3RBRmhseFlrSlUxMUN2M2E5WGlZU0d6NENBaTRaVk5kb05XRzJPTEE?oc=5,telemetro.com,es,2026-09-20T07:00:00Z,,2026-10-07T18:21:04Z,,gnews:servicios_publicos,titular/metadatos,
GN-f7b6f35d37,"Panamá, un país que conecta dos océanos, y su relación de 50 años con Vietnam.",https://news.google.com/rss/articles/CBMilwFBVV95cUxPQXZRQWZrVk02UDVkNlRhOUFZaEpBM3BXMTl4OUlhNEl3MWVnY2ZEaG9OZ2hrbTdSUmFQTm5QREFLNWREVnotM2g5Uk5laHB1Z25WYnFUdUJFTnROVVFtUDNCc0FJbkx5OFVfYWFJMmlOaTh2YkI4c2FtT0xIODJJSTZrbUZPaWxIQUl6MTdlZ20yWS13UkJV?oc=5,vietnam.vn,es,2026-10-06T06:27:12Z,,2026-10-07T18:21:04Z,,gnews:general|gnews:logistica_canal,titular/metadatos,
GN-f7f6e984c2,"Presupuesto del Canal de Panamá 2027: aprueban B/.5,555 millones y estos serán los aportes al Estado",https://news.google.com/rss/articles/CBMi1gFBVV95cUxPYUEzUmVXbXp4LTNUQVFqWElMX2hBVmdHUW1XcUszLWJuU3dsakpJOUxQSU9tNU90ZHFuSWRPR1dpZEx2RWctY2dTY1RnRE9USUlEMGdXdTR1VURST1B1MVF2SXhBVF93czhsRjVqLUhxWlgzMXRvMWJRbUNUTEg1cE8xUEtYbkxfU0I0WGcwa19FQTVoeUI0dzVtekRkM3FpMUMtRnliQlpHM1otOGc4RF9Bdkl2WkMxOEh1MmJPOHNMT0FMN3NObW1sVjZ3VzNVMjh3b1Jn0gHbAUFVX3lxTE5tNFBRN3VwR2xJVHA4VE5QSzBKMzBGYm9NT3hUV1V1RHdkN2NhWFVPT3Mtb195RnNScmVEMU11MzZFSDZMQjVwTGpEcVRRX2EwMVdTTld2MkVCWlAyU0NSMWxWc2ZIVTd4ZGx6SzFkX1hBNkNDZ2dRbDF2WFdOSHZxWkNKN1l6eGhIdUZnWWxscjlUd3FEUWNFTk10M2pSVGZMV0hvLTFjRXEwOHdCZV90RmIwa0RRVFBYeGdqbWJhLWttY0tJVVRHUlVEYVVmUUtmb0hmemNNUkxQRQ?oc=5,telemetro.com,es,2026-09-29T16:38:00Z,,2026-10-07T18:21:04Z,,gnews:logistica_canal|gnews:regulacion,titular/metadatos,
GN-f89ec30251,Vídeo | Lluvias permiten al Canal de Panamá aumentar a 33 los tránsitos diarios,https://news.google.com/rss/articles/CBMikgFBVV95cUxNbzJ4ZmxKUmNMQUpNQktjckdRUGxuWlhOQ2xqZWhYS2xCUlJaWHdwNE8zQ2hOS2hmNTJFcThTQzZaLUw4amlHeTZhc3g1QTJUN3FtSXk1TXIzTjRyTEk0Q1BTZWtIZXVQUlN3UGt5TXMyYVlDbG5hTW5jWTN4SGJqaS1NSXFSMl9QR3MxenhpT1JDUQ?oc=5,tvn-2.com,es,2026-10-02T01:45:16Z,,2026-10-07T18:21:04Z,,gnews:eventos_naturales,titular/metadatos,
GN-f8a6913b80,Canal de Panamá prevé mantener calado y tránsitos hasta diciembre ante la mejora en las lluvias,https://news.google.com/rss/articles/CBMi3gFBVV95cUxNT2Y1M1RBX0Q4eXRYNE0zT2JxRUZiVTBKdjZ1YlFvZ2w5RGI2d0wtd2xrUUNaNENVQ3NSZVF3TFlYZEtyV0F3WXhFRGJKelJIVGhHWXZzNnhJd0VqYzRwanNJb2dYVVNMSjdiRzJuTU4xV0hONnY3YmRSa2hGRGVHOG5CRDJTZmpkNDJBMGl6Sm1mSXh4M1VIUzdGR2NiQmQwbTc5UUwzUmk5VlU3cmRIS2R3WG9uSFVmT0I3UVgtc2lSb1VXVkNKcmtmTW5HcTkzYVA4X1VjVEFqMzBDSWfSAeMBQVVfeXFMT3FsdmVJakdidEllQzZ2WWYtUkJIWG02YWJkR2JlczZmWWRITXpNUXR3S1JFX19sbTZhcnJLcnVlSFlwc1B5YlRseENDMHgwdGx2UVpSMWs2OEZnNUt6Q3Z1a1pSellVRl9RZkk3am5ob2xXMXdWZ01Fazh2aXNtNC1jd2h3LW1pX2ltZGsyQ2k3R0UybTVWa0p1RGhoWG16U1R6a0w0aVZnVWVmYUpWZVNIYml4cmZNR1VqMDcwdGVtZWtqbUhRZjA2NE1VdEtqMFZ2MHM1XzBuR3RMa3Bna2JNWUk?oc=5,laestrella.com.pa,es,2026-09-24T07:00:00Z,,2026-10-07T18:21:04Z,,gnews:eventos_naturales,titular/metadatos,
GN-f8ebeca4a9,Presidente de Panamá insta a la ONU a mejorar su sistema para dar soluciones a corto plazo,https://news.google.com/rss/articles/CBMisgFBVV95cUxNQ0haeHVjWkFGVDlSeGpoOVNTdS11UEJtT3hGLXNXVXMwVXlWRTktNDZyR2dkLXNwcDNvSU9MNWI5THg4S3ZYWXZRMV9aNXJHUlpMYVJyU09YNk9pTmYyMXA3UXIweTlPSUpKc1VYTUdhT1VtM0dZcVYySjVZMEIzM2JJQkY4WVM2MTRHQ1hncTRwd3AtQlgzT0NQdElGSDNBcVRQUkoxYnlHTFFoVFRSd3R3?oc=5,holanews.com,es,2026-09-23T07:00:00Z,,2026-10-07T18:21:04Z,,gnews:logistica_canal,titular/metadatos,
GN-f9a4769cc0,Panamá amplía el acceso al pasaporte electrónico para estudiantes que representen al país en el extranjero,https://news.google.com/rss/articles/CBMi4wFBVV95cUxOZ1ZYSVdtYkxUTmtmTE9KMDdLRkdFSFNpVk9TMUt4TlJsWmZTekZGMWtnOXlDbWkwNm50Y21Kb3Z3b1BDZllGRmVrd29nU2dUQWZ6NFQ1MnJBdm50dVFuWlRsd0gtckNUaFltT25zVHdpTmlQNnZybzNRaVk3TWE1QVlIUW5oUjhjSVJqaU9RbDRGRDdaOWo4V1FBV3pCRC15YmtDV01rSFlVV2RRRGRncnR2V2FMRjJJU2RrMUY5WmhEOGhQWVFBQlNHQ1dySVdzTGV3d3Uwc25OV21SSGoxb3NkNNIB_gFBVV95cUxNRVRmU0E4eThVTTFPUG9yLXdkZWVfWEFNaFhVUk05QzBud0Z3UmV0QmJlbUw1MlB1cXpDRVFkU2p1RTJfbGhfXzYtWFY1aFg3OGVZZnRSMUVtSzR0Q1hjYTRhRDB5LWhHZzJvSmxobS1kV0tuZk43czJNamF3WWRCWDZfLVhvVTFUSU9oc1hoTmlnREF3cmlmU2VBTGlfMEdnZ29MNDVaWjMwYlpnRWZxVGFqajV3MG5HY204eTRxVWw2aEEtbDdPQmpTOFM3Q3lHb19zRDB5WDhKOWJmZjBBTHd3WkRJb2p5b01ZYnRydDY2dlczeTQ4VE0tcUFwdw?oc=5,infobae.com,es,2026-10-03T02:44:00Z,,2026-10-07T18:21:04Z,,gnews:regulacion,titular/metadatos,
GN-f9d0f9e5c3,Presupuesto del canal de Panamá es aprobado en segundo debate por el pleno de la Asamblea,https://news.google.com/rss/articles/CBMitAFBVV95cUxON1c2aF9wX25Tcy1CbkVGeGJiOTB1YmZQb3Q3UGFHcV85eW52NzY5eXBtd1RjeGpwbzc3NXQxWkVjWjBvZ3JGMUNmTWNiT000QTM4dkp2eWxQZll2bXFqcXh6aDdxeFVXMEVYNGxveWhZS2ZDWWVnclRldG56ZTNEZkxpUGN3TC1Kanh4WUlfaWRRY3BVU09RNkswOU9sSjIzeEFpRTE5LXlZdTlFQkhKZlh1RHDSAboBQVVfeXFMTUlHU2lsNE81NkYwTnJJSkVEeHFWLXRCSHFZU2FzN05IdTZzeUF3RTBSenZpbWUwUTVHRzYzNVJxQnZfS0dWdHcxbDd4Rk9JT3BYRjE1ZTVseGRFaVV1Um5OZ3lFemJqYTZhb1dDTEhtdjVwTTlTN0ZuUGZOTEpXelNWTkdKanpWRVdTcXBweGRHNWR2UFYzRkRuRXdISGxHR2JnWE9aX2tUQlM4aS1fR3UtLTNaaXlzcXNR?oc=5,tvn-2.com,es,2026-09-24T07:00:00Z,,2026-10-07T18:21:04Z,,gnews:regulacion,titular/metadatos,
GN-fa0d3aff8a,"Discurso del presidente de Panamá, José Raúl Mulino, en la Asamblea General de la ONU",https://news.google.com/rss/articles/CBMivAFBVV95cUxPR0plVG1SRHJoLThmcnJSZWVvYkdMajU1ZXhyaC1sbGpwNkxEaV9vc1JmczFsNzBUS1k3WlJGblVQaXRPZ2F6Z29COVBfcHQzRElUVmhEekd3eVNkaUl1RklKNy14WXc5S3pqS2FsZmNrVnNTdmZNcUNWWVJUSFFiTmRGUnMtNW9iUElvOXl3MF9CYXIyNDV6R1RaZEh2VHNlQU9wcGVoMEpObjNwZkFNdkc3QTVFQXphb3ZHRdIBwgFBVV95cUxPZFUwRzcwSFplMy1UMkFVbGN0ZExJbG5WMzVWUXlNUXR6aTlud2hGcWcwY3hEYi1NWDR6NmktQUhCV2ZoWHpNSFFBM19TTGpmWUdEem53b3hSUHMyY1d1R2RKZktiUFpQTEZpVXZiUjlWR3MxUV9JSWNMOFloZDBZUU5NblZncjdkTlBZNUUtNVFIdkpnTGlhNTkzT3Z6RlpTdmY0Nkw2U0VjVENkMHRfVml4XzZUSW9yYjB4NFgwWlhDQQ?oc=5,telemetro.com,es,2026-09-23T07:00:00Z,,2026-10-07T18:21:04Z,,gnews:regulacion,titular/metadatos,
GN-fa288e0b4c,FMI recomienda a Panamá mejorar la educación y la lucha contra la corrupción,https://news.google.com/rss/articles/CBMivAFBVV95cUxPVm1COC12NXM3eTlNd0ZIN2dSSlUxWXBKZGxPSjVhVG8tem90dTZHay16NkJGZFN2TmE2YXdCQlNlRWhLREJ6T2xrSFVPWkU1Y1JrNElocVdBaUE0Z3ZwYlEzUUNkTDkwbG85RXpUbERldzFiSExELThTRXYxaWRydmdOSl82QXMzeXdneW9uQWJUcVVlUmpqdXpVX3c5Ym5nNXltZm9HSU9jeDdlT3NiLVI2VkVIYzFWNzdLMdIBwgFBVV95cUxOTU9VbWp2ZnYyRFJ5N0ljRU5hd2JueVFDWGNUZkdmcVBHVVY2cGR4SHNCQ294WnRiNzIzaVVtQ01CWkpkVlEzWjE2U0lQM3ZoSEt4Q0c4b19FamJ5eHlCa2pBMHlVdVhMZkVqaWFOZ1FiUExEME5rcTZpQ1NuSlFLWTZfb0ZlZDFzMFQ0QWhMM3RFdlZ3V2M0WDVuSjlwVWpERVQ3c1Exdk5wa3JTeXhNNzBCdHdJZWc1R2k1SjNacFQ2Zw?oc=5,telemetro.com,es,2026-10-07T15:36:00Z,,2026-10-07T18:21:04Z,,gnews:economia,titular/metadatos,
GN-fa8df8cff0,"Recuperación de escombros: Parque Panamá, el primer proyecto inmobiliario en Chile bajo el modelo de economía circular",https://news.google.com/rss/articles/CBMi6AFBVV95cUxOX1ZjdnQzbzcycUljdlhTdWV0bEV4WjFwa2V1ejJsR2p6dGxZUk1xSmxLMXhJUTlNa09zYVNfcmU1VTRCeTZGYTNKdHljNC1tM1FYZTNWQUNVc0pwV01DbmlkV29XTVp4U3hTMGtzU0IxWkZmV1dkcnJuUVp1LXY0WWJxVDEtcEVIMmhWNDJ4bW0tTjhCdVZKYzFDaTluem10Qk9JN3hndmw1ZWxXbmRoSXNrU3U2bG5vRHNpZ2M5MC0yYmNTalZMVkxQd1JIWlRRd2k0cVg1SmM5MThDa3BJU3FGN2NXM3lj0gHuAUFVX3lxTE4zdTFEaDNYd1NvOWhVcG5OemVWcDhzQzdiZDlfd3EzN0V0eVRCZWdfdmtveW80WkhkWVE3M2dHdWR1TkxwY3NPdmR3UGxNSmFaX1JSZnJ2YnMyUTZncDMxOHYzVUVPUG5uSU94YmhTUkZUTTJ1RHBub01JSmdiSFRseEJiYnNHVXZRUFgzZWxiREVqUlFEREtyM0s1TUtXYTlSdFhBMjBZVTB6WlN1NmF6aWIzbVAzQnBCbGd0UXZHTlpqQ2dKTVdCWGpqbkZ3MFhiYk5PZVVTQUVUazQ3QUlnZXp4aVgwQlB3OVJ0bGc?oc=5,theclinic.cl,es,2026-09-22T07:00:00Z,,2026-10-07T18:21:04Z,,gnews:economia,titular/metadatos,
GN-fafa9822e8,Presupuesto del canal de Panamá es aprobado en tercer debate por la Asamblea,https://news.google.com/rss/articles/CBMitwFBVV95cUxQMFZaZE1LQV9HbjVrWnkxbTRaM09PVkZONld3X2FKZzJQTzloMFZFa3owQ2p0RVhHQW5wdDVBam5NLUNSOWlScHgyM0d3b0dUOEVOZEt6VE1DQnYxbTg0VjNUSExJQWZhekFmYm5naG4zMmdFN1MzSWZHZWF1NTlvLXJ6WWV3N29Dc0FyWmtmcndya2tRUFE5NnBCSkduSEFqVzhYdW9qcnVKQ1FNRnAwZy1iOVVEX1E?oc=5,tvn-2.com,es,2026-09-28T07:00:00Z,,2026-10-07T18:21:04Z,,gnews:logistica_canal|gnews:regulacion,titular/metadatos,
GN-fcb1a570b6,Seguro de viaje gratuito para viajar a Panamá: cobertura médica sin costo para turistas,https://news.google.com/rss/articles/CBMivwFBVV95cUxONVg0VzJac2pvc2d6MWNzZ09oTWFodlJydGtpWllCVlp3V3NnbVN6Yl9zZndqLXVfOEdBV0ZXN0pDUTZtbEJnam4yWHNJaFJ6ZU1mWW1ZN1BRS29sVXdqTEJ1ZHJidDhXZzJJY0RqdjlnM3UxdEJNdV9TbE82bTNGX0w1UDdyYTNnS1JEMlhUX0lzZ3hFNjUwSmRrVk1GcU56YU50UzB6NlFOMmEtLWJzOVRVeG9CY0tZeGdVODBIQQ?oc=5,rosariofinanzas.ar,es,2026-09-29T13:00:00Z,,2026-10-07T18:21:04Z,,gnews:turismo,titular/metadatos,
GN-fce86d95e8,Asamblea Nacional aprueba por unanimidad el presupuesto del Canal de Panamá,https://news.google.com/rss/articles/CBMiswFBVV95cUxORm5YUFhwLWNsUnFCMW54NXhjY3BLLVBZVkI5b1IxMWVsMjBmSENQaVJieG5DbTNkOUlycThrRnd5MEZVLTUtSnNkN1ZEU1V4dUJWU0VLMGRJeXpqbWRNMUU1Qk50VFFfdUQyZTR4bTNJcmx4NlhQQW9oZDdHU1RUVWhWUEVhdkRhZTZwM3VKcnNVMUw1Qk93dURyNUJPejI3eGdNRUxnd2tzTlNydDVURDB0OA?oc=5,destinopanama.com.pa,es,2026-09-29T07:00:00Z,,2026-10-07T18:21:04Z,,gnews:regulacion,titular/metadatos,
GN-fe47706241,Panama Canal Increases Daily Transits to 33 and Draft to 49 Feet,https://news.google.com/rss/articles/CBMiswFBVV95cUxNdldDVllqV19ndndBaVZQRXIwQUNnTEtkbS1PdmNrWlpWSGgzaDdUWWhJYkF4ZmdxN2VpdEtVYW14V0JXQWlPSk9SaWhUU0hXSEQ4NE9mY09VbE5sSVpqRnVraVhKRVNkRmktTURjaEU4Ti14WXJUXzZGZU1LaEhqT2FHbUc1MHBiZVN4NHp3bGZQSWdUMUZkVFR2eW41UXVUUUJWcE1fSHZYUFRpMzlJWE90UQ?oc=5,dataportuaria.com,es,2026-10-01T18:20:07Z,,2026-10-07T18:21:04Z,,gnews:logistica_canal,titular/metadatos,
GN-ff59175056,Clima en Panamá: lluvias persistentes y tormentas elevarán el riesgo de inundaciones y crecidas de ríos,https://news.google.com/rss/articles/CBMi2AFBVV95cUxOcFBZU2Z0NDdZN2x4NUhwZ2s3ZXRydHgwc21XUTczMGZSU0x0VHZSdWtLSWYyX2V4aENWZHJydjJZd0dGb3B3Mk81WDJfeUR4Q0kwYUlJTThVM3A5QW5OUjN1MTFacF8xenM3ZWVhX0k4T2tmTUUwUXFTcjRJRFJLcl84enFuSTlOaFBVQ3VHQmhKOXVWLVhtOTkxRU9xbmNLbDBmbkR2QXBWdmJQdnJKV3VJZ3ZVbWo4N1Q2NGJQWVVZUG1pa0JyT0p2cm5CMHFFVzJhUkRzLWzSAd4BQVVfeXFMUGdWbUh0Ti1ORDdHOVdUZ2xVblREcWJ2cmpuajBQYnJ3MFpESk1VNUtvQWdlQTdoTW9VZmVxdXJYLU16YWlqZ3NIZFJPVkRqTU1fVXNCbU1NdXdHMWxlZGw2SHlzdEpxb2lkckV0Wk8xUG9EMUI0bmtRclZpaFNNYWp1SUU3YnNLdU44YUsweTMzQ3k3Mk53ck4zb1RQQUYzLW9KMVNKN05qUW1SeFlhdzI1Z1Roc2ptdDJ6WmJUQ1YwWFVZQVhnU2hlVWRQa3dmU2E1b0RBaWNXandDOWNR?oc=5,tvn-2.com,es,2026-10-03T12:30:23Z,,2026-10-07T18:21:04Z,,gnews:eventos_naturales,titular/metadatos,
GN-ff878dad32,Panamá y Vietnam buscan fortalecer la cooperación económica,https://news.google.com/rss/articles/CBMikAFBVV95cUxObUpwSG9iLXBJQ3IyX3NnbTJ1RzZSbVlVRmVUemNZRWh0LVZjMFZYRXNkX3I1eW85RXNRLUxBN2ZsT1U5UG1zNVFubHRtMi14OHVaQTRjbklmU2tvVzFQbTVhejNZa2t4RG5rZ1RWMDVNVnJrMlpiUjVGSmNIXzlrWFdUUjd2RGtDUmptLU9sRUQ?oc=5,tvbrics.com,es,2026-10-07T15:54:49Z,,2026-10-07T18:21:04Z,,gnews:general,titular/metadatos,
RS-0f8b374a93,Mandan dos para la chirola por robarle a un taxista con cuchillo,https://www.critica.com.pa/sucesos/mandan-dos-para-la-chirola-por-robarle-un-taxista-con-cuchillo-517695,critica.com.pa,es,2026-10-07T15:17:31Z,,2026-10-07T18:21:04Z,,rss:critica.com.pa,titular/metadatos,
RS-2eddc92894,De la tarima a la pantalla: músicos panameños que también actúan en cine,https://www.critica.com.pa/show/de-la-tarima-la-pantalla-musicos-panamenos-que-tambien-actuan-en-cine-517698,critica.com.pa,es,2026-10-07T16:28:10Z,,2026-10-07T18:21:04Z,,rss:critica.com.pa,titular/metadatos,
RS-59545aa1ab,Autoridades atendieron 30 denuncias en carnavales en Colón,https://www.panamaamerica.com.pa/provincias/autoridades-atendieron-30-denuncias-en-carnavales-en-colon-1232274,panamaamerica.com.pa,es,2024-02-15T16:20:05Z,,2026-10-07T18:21:04Z,,rss:panamaamerica.com.pa,titular/metadatos,
RS-5ad73d342c,Mónica Lee se fue a Colombia para celebrar su despedida de soltera,https://www.critica.com.pa/show/monica-lee-se-fue-colombia-para-celebrar-su-despedida-de-soltera-517702,critica.com.pa,es,2026-10-07T16:36:37Z,,2026-10-07T18:21:04Z,,rss:critica.com.pa,titular/metadatos,
RS-5cb9566110,México: Candidatos a Presidencia deberán tener una sola nacionalidad,https://www.critica.com.pa/mundo/mexico-candidatos-presidencia-deberan-tener-una-sola-nacionalidad-517696,critica.com.pa,es,2026-10-07T15:26:43Z,,2026-10-07T18:21:04Z,,rss:critica.com.pa,titular/metadatos,
RS-6537c11b1e,Retiran alimentos no aptos para el consumo en Chiriquí,https://www.panamaamerica.com.pa/provincias/retiran-alimentos-no-aptos-para-el-consumo-en-chiriqui-1232187,panamaamerica.com.pa,es,2024-02-13T17:05:03Z,,2026-10-07T18:21:04Z,,rss:panamaamerica.com.pa,titular/metadatos,
RS-689d285a69,"City of Stars: Navidad en Panamá tendrá luces, desfile y más de $4.4 millones",https://www.critica.com.pa/nacional/city-stars-navidad-en-panama-tendra-luces-desfile-y-mas-de-44-millones-517700,critica.com.pa,es,2026-10-07T16:53:46Z,,2026-10-07T18:21:04Z,,rss:critica.com.pa,titular/metadatos,
RS-ae02e24be2,Nicole Kidman y Antonio Banderas emprenden la liberación sexual con 'Babygirl',https://www.panamaamerica.com.pa/variedades/nicole-kidman-y-antonio-banderas-emprenden-la-liberacion-sexual-con-babygirl-1240074,panamaamerica.com.pa,es,2024-08-30T14:52:03Z,,2026-10-07T18:21:04Z,,rss:panamaamerica.com.pa,titular/metadatos,
RS-aed5993af2,"Exdirector de la CSS, Enrique Lau, trasladado a SPA para audiencia de garantías",https://www.critica.com.pa/nacional/exdirector-de-la-css-enrique-lau-trasladado-spa-para-audiencia-de-garantias-517697,critica.com.pa,es,2026-10-07T16:09:45Z,,2026-10-07T18:21:04Z,,rss:critica.com.pa,titular/metadatos,
RS-d30f2dd001,Contraloría aprueba contrato con empresa de aseo en Capira,https://www.panamaamerica.com.pa/provincias/contraloria-aprueba-contrato-con-empresa-de-aseo-en-capira-1232287,panamaamerica.com.pa,es,2024-02-15T21:53:13Z,,2026-10-07T18:21:04Z,,rss:panamaamerica.com.pa,titular/metadatos,
RS-d8aad634e1,La tormenta Isaías amenaza con convertirse en huracán y golpear Florida,https://www.critica.com.pa/mundo/la-tormenta-isaias-amenaza-con-convertirse-en-huracan-y-golpear-florida-517699,critica.com.pa,es,2026-10-07T16:23:12Z,,2026-10-07T18:21:04Z,,rss:critica.com.pa,titular/metadatos,
RS-eb832512a7,EL MUNDO DESPIDE AL PAPA FRANCISCO #ENVIVO,https://www.critica.com.pa/nacional/el-mundo-despide-al-papa-francisco-envivo-490907,critica.com.pa,es,2025-04-26T07:47:25Z,,2026-10-07T18:21:04Z,,rss:critica.com.pa,titular/metadatos,
RS-ec82888a9d,¡Accidente múltiple en el Corredor Sur! Se forma qué tranque,https://www.critica.com.pa/nacional/accidente-multiple-en-el-corredor-sur-se-forma-que-tranque-517691,critica.com.pa,es,2026-10-07T14:56:04Z,,2026-10-07T18:21:04Z,,rss:critica.com.pa,titular/metadatos,
RS-f758afb9ce,Atropello fatal en Nuevo Chorrillo; la víctima quedó tendida en la vía,https://www.critica.com.pa/sucesos/atropello-fatal-en-nuevo-chorrillo-la-victima-quedo-tendida-en-la-517701,critica.com.pa,es,2026-10-07T15:58:36Z,,2026-10-07T18:21:04Z,,rss:critica.com.pa,titular/metadatos,
RS-f94d46e99a,Más de 200 atenciones médicas por día en Los Santos,https://www.panamaamerica.com.pa/provincias/mas-de-200-atenciones-medicas-por-dia-en-los-santos-1232193,panamaamerica.com.pa,es,2024-02-13T19:27:16Z,,2026-10-07T18:21:04Z,,rss:panamaamerica.com.pa,titular/metadatos,
TVN-0010cce1a4,TVN Media firma alianza con el Concurso Nacional de Oratoria 2024,https://www.tvn-2.com/videos/noticias/video-ext-tvn-media-firma-alianza-concurso_7_2163037.html,tvn-2.com,es,2024-10-30T00:11:16Z,,2026-10-07T18:08:09Z,,tvn_rss,titular/metadatos,
TVN-00d9574f94,"Tu Banco, tu Istmo: Banistmo presenta nueva identidad como parte del Grupo Financiero BSC",https://www.tvn-2.com/economia/empresas/publirreportajes/banco-istmo-banistmo-presenta-nueva_1_2258123.html,tvn-2.com,es,2026-08-28T18:15:25Z,,2026-10-07T18:08:09Z,,tvn_rss,titular/metadatos,
TVN-0266714235,"Gerente de TVN Media, Luis Mouynes en el ranking de los líderes con mejor reputación en Panamá",https://www.tvn-2.com/nacionales/ranking-de-los-lideres-luis-mouynes-gerente-tvn-media_1_2168690.html,tvn-2.com,es,2024-12-11T01:18:24Z,,2026-10-07T18:08:09Z,,tvn_rss,titular/metadatos,
TVN-04d71c66ad,TVN Media y DIRCOM Panamá se unen para fortalecer la voz de los Héroes por Panamá,https://www.tvn-2.com/nacionales/tvn-media-dircom-panama-unen_1_2211616.html,tvn-2.com,es,2025-10-21T17:48:33Z,,2026-10-07T18:08:09Z,,tvn_rss,titular/metadatos,
TVN-04dbdc7c40,Mundo Verde de TVN gana premio en Concurso para Comunicadores Sociales Carla Uliantzeff,https://www.tvn-2.com/nacionales/mundo-verde-ballenas-jorobadas-premio-concurso-comunicadores-sociales-carla-uliantzeff_1_2158333.html,tvn-2.com,es,2024-09-27T18:57:50Z,,2026-10-07T18:08:09Z,,tvn_rss,titular/metadatos,
TVN-0619c1cc84,Presentan a las obras ganadoras de Documental Panamá,https://www.tvn-2.com/nacionales/presentan-ganadoras-documental-panama-documentales-cine-fundacion-alberto-motta-noticias-en-panama-hoy_1_2163165.html,tvn-2.com,es,2024-10-30T20:15:28Z,,2026-10-07T18:08:09Z,,tvn_rss,titular/metadatos,
TVN-0793a7f03b,TVN Media y la Feria de La Chorrera firman alianza estratégica,https://www.tvn-2.com/videos/noticias/video-tvn-media-feria-chorrera-firman_8_2225013.html,tvn-2.com,es,2026-01-29T01:16:20Z,,2026-10-07T18:08:09Z,,tvn_rss,titular/metadatos,
TVN-0803c58d1f,TVN Media recibe reconocimiento en el Simposio Internacional de Innovación en Sostenibilidad: Edificio y Ciudad,https://www.tvn-2.com/nacionales/tvn-media-recibe-reconocimiento-simposio-innovacion-sostenibilidad-en-ambiente_1_2169077.html,tvn-2.com,es,2024-12-13T18:17:01Z,,2026-10-07T18:08:09Z,,tvn_rss,titular/metadatos,
TVN-0837b1851f,El Consejo Electoral de Haití posterga de manera indefinida las elecciones,https://www.tvn-2.com/mundo/consejo-electoral-haiti-posterga-manera_1_2264677.html,tvn-2.com,es,2026-10-06T22:20:22Z,,2026-10-07T18:08:09Z,,tvn_rss,titular/metadatos,
TVN-0d4f265e7a,Colaboradores de TVN Media participan en voluntariado en beneficio de la Fundación Latidos,https://www.tvn-2.com/nacionales/colaboradores-tvn-media-participan-voluntariado_1_2230514.html,tvn-2.com,es,2026-03-06T00:00:00Z,,2026-10-07T18:08:09Z,,tvn_rss,titular/metadatos,
TVN-0f99769ed2,"El inesperado carro de chatarra que sacó risas a Jorge Quirós, reportero de TVN Noticias",https://www.tvn-2.com/entretenimiento/inesperado-momento-saco-risas-reportero-tvn-noticias-jorge-quiros_1_2264634.html,tvn-2.com,es,2026-10-06T19:44:15Z,,2026-10-07T18:08:09Z,,tvn_rss,titular/metadatos,
TVN-1062bef114,"Liga de Naciones Concacaf | Resultados, calendario y todos los cruces para cuartos de final",https://www.tvn-2.com/tvmax/somos-la-sele/liga-de-naciones-concacaf-seleccion-de-panama-guatemala-curazao-mexico-canada-estados-unidos_1_2264553.html,tvn-2.com,es,2026-10-06T15:59:18Z,,2026-10-07T18:08:09Z,,tvn_rss,titular/metadatos,
TVN-13fc389505,TVN Media y la Asociación de Directoras de Panamá firman alianza para impulsar el liderazgo femenino,https://www.tvn-2.com/nacionales/tvn-media-asociacion-directoras-panama_1_2254586.html,tvn-2.com,es,2026-08-06T01:08:53Z,,2026-10-07T18:08:09Z,,tvn_rss,titular/metadatos,
TVN-150877b7c7,TVN Media alcanza el primer lugar en reputación entre los medios de comunicación en Panamá,https://www.tvn-2.com/nacionales/tvn-media-alcanza-primer-lugar-medios-comunicacion-merco-panama_1_2263883.html,tvn-2.com,es,2026-10-02T01:00:17Z,,2026-10-07T18:08:09Z,,tvn_rss,titular/metadatos,
TVN-1759deb0aa,TVN Media y el Carnaval de La Villa de Los Santos renuevan su alianza estratégica,https://www.tvn-2.com/nacionales/tvn-media-carnaval-la-villa-de-los-santos-alianza_1_2225701.html,tvn-2.com,es,2026-02-02T18:40:15Z,,2026-10-07T18:08:09Z,,tvn_rss,titular/metadatos,
TVN-1c82fc5a1a,Líderes 360 | Mario Castrellón: la visión de un chef que convirtió la gastronomía panameña en una marca país,https://www.tvn-2.com/lideres-360/lideres-360-mario-castrellon-chef-gastronomia-panama-maito_1_2254177.html,tvn-2.com,es,2026-08-07T12:15:31Z,,2026-10-07T18:08:09Z,,tvn_rss,titular/metadatos,
TVN-1fc8bb03fb,TVN Media gana categoría de Mejor Medio de Comunicación en ranking de Merco Empresas de Panamá 2024,https://www.tvn-2.com/nacionales/tvn-media-gana-categoria-mejor-merco-empresas-panama-2024-premio-ranking_1_2167542.html,tvn-2.com,es,2024-12-02T18:23:32Z,,2026-10-07T18:08:09Z,,tvn_rss,titular/metadatos,
TVN-213a3545c0,TVN Media firma alianza para promover 'Mosaico Panamá',https://www.tvn-2.com/nacionales/tvn-media-firma-alianza-promover-mosaico-panama_1_2240535.html,tvn-2.com,es,2026-05-12T00:59:45Z,,2026-10-07T18:08:09Z,,tvn_rss,titular/metadatos,
TVN-23280e05ba,TVN Media y Jump renuevan alianza para impulsar el emprendimiento en Panamá,https://www.tvn-2.com/nacionales/tvn-media-jump-renuevan-alianza-emprendimiento-panama_1_2237758.html,tvn-2.com,es,2026-04-23T18:22:28Z,,2026-10-07T18:08:09Z,,tvn_rss,titular/metadatos,
TVN-2571a308d9,Periodistas de TVN Media participan de conversatorio sobre desinformación y 'fake news' con estudiantes de la Universidad Latina,https://www.tvn-2.com/nacionales/periodistas-tvn-media-participan-conversatorio-desinformacion-fake-news-universidad-latina_1_2165356.html,tvn-2.com,es,2024-11-15T22:23:28Z,,2026-10-07T18:08:09Z,,tvn_rss,titular/metadatos,
TVN-278ab61dbc,El Ejecutivo francés rechaza acusaciones de abuso policial contra estudiantes,https://www.tvn-2.com/mundo/europa/ejecutivo-frances-rechaza-acusaciones-abuso_1_2264628.html,tvn-2.com,es,2026-10-06T20:00:16Z,,2026-10-07T18:08:09Z,,tvn_rss,titular/metadatos,
TVN-2a50f43079,"TVN Media dice presente en la Teletón 20-30 con una donación de 100,000 dólares",https://www.tvn-2.com/nacionales/tvn-media-dice-presente-teleton-20-30_1_2169266.html,tvn-2.com,es,2024-12-15T23:17:28Z,,2026-10-07T18:08:09Z,,tvn_rss,titular/metadatos,
TVN-2a8c9a9074,Tom Cruise defiende Digger tras el fracaso en taquilla y responde a las críticas,https://www.tvn-2.com/entretenimiento/cine-y-tv/tom-cruise-defiende-digger-fracaso-taquilla-responde-criticas_1_2264580.html,tvn-2.com,es,2026-10-06T17:00:58Z,,2026-10-07T18:08:09Z,,tvn_rss,titular/metadatos,
TVN-2bad1c262c,"Relanzamientos de las relaciones de Panamá y Vietnam: Acuerdos, inversiones y la Zona Libre de Colón",https://www.tvn-2.com/nacionales/panama-vietnam-acuerdos-inversiones-zona-libre-de-colon_1_2264754.html,tvn-2.com,es,2026-10-07T12:14:33Z,,2026-10-07T18:08:09Z,,tvn_rss,titular/metadatos,
TVN-2dd76812ff,Sueños de diciembre: La familia de TVN Noticias llevó alegría a los niños de Cerro Cabra,https://www.tvn-2.com/nacionales/suenos-diciembre-familia-tvn-noticias-ninos-cerro-cabra-navidad_1_2170326.html,tvn-2.com,es,2024-12-25T00:16:31Z,,2026-10-07T18:08:09Z,,tvn_rss,titular/metadatos,
TVN-2e98c5f25e,Panamá condena atentados del 7 de octubre y pide paz entre israelíes y palestinos,https://www.tvn-2.com/nacionales/panama-condena-atentados-7-octubre-israel-palestina_1_2264795.html,tvn-2.com,es,2026-10-07T17:18:01Z,,2026-10-07T18:08:09Z,,tvn_rss,titular/metadatos,
TVN-2ffeea1ffd,"TVN Media y UDELAS firman alianza para impulsar la educación, el bienestar y el desarrollo social",https://www.tvn-2.com/gente-tvn/tvn-media-udelas-firman-alianza_1_2253105.html,tvn-2.com,es,2026-07-28T17:00:00Z,,2026-10-07T18:08:09Z,,tvn_rss,titular/metadatos,
TVN-326b5d9ab0,Líderes 360 estrena el 3 de julio en Noticias AM con historias de impacto empresarial,https://www.tvn-2.com/lideres-360/lideres-360-estrena-noticias-am-impacto-empresarial-pedro-heilbron_1_2247767.html,tvn-2.com,es,2026-07-01T20:03:18Z,,2026-10-07T18:08:09Z,,tvn_rss,titular/metadatos,
TVN-32e0aae950,TVN Noticias y Tráfico Panamá firman alianza estratégica,https://www.tvn-2.com/nacionales/tvn-noticias-trafico-panama-firman-alianza-estrategia-medios_1_2187423.html,tvn-2.com,es,2025-04-29T23:08:14Z,,2026-10-07T18:08:09Z,,tvn_rss,titular/metadatos,
TVN-32ec4d0ac7,TVN Media oficializa patrocinio para el World of Coffee Panamá 2026,https://www.tvn-2.com/nacionales/tvn-media-oficializa-patrocinio-world_1_2251452.html,tvn-2.com,es,2026-07-17T01:20:25Z,,2026-10-07T18:08:09Z,,tvn_rss,titular/metadatos,
TVN-35ad017572,Reforma eléctrica: Comisión de Comercio aprueba en primer debate el proyecto de ley impulsado por el Ejecutivo,https://www.tvn-2.com/nacionales/reforma-electrica-comision-comercio-aprueba-primer-debate-asamblea-nacional_1_2264662.html,tvn-2.com,es,2026-10-06T22:14:00Z,,2026-10-07T18:08:09Z,,tvn_rss,titular/metadatos,
TVN-35c3390a72,TVN Media y el IFF Panamá firman alianza para la 13ª edición del Festival Internacional de Cine de Panamá,https://www.tvn-2.com/entretenimiento/cine-y-tv/tvn-media-iff-panama-firman-convenio-festival-de-cine-de-panama_1_2181612.html,tvn-2.com,es,2025-03-18T19:31:35Z,,2026-10-07T18:08:09Z,,tvn_rss,titular/metadatos,
TVN-36883e33f7,Cuarto Puente:  Mitradel detecta 18 trabajadores sin permiso de trabajo tras reanudación de obras,https://www.tvn-2.com/nacionales/cuarto-puente-mitradel-detecta-18-trabajadores-sin-permiso_1_2264794.html,tvn-2.com,es,2026-10-07T17:49:28Z,,2026-10-07T18:08:09Z,,tvn_rss,titular/metadatos,
TVN-3713de7a23,TVN Media y FSU Panamá firmaron acuerdo de colaboración para formar estudiantes,https://www.tvn-2.com/videos/noticias/video-ext-tvn-media-fsu-panama-firmaron_7_2197723.html,tvn-2.com,es,2025-07-12T01:34:57Z,,2026-10-07T18:08:09Z,,tvn_rss,titular/metadatos,
TVN-37640d843a,Macrofest 2025 presenta su cartel oficial y entrega reconocimiento a TVN Media,https://www.tvn-2.com/nacionales/macrofest-2025-presenta-cartel-oficial-reconocimiento-tvnmedia_1_2173050.html,tvn-2.com,es,2025-01-16T20:59:29Z,,2026-10-07T18:08:09Z,,tvn_rss,titular/metadatos,
TVN-385abe80a8,TVN encendió la fiesta y animó al público en 'Sabores de Colón',https://www.tvn-2.com/nacionales/tvn-media-encendio-fiesta-publico-sabores-de-colon_1_2229801.html,tvn-2.com,es,2026-03-02T00:29:43Z,,2026-10-07T18:08:09Z,,tvn_rss,titular/metadatos,
TVN-3878722cd8,Caso Pandora: Detención provisional para exejecutivo bancario señalado por autorizar pagos de créditos fiscales de la DGI,https://www.tvn-2.com/nacionales/judicial/caso-pandora-declaran-legal-aprehension-exjecutivo-bancario-autoriza-pagos-fiscales-dgi_1_2264701.html,tvn-2.com,es,2026-10-06T23:57:05Z,,2026-10-07T18:08:09Z,,tvn_rss,titular/metadatos,
TVN-3c67800918,El Tachi rompe el silencio sobre la polémica con Aliah Maurette y niega haberle sido infiel,https://www.tvn-2.com/entretenimiento/musica/el-tachi-rompe-silencio-polemica-niega-infiel-aliah-maurette_1_2264743.html,tvn-2.com,es,2026-10-07T14:29:49Z,,2026-10-07T18:08:09Z,,tvn_rss,titular/metadatos,
TVN-3db8c2d356,TVN Media arrasa en los Premios Excelencia en la gala 'Los Faroles',https://www.tvn-2.com/nacionales/tvn-media-arrasa-premios-victoria-universidad-de-panama_1_2217570.html,tvn-2.com,es,2025-12-05T12:28:16Z,,2026-10-07T18:08:09Z,,tvn_rss,titular/metadatos,
TVN-438971e86c,Una alianza por el conocimiento: Ciudad del Saber y TVN Media unen esfuerzos,https://www.tvn-2.com/nacionales/alianza-conocimiento-ciudad-del-saber-tvn-media_1_2203982.html,tvn-2.com,es,2025-08-09T01:43:00Z,,2026-10-07T18:08:09Z,,tvn_rss,titular/metadatos,
TVN-4525aa132f,TVN Media arrasa en los Premios Excelencia de la Universidad de Panamá,https://www.tvn-2.com/nacionales/premios-excelencia-2024-universidad-de-panama-tvn-noticias-facultad-de-comunicacion-social_1_2166104.html,tvn-2.com,es,2024-11-21T02:59:16Z,,2026-10-07T18:08:09Z,,tvn_rss,titular/metadatos,
TVN-4844a94108,TVN Media y Sabores de Colón se unen para resaltar la gastronomía y cultura colonense,https://www.tvn-2.com/nacionales/tvn-media-sabores-colon-gastronomia-cultura-colonense_1_2201366.html,tvn-2.com,es,2025-08-09T01:00:00Z,,2026-10-07T18:08:09Z,,tvn_rss,titular/metadatos,
TVN-4aea272913,TVN Media será parte del Día de las Buenas Acciones,https://www.tvn-2.com/nacionales/dia-de-las-buenas-acciones-fundacion-jupa-tvn-media_1_2182521.html,tvn-2.com,es,2025-03-25T01:29:54Z,,2026-10-07T18:08:09Z,,tvn_rss,titular/metadatos,
TVN-4af2857f0d,Gabriela Lineth viaja a Puerto Rico para vivir la antesala de Miss Universe 2026,https://www.tvn-2.com/entretenimiento/gabriela-lineth-viaja-puerto-rico-antesala-miss-universe-2026_1_2264674.html,tvn-2.com,es,2026-10-06T22:40:49Z,,2026-10-07T18:08:09Z,,tvn_rss,titular/metadatos,
TVN-4d4d3eb02d,"Contenido Exclusivo: Coclé, se seca el campo",https://www.tvn-2.com/contenido-exclusivo/contenido-exclusivo-cocle-seca-campo-fenomeno-de-el-nino-clima-agua-produccion-sequia_1_2263614.html,tvn-2.com,es,2026-10-01T01:31:04Z,,2026-10-07T18:08:09Z,,tvn_rss,titular/metadatos,
TVN-4f361fe287,TVN Media y el MAC Panamá se unen para promover el arte y la cultura nacional,https://www.tvn-2.com/nacionales/tvn-media-mac-panama-unen_1_2199530.html,tvn-2.com,es,2025-07-25T19:00:00Z,,2026-10-07T18:08:09Z,,tvn_rss,titular/metadatos,
TVN-543d10d0dd,Voces femeninas comparten liderazgo y experiencias en encuentro de Speed Mentoring de TVN,https://www.tvn-2.com/nacionales/voces-femeninas-comparten-liderazgo-experiencias-encuentro-de-speed-mentoring-de-tvn_1_2230766.html,tvn-2.com,es,2026-03-07T23:01:00Z,,2026-10-07T18:08:09Z,,tvn_rss,titular/metadatos,
TVN-55b407fbdc,TVN Media apoya el 'reality Jump' que busca impulsar el emprendimiento de jóvenes,https://www.tvn-2.com/nacionales/tvn-media-impulsa-reality-jump-emprendimientos-jovenes_1_2185537.html,tvn-2.com,es,2025-04-16T00:59:06Z,,2026-10-07T18:08:09Z,,tvn_rss,titular/metadatos,
TVN-56d8b2f226,"TVN Media conmemora el Día de las Buenas Acciones con jornada solidaria junto a ADAVION, Héroes por Panamá 2019",https://www.tvn-2.com/nacionales/tvn-media-conmemora-dia-buenas-acciones-adavion-heroes-por-panama_1_2236132.html,tvn-2.com,es,2026-04-13T23:02:47Z,,2026-10-07T18:08:09Z,,tvn_rss,titular/metadatos,
TVN-575af22d94,TVN Media recibe reconocimiento por cobertura del 9 de enero de 1964,https://www.tvn-2.com/nacionales/tvn-media-recibe-reconocimiento-cobertura_1_2172034.html,tvn-2.com,es,2025-01-09T00:56:01Z,,2026-10-07T18:08:09Z,,tvn_rss,titular/metadatos,
TVN-5a318343de,TVN Media moviliza a sus colaboradores para convertir la solidaridad en vidas,https://www.tvn-2.com/gente-tvn/tvn-media-moviliza-colaboradores-convertir_1_2255762.html,tvn-2.com,es,2026-08-13T22:07:30Z,,2026-10-07T18:08:09Z,,tvn_rss,titular/metadatos,
TVN-5a3fd6dddb,TVN Media reafirma alianza con  la Teletón 20-30,https://www.tvn-2.com/videos/noticias/video-ext-tvn-media-reafirma-alianza-teleton_7_2163364.html,tvn-2.com,es,2024-10-31T20:32:52Z,,2026-10-07T18:08:09Z,,tvn_rss,titular/metadatos,
TVN-5a8984e3c6,TVN Media y FSU Panamá apuestan por la nueva generación que transformará la industria,https://www.tvn-2.com/nacionales/tvn-media-fundacion-florida-state-university-panama-apuestan-industria-audiovisual_1_2190375.html,tvn-2.com,es,2025-05-20T21:20:33Z,,2026-10-07T18:08:09Z,,tvn_rss,titular/metadatos,
TVN-5ad84e990e,TVN Media dijo presente en Relevos por la Vida 2025 de Fanlyc,https://www.tvn-2.com/nacionales/tvn-media-dijo-presente-relevos_1_2205996.html,tvn-2.com,es,2025-09-13T23:41:33Z,,2026-10-07T18:08:09Z,,tvn_rss,titular/metadatos,
TVN-5c81dbb838,Claudya Morales de TVN Media gana Premio de Periodismo sobre Niñez y Adolescencia 2024,https://www.tvn-2.com/nacionales/claudya-morales-tvn-media-premio-de-periodismo-ninez-y-adolescencia-unicef-celap_1_2166205.html,tvn-2.com,es,2024-11-21T20:28:55Z,,2026-10-07T18:08:09Z,,tvn_rss,titular/metadatos,
TVN-5d46ef2578,TVN Media y ADEN Business School firman acuerdo para acceder a programas de estudio superior,https://www.tvn-2.com/nacionales/tvn-media-aden-business-school_1_2255801.html,tvn-2.com,es,2026-08-14T00:59:23Z,,2026-10-07T18:08:09Z,,tvn_rss,titular/metadatos,
TVN-5d8c4cfe2f,TVN Media se consolida en el ranking de Merco Talento 2025,https://www.tvn-2.com/nacionales/tvn-media-consolida-ranking-merco-talento_1_2195639.html,tvn-2.com,es,2025-06-26T21:17:21Z,,2026-10-07T18:08:09Z,,tvn_rss,titular/metadatos,
TVN-5f20fa1e2c,TVN Media y XCOM se unen para impulsar la innovación y el futuro de la comunicación en Panamá,https://www.tvn-2.com/nacionales/tvn-media-excom-unen-impulsar_1_2242806.html,tvn-2.com,es,2026-05-26T20:20:00Z,,2026-10-07T18:08:09Z,,tvn_rss,titular/metadatos,
TVN-5f9947f319,TVN estrena Líderes 360 y consolida su cobertura del Mundial 2026,https://www.tvn-2.com/nacionales/tvn-media-estrena-lideres-360-mundial-2026_1_2249178.html,tvn-2.com,es,2026-07-03T14:17:00Z,,2026-10-07T18:08:09Z,,tvn_rss,titular/metadatos,
TVN-60e83e8961,Pase-U: Largas filas en Changuinola en el segundo día de entrega de tarjetas Punch del Ifarhu,https://www.tvn-2.com/nacionales/pase-u-pago-de-becas-ifarhu-largas-filas-changuinola_1_2264609.html,tvn-2.com,es,2026-10-06T18:12:50Z,,2026-10-07T18:08:09Z,,tvn_rss,titular/metadatos,
TVN-60fc93934e,Costa Coffee se expande a Panamá con dos nuevas tiendas operadas por el socio franquiciado Grupo Maritanos,https://www.tvn-2.com/economia/empresas/publirreportajes/costa-coffee-expande-panama-nuevas_1_2256771.html,tvn-2.com,es,2026-08-21T15:41:33Z,,2026-10-07T18:08:09Z,,tvn_rss,titular/metadatos,
TVN-627d1cf3d2,Gente TVN se sumó a carrera caminata inclusiva de Achilles Panamá en la Cinta Costera,https://www.tvn-2.com/gente-tvn/gente-tvn-sumo-carrera-caminata_1_2264281.html,tvn-2.com,es,2026-10-04T23:47:36Z,,2026-10-07T18:08:09Z,,tvn_rss,titular/metadatos,
TVN-62f6e0e24f,Presupuesto 2027: Presidente de la Comisión recomendará más fondos para salud y cumplir con primas de antigüedad,https://www.tvn-2.com/nacionales/presupuesto2027-eduardo-vasquez-recomendara-fondos-salud-prima-antiguedad_1_2264760.html,tvn-2.com,es,2026-10-07T13:10:19Z,,2026-10-07T18:08:09Z,,tvn_rss,titular/metadatos,
TVN-6352553072,TVN Media celebra la cultura con mural en La Casa del Artesano de La Chorrera,https://www.tvn-2.com/nacionales/tvn-media-la-chorrera-celebra-cultura-mural_1_2186471.html,tvn-2.com,es,2025-04-23T01:56:51Z,,2026-10-07T18:08:09Z,,tvn_rss,titular/metadatos,
TVN-657c9556e8,Municipio capitalino entrega pergamino y llaves de la ciudad para Hecho en Panamá,https://www.tvn-2.com/nacionales/municipio-de-panama-pergamino-llaves-ciudad-hecho-panama_1_2163410.html,tvn-2.com,es,2024-11-01T00:23:19Z,,2026-10-07T18:08:09Z,,tvn_rss,titular/metadatos,
TVN-67760aa912,Contenido Exclusivo: El metro por la Tumba Muerto,https://www.tvn-2.com/contenido-exclusivo/contenido-exclusivo-metro-tumba-muerto-transporte-panama_1_2264473.html,tvn-2.com,es,2026-10-06T00:47:04Z,,2026-10-07T18:08:09Z,,tvn_rss,titular/metadatos,
TVN-687e5a41cd,TVN Media recibe reconocimiento del programa Reduce Tu Huella por su compromiso con la gestión ambiental,https://www.tvn-2.com/nacionales/tvn-media-recibe-reconocimiento-programa-reduce-tu-huella-gestion-ambiental_1_2254331.html,tvn-2.com,es,2026-08-05T00:38:03Z,,2026-10-07T18:08:09Z,,tvn_rss,titular/metadatos,
TVN-68fbb04402,TVN Media arrasa en los Premios Victoria 2024,https://www.tvn-2.com/nacionales/tvn-media-tres-galardones-premios-victoria-usma_1_2160381.html,tvn-2.com,es,2024-10-11T02:07:51Z,,2026-10-07T18:08:09Z,,tvn_rss,titular/metadatos,
TVN-6b265d83ab,WISS LATAM reúne a mujeres líderes y empresarias para impulsar la innovación y el liderazgo femenino,https://www.tvn-2.com/nacionales/wiss-latam-reune-mujeres-lideres_1_2257812.html,tvn-2.com,es,2026-08-27T01:21:28Z,,2026-10-07T18:08:09Z,,tvn_rss,titular/metadatos,
TVN-6d357393b6,Cristiano Ronaldo hoy | El portugués pidió disculpas y podría volver a la selección,https://www.tvn-2.com/tvmax/futbol-internacional/cristiano-ronaldo-portugues-seleccion-disculpas-jorge-jesus_1_2264644.html,tvn-2.com,es,2026-10-06T20:10:24Z,,2026-10-07T18:08:09Z,,tvn_rss,titular/metadatos,
TVN-716bb815e9,"Reclusa que sobrevivió a ejecución fallida en EEUU está consciente y habla, según sus abogados",https://www.tvn-2.com/mundo/reclusa-sobrevivio-ejecucion-fallida-eeuu_1_2264679.html,tvn-2.com,es,2026-10-06T22:27:50Z,,2026-10-07T18:08:09Z,,tvn_rss,titular/metadatos,
TVN-716c0d72bd,Día Nacional del Calypso: Conoce la agenda cultural del 16 al 18 de octubre,https://www.tvn-2.com/nacionales/dia-nacional-calypso-conoce-agenda_1_2264719.html,tvn-2.com,es,2026-10-07T00:52:08Z,,2026-10-07T18:08:09Z,,tvn_rss,titular/metadatos,
TVN-725094d5dd,"TVN Media realiza homenaje a Luz María Noli, heroína de la información",https://www.tvn-2.com/nacionales/tvn-media-realiza-homenaje-luz-maria-noli-dia-del-periodista-heroes-por-panama_1_2165138.html,tvn-2.com,es,2024-11-14T17:41:38Z,,2026-10-07T18:08:09Z,,tvn_rss,titular/metadatos,
TVN-7299874344,TVN Media y Capadeso sellan alianza para visibilizar labor social,https://www.tvn-2.com/nacionales/tvn-media-camara-panamena-desarrollo-social_1_2238469.html,tvn-2.com,es,2026-04-28T18:53:57Z,,2026-10-07T18:08:09Z,,tvn_rss,titular/metadatos,
TVN-729fbbda2d,TVN Media destaca en el ranking Merco Responsabilidad ESG Panamá 2024,https://www.tvn-2.com/nacionales/tvn-media-destaca-ranking-merco-responsabilidad-social-empresarial_1_2174203.html,tvn-2.com,es,2025-01-24T19:42:54Z,,2026-10-07T18:08:09Z,,tvn_rss,titular/metadatos,
TVN-73a67248c0,Trump dice que hablará con Putin tras sospecha de peste en Rusia,https://www.tvn-2.com/mundo/trump-dice-hablara-putin-sospecha_1_2264680.html,tvn-2.com,es,2026-10-06T22:30:42Z,,2026-10-07T18:08:09Z,,tvn_rss,titular/metadatos,
TVN-77ec3771a5,Rosalía gana el Premio Nacional de Músicas Actuales 2026 por su disco LUX,https://www.tvn-2.com/entretenimiento/rosalia-gana-premio-nacional-musicas-actuales-2026-espana-lux_1_2264777.html,tvn-2.com,es,2026-10-07T15:48:20Z,,2026-10-07T18:08:09Z,,tvn_rss,titular/metadatos,
TVN-78fba2f6f3,Lionel Messi despedida| Argentina vs Benín: estadísticas del primer tiempo,https://www.tvn-2.com/tvmax/futbol-internacional/lionel-messi-despedida-argentina-vs-benin-estadisticas-primer-tiempo-estadio-monumental-buenos-aires_1_2264717.html,tvn-2.com,es,2026-10-07T00:27:57Z,,2026-10-07T18:08:09Z,,tvn_rss,titular/metadatos,
TVN-7a7cbec75d,Trump culpa a la inmigración y al islam por los disturbios en Francia,https://www.tvn-2.com/mundo/trump-culpa-inmigracion-islam-disturbios_1_2264675.html,tvn-2.com,es,2026-10-06T22:11:15Z,,2026-10-07T18:08:09Z,,tvn_rss,titular/metadatos,
TVN-7f268fa2f9,Mario Castrellón protagoniza Líderes 360 este viernes en Noticias AM,https://www.tvn-2.com/lideres-360/mario-castrellon-protagoniza-lideres-360-noticias-am_1_2254164.html,tvn-2.com,es,2026-08-05T11:00:19Z,,2026-10-07T18:08:09Z,,tvn_rss,titular/metadatos,
TVN-818d0c27ed,Marco Rubio apelará a la alianza estratégica en Grecia para proteger valores de Occidente,https://www.tvn-2.com/mundo/europa/marco-rubio-apelara-alianza-estrategica_1_2264697.html,tvn-2.com,es,2026-10-07T00:30:57Z,,2026-10-07T18:08:09Z,,tvn_rss,titular/metadatos,
TVN-81bd9e3291,Apoyo a la democracia cae nueve puntos en Panamá; 78% no se siente representado por la Asamblea Nacional,https://www.tvn-2.com/nacionales/apoyo-democracia-cae-nueve-puntos-panama-asamblea-nacional_1_2264617.html,tvn-2.com,es,2026-10-06T22:11:48Z,,2026-10-07T18:08:09Z,,tvn_rss,titular/metadatos,
TVN-851e97e033,TVN Media y el Municipio de La Villa firman alianza para impulsar los Carnavales 2025,https://www.tvn-2.com/nacionales/tvn-media-municipio-la-villa-de-los-santos-firman-alianza-carnaval-2025_1_2172852.html,tvn-2.com,es,2025-01-15T17:35:47Z,,2026-10-07T18:08:09Z,,tvn_rss,titular/metadatos,
TVN-88d570d700,Gente TVN fortalece su compromiso social con jornada deportiva inclusiva,https://www.tvn-2.com/nacionales/gente-tvn-fortalece-compromiso-social-jornada-deportiva-inclusiva_1_2245912.html,tvn-2.com,es,2026-06-14T02:02:12Z,,2026-10-07T18:08:09Z,,tvn_rss,titular/metadatos,
TVN-8ad20541d5,Panamá Coffee Weeks reunirá las variedades del mejor café del mundo en octubre,https://www.tvn-2.com/nacionales/panama-coffee-week-reunira-35_1_2264723.html,tvn-2.com,es,2026-10-07T01:04:56Z,,2026-10-07T18:08:09Z,,tvn_rss,titular/metadatos,
TVN-8c045b17e4,Lionel Messi despedida | Argentina vs Benín | EN VIVO,https://www.tvn-2.com/tvmax/futbol-internacional/video-ext-lionel-messi-despedida-en-vivo-argentina-vs-benin_7_2264670.html,tvn-2.com,es,2026-10-06T21:56:35Z,,2026-10-07T18:08:09Z,,tvn_rss,titular/metadatos,
TVN-8cf43fdcc5,Conape reconoce la trayectoria de periodistas de TVN Media,https://www.tvn-2.com/nacionales/conape-reconoce-trayectoria-periodistas-tvn-media_1_2215048.html,tvn-2.com,es,2025-11-15T01:39:04Z,,2026-10-07T18:08:09Z,,tvn_rss,titular/metadatos,
TVN-8e88df7af3,Asesinan a taxista en Remedios; fue hallado dentro de su vehículo con varias heridas,https://www.tvn-2.com/nacionales/asesinan-taxista-remedios-hallado-vehiculo-varias-heridas_1_2264601.html,tvn-2.com,es,2026-10-06T18:13:55Z,,2026-10-07T18:08:09Z,,tvn_rss,titular/metadatos,
TVN-8f16663945,TVN Media presentó el documental que revela la experiencia de las escuelas que lideraron el reciclaje en Panamá,https://www.tvn-2.com/nacionales/tvn-media-presenta-documental-competencia-intercolegial-reciclaje_1_2202782.html,tvn-2.com,es,2025-08-20T22:00:00Z,,2026-10-07T18:08:09Z,,tvn_rss,titular/metadatos,
TVN-90f14cebbf,Periodistas de TVN Noticias son galardonados por el Fórum de Periodistas,https://www.tvn-2.com/nacionales/periodistas-tvn-noticias-premios-forum-de-periodistas_1_2189759.html,tvn-2.com,es,2025-05-16T03:01:48Z,,2026-10-07T18:08:09Z,,tvn_rss,titular/metadatos,
TVN-9177616cde,TVN Media se une al Día de las Buenas Acciones con jornada solidaria en el Instituto Oncológico Nacional,https://www.tvn-2.com/nacionales/tvn-media-une-dias-de-las-buenas-acciones-instituto-oncologico_1_2184947.html,tvn-2.com,es,2025-04-11T02:08:16Z,,2026-10-07T18:08:09Z,,tvn_rss,titular/metadatos,
TVN-943fc20171,TVN Radio y TVMAX dan el 'Kick-Off' al Carnaval con una lluvia de regalos en vía Centenario,https://www.tvn-2.com/nacionales/tvn-radio-tvmax-dan-kick-carnaval_1_2227551.html,tvn-2.com,es,2026-02-13T23:13:59Z,,2026-10-07T18:08:09Z,,tvn_rss,titular/metadatos,
TVN-95f818d4f2,Nerys Pérez responde con humor a los comentarios sobre el vestido que usó en un baile,https://www.tvn-2.com/entretenimiento/nerys-perez-responde-humor-comentarios-vestido-baile-vladimir-atencio_1_2264599.html,tvn-2.com,es,2026-10-06T18:15:47Z,,2026-10-07T18:08:09Z,,tvn_rss,titular/metadatos,
TVN-9a34c25033,TVN Noticias gana dos categorías del premio de Periodismo sobre Niñez y Adolescencia 2025,https://www.tvn-2.com/nacionales/periodista-claudya-carolina-morales-yenny-caballero-periodismo-sobre-ninez-y-adolescencia-ganador_1_2218367.html,tvn-2.com,es,2025-12-11T19:12:00Z,,2026-10-07T18:08:09Z,,tvn_rss,titular/metadatos,
TVN-9c06822f33,"Héroes por Panamá culminan su diplomado en Servicio, Liderazgo y Transformación Social",https://www.tvn-2.com/nacionales/heroes-por-panama-culminan-diplomado-servicio-liderazgo-transformacion_1_2212969.html,tvn-2.com,es,2025-10-30T00:42:53Z,,2026-10-07T18:08:09Z,,tvn_rss,titular/metadatos,
TVN-9c2eaed9bf,Michael Douglas revela lo que hizo para ser monógamo con Catherine Zeta-Jones,https://www.tvn-2.com/entretenimiento/cine-y-tv/michael-douglas-revela-hizo-monogamo-catherine-zeta-jones_1_2264739.html,tvn-2.com,es,2026-10-07T17:35:32Z,,2026-10-07T18:08:09Z,,tvn_rss,titular/metadatos,
TVN-9d1e48338d,Documental Panamá Reseñas de Nuestra Identidad llega al cine,https://www.tvn-2.com/nacionales/documental-panama-llega-pantalla-grande-cine-tvn-media_1_2212034.html,tvn-2.com,es,2025-10-23T21:33:32Z,,2026-10-07T18:08:09Z,,tvn_rss,titular/metadatos,
TVN-9f0fdecbb7,TVN Media nombra gerente de Información Digital para  continuar posicionando el liderazgo en noticias desde sus plataformas digitales,https://www.tvn-2.com/nacionales/tvn-media-nombra-gerente-informacion-digital-magda-maxwell_1_2186722.html,tvn-2.com,es,2025-04-24T17:25:48Z,,2026-10-07T18:08:09Z,,tvn_rss,titular/metadatos,
TVN-9f50ee47e8,TVN celebra 63 años,https://www.tvn-2.com/videos/noticias/video-ext-tvn-celebra-63-anos_7_2186633.html,tvn-2.com,es,2025-04-24T01:21:16Z,,2026-10-07T18:08:09Z,,tvn_rss,titular/metadatos,
TVN-9ff9457539,Alcaldesa Stefany Peñalba: residentes  protestan frente al Municipio de Arraiján y exigen auditorías contra su gestión,https://www.tvn-2.com/nacionales/provincias/stefany-penalba-residentes-protesta-frente-municipio-de-arraijan-piden-auditoria_1_2264603.html,tvn-2.com,es,2026-10-06T18:24:07Z,,2026-10-07T18:08:09Z,,tvn_rss,titular/metadatos,
TVN-a011fc57a2,TVN Media y Senacyt firman alianza para promover la ciencia en Panamá,https://www.tvn-2.com/nacionales/tvn-media-senacyt-firman-alianza_1_2208344.html,tvn-2.com,es,2025-09-30T01:06:16Z,,2026-10-07T18:08:09Z,,tvn_rss,titular/metadatos,
TVN-a0993c4b63,"Sinaproc extiende vigilancia por lluvias, tormentas y vientos hasta el viernes",https://www.tvn-2.com/nacionales/sinaproc-extiende-vigilancia-lluvias-tormentas_1_2264646.html,tvn-2.com,es,2026-10-06T20:51:59Z,,2026-10-07T18:08:09Z,,tvn_rss,titular/metadatos,
TVN-a1f19e911e,TVN Media refuerza su compromiso social con jornada de voluntariado en el Banco de Alimentos,https://www.tvn-2.com/nacionales/tvn-media-refuerza-compromiso-social_1_2217708.html,tvn-2.com,es,2025-12-06T01:42:12Z,,2026-10-07T18:08:09Z,,tvn_rss,titular/metadatos,
TVN-a2b38044e8,Contenido Exclusivo: Turismo en transporte público,https://www.tvn-2.com/contenido-exclusivo/contenido-exclusivo-turismo-transporte-publico_1_2263290.html,tvn-2.com,es,2026-09-29T01:23:06Z,,2026-10-07T18:08:09Z,,tvn_rss,titular/metadatos,
TVN-a33bda96af,Exfuncionarios de alto perfil investigados: estos son los casos y su situación judicial,https://www.tvn-2.com/nacionales/judicial/exfuncionarios-alto-perfil-investigados-judicial-cortizo_1_2264771.html,tvn-2.com,es,2026-10-07T17:02:14Z,,2026-10-07T18:08:09Z,,tvn_rss,titular/metadatos,
TVN-a4f5821342,TVN Media y Fundación Relaciones Sanas firman convenio para impulsar la educación y sensibilización sobre salud mental,https://www.tvn-2.com/gente-tvn/tvn-media-fundacion-relaciones-sanas_1_2246715.html,tvn-2.com,es,2026-06-18T17:10:05Z,,2026-10-07T18:08:09Z,,tvn_rss,titular/metadatos,
TVN-a56cc31000,Shakira y Piqué vuelven a los tribunales por el régimen de visitas de sus hijos,https://www.tvn-2.com/entretenimiento/shakira-pique-vuelven-tribunales-regimen-visitas-sasha-milan_1_2264591.html,tvn-2.com,es,2026-10-06T16:00:19Z,,2026-10-07T18:08:09Z,,tvn_rss,titular/metadatos,
TVN-a67fb1cc4c,Costa Rica: Suspendió la investigación sobre el crimen del militar exiliado,https://www.tvn-2.com/mundo/suramerica/costa-rica-suspendio-investigacion-crimen_1_2264699.html,tvn-2.com,es,2026-10-07T00:00:21Z,,2026-10-07T18:08:09Z,,tvn_rss,titular/metadatos,
TVN-a711c284e4,"Líderes 360: Pedro Heilbron plantea una hoja de ruta para Panamá; turismo sostenible, eficiencia y un país transparente",https://www.tvn-2.com/lideres-360/lideres-360-pedro-heilbron-panama-turismo-eficiencia-transparencia_1_2249216.html,tvn-2.com,es,2026-07-05T13:00:06Z,,2026-10-07T18:08:09Z,,tvn_rss,titular/metadatos,
TVN-aa95e2b01c,TVN Media reafirma alianza con la Teletón 20-30,https://www.tvn-2.com/nacionales/tvn-media-reafirma-alianza-teleton-20-30_1_2214825.html,tvn-2.com,es,2025-11-13T21:11:59Z,,2026-10-07T18:08:09Z,,tvn_rss,titular/metadatos,
TVN-b01e32c792,Aumentan enfermedades respiratorias entre menores en la comarca Ngäbe Buglé,https://www.tvn-2.com/nacionales/aumentan-enfermedades-respiratorias-menores-comarca_1_2264708.html,tvn-2.com,es,2026-10-07T00:17:42Z,,2026-10-07T18:08:09Z,,tvn_rss,titular/metadatos,
TVN-b18f023342,TVN Media avanza en Merco Talento Panamá 2026 y reafirma su liderazgo como número uno en el sector de medios de comunicación,https://www.tvn-2.com/nacionales/tvn-media-avanza-merco-talento_1_2250207.html,tvn-2.com,es,2026-07-09T17:36:21Z,,2026-10-07T18:08:09Z,,tvn_rss,titular/metadatos,
TVN-b28b5de2a5,Pilotos solicitan al Aeropuerto de Tocumen fortalecer controles por riesgo de aves durante temporada migratoria,https://www.tvn-2.com/nacionales/pilotos-solicitan-aeropuerto-tocumen-fortalecer-controles-riesgo-aves_1_2264791.html,tvn-2.com,es,2026-10-07T17:53:52Z,,2026-10-07T18:08:09Z,,tvn_rss,titular/metadatos,
TVN-b3db09038e,Gianmatteo Rousseau | Piloto panameño que triunfa en el extranjero,https://www.tvn-2.com/tvmax/mas-deportes/gianmatteo-rousseau-piloto-panameno-automovilismo_8_2264805.html,tvn-2.com,es,2026-10-07T17:55:56Z,,2026-10-07T18:08:09Z,,tvn_rss,titular/metadatos,
TVN-b6c1a4aaab,"Escuela de San Miguelito gana competencia intercolegial de reciclaje ‘Gente TVN Media’ con 1,445 libras recolectadas",https://www.tvn-2.com/nacionales/escuela-gana-competencia-intercolegial-gente-tvn-media-reciclaje_1_2195259.html,tvn-2.com,es,2025-06-24T02:31:01Z,,2026-10-07T18:08:09Z,,tvn_rss,titular/metadatos,
TVN-b8c36c5763,"TVN Media dice presente en la Teletón 20-30 con una donación de 100,000 dólares",https://www.tvn-2.com/nacionales/tvn-media-dice-presente-teleton-100-mil-dolares_1_2218658.html,tvn-2.com,es,2025-12-14T00:09:23Z,,2026-10-07T18:08:09Z,,tvn_rss,titular/metadatos,
TVN-b9f54d3faf,"TVN Media reafirma su alianza con firma para el Panamá Jazz Festival 2025, dedicado a Princess Orelia Benskia",https://www.tvn-2.com/nacionales/tvn-media-firma-alianza-panama-jazz-festival-princess-orelia-benskia_1_2171990.html,tvn-2.com,es,2025-01-08T21:35:17Z,,2026-10-07T18:08:09Z,,tvn_rss,titular/metadatos,
TVN-bc00d6595d,Lionel Messi despedida| Estos fueron los momentos que marcaron una noche inolvidable,https://www.tvn-2.com/tvmax/futbol-internacional/lionel-messi-despedida-momentos-marcaron_1_2264732.html,tvn-2.com,es,2026-10-07T03:25:26Z,,2026-10-07T18:08:09Z,,tvn_rss,titular/metadatos,
TVN-bd08bf079f,TVN Media oficializa su patrocinio de la Feria Internacional del Libro de Panamá,https://www.tvn-2.com/gente-tvn/tvn-media-oficializa-patrocinio-feria_1_2250436.html,tvn-2.com,es,2026-07-10T20:03:53Z,,2026-10-07T18:08:09Z,,tvn_rss,titular/metadatos,
TVN-be5e2cba8c,"TVN Media, UNICEF y el Despacho de la Primera Dama se unen para promover la campaña 'Crianza amorosa, raíces fuertes'",https://www.tvn-2.com/nacionales/tvn-media-unicef-despacho-primera-crianza-amoroza-raices-fuertes_1_2183004.html,tvn-2.com,es,2025-03-28T01:00:00Z,,2026-10-07T18:08:09Z,,tvn_rss,titular/metadatos,
TVN-bf599988a4,"TVN Media presenta su Informe de Sostenibilidad bajo los principios de Ambiente, Sociedad y Gobernanza",https://www.tvn-2.com/nacionales/tvn-media-presenta-informe-sostenibilidad_1_2199363.html,tvn-2.com,es,2025-08-06T12:00:00Z,,2026-10-07T18:08:09Z,,tvn_rss,titular/metadatos,
TVN-c183896956,Pacífica Salud reafirma su compromiso con la calidad y seguridad del paciente con nuevas acreditaciones de Joint Commission International,https://www.tvn-2.com/economia/empresas/publirreportajes/pacifica-salud-reafirma-compromiso-calidad_1_2256763.html,tvn-2.com,es,2026-08-21T15:00:37Z,,2026-10-07T18:08:09Z,,tvn_rss,titular/metadatos,
TVN-c43ac23160,TVN Media y el Teatro Nacional sellan alianza para promover la cultura panameña,https://www.tvn-2.com/nacionales/tvn-media-teatro-nacional-sellan-alianza-firma-convenio-cultura_1_2247507.html,tvn-2.com,es,2026-06-23T15:06:20Z,,2026-10-07T18:08:09Z,,tvn_rss,titular/metadatos,
TVN-c4f7155169,BYD y Cofiño presentan oficialmente el nuevo TI 7 en Panamá,https://www.tvn-2.com/economia/empresas/publirreportajes/byd-cofino-presentan-oficialmente-nuevo_1_2256978.html,tvn-2.com,es,2026-08-25T15:28:18Z,,2026-10-07T18:08:09Z,,tvn_rss,titular/metadatos,
TVN-c51fd36f94,Aprehenden a 10 personas por presunta minería ilegal y delitos ambientales en Coclé del Norte,https://www.tvn-2.com/nacionales/aprehenden-10-personas-presunta-mineria-cocle_1_2264763.html,tvn-2.com,es,2026-10-07T12:48:21Z,,2026-10-07T18:08:09Z,,tvn_rss,titular/metadatos,
TVN-c589902b41,CEO Women Summit 2026: TVN Media destaca la importancia de abrir espacios para el liderazgo femenino,https://www.tvn-2.com/nacionales/tvn-media-ceo-women-summit-potenciar-crecimiento-profesional-mujeres_1_2250211.html,tvn-2.com,es,2026-07-09T18:24:38Z,,2026-10-07T18:08:09Z,,tvn_rss,titular/metadatos,
TVN-c6c172b218,TVN Media comparte su experiencia de transformación digital en cumbre WISS LATAM,https://www.tvn-2.com/nacionales/tvn-media-comparte-experiencia-transformacion-cumbre-wiss-latam_1_2257996.html,tvn-2.com,es,2026-08-27T21:49:51Z,,2026-10-07T18:08:09Z,,tvn_rss,titular/metadatos,
TVN-c8c0466152,¡Emotivo! Lionel Messi tiene una despedida triunfal de la selección de Argentina,https://www.tvn-2.com/tvmax/futbol-internacional/lionel-messi-despedida-argentina-vs-benin-en-vivo-estadio-monumental-buenos-aires_6_2264650.html,tvn-2.com,es,2026-10-06T22:00:42Z,,2026-10-07T18:08:09Z,,tvn_rss,titular/metadatos,
TVN-c9c0832cfa,TVN Media y Fundamorgan firman alianza para sensibilizar sobre la problemáticas sociales como la violencia,https://www.tvn-2.com/nacionales/tvn-media-fundamorgan-firman-alianza_1_2238967.html,tvn-2.com,es,2026-05-01T01:19:41Z,,2026-10-07T18:08:09Z,,tvn_rss,titular/metadatos,
TVN-cbc661e455,MLB Playoffs 2026 resultado| Dodgers responden con poder ante Bravos en Juego 3 de Serie Divisional,https://www.tvn-2.com/tvmax/beisbol/mlb/dodgers-vs-braves-mlb-playoffs-2026-resultado-juego-3-divisional-series-beisbol-grandes-ligas_1_2264742.html,tvn-2.com,es,2026-10-07T04:15:36Z,,2026-10-07T18:08:09Z,,tvn_rss,titular/metadatos,
TVN-cfe900fe54,Multitudinario desfile de carretas en Guararé; TVN Media se tomó el Festival de la Mejorana,https://www.tvn-2.com/nacionales/multitudinario-desfile-carretas-guarare-tvn-media-hecho-en-panama-festival-nacional-de-la-mejorana_1_2208163.html,tvn-2.com,es,2025-09-28T23:00:00Z,,2026-10-07T18:08:09Z,,tvn_rss,titular/metadatos,
TVN-d68bca7e17,TVN Media regala alegría a niños de Loma Brígida en La Chorrera por Día de Reyes,https://www.tvn-2.com/nacionales/tvn-media-loma-brigida-la-chorrera-dia-de-reyes_1_2171661.html,tvn-2.com,es,2025-01-06T19:11:01Z,,2026-10-07T18:08:09Z,,tvn_rss,titular/metadatos,
TVN-d97d2a5013,Reportaje de Mundo Verde de TVN gana premio del Concurso Nacional de Periodismo Científico,https://www.tvn-2.com/nacionales/mundo-verde-reportaje-tvn-gana-premio-nacional-periodismo-cientifico-senacyt_1_2157388.html,tvn-2.com,es,2024-09-20T18:19:27Z,,2026-10-07T18:08:09Z,,tvn_rss,titular/metadatos,
TVN-d9f58555dd,TVN Media y Sumarse firman convenio para promover la Semana de la Responsabilidad Empresarial,https://www.tvn-2.com/nacionales/tvnmedia-sumarse-firman-convenio_1_2201601.html,tvn-2.com,es,2025-08-11T19:19:00Z,,2026-10-07T18:08:09Z,,tvn_rss,titular/metadatos,
TVN-da1ffbc7ec,Asignan plazas de internado a nuevos médicos en la CSS para reforzar la atención de salud,https://www.tvn-2.com/nacionales/salud/asignan-plazas-internado-nuevos-medicos_1_2264688.html,tvn-2.com,es,2026-10-06T23:07:04Z,,2026-10-07T18:08:09Z,,tvn_rss,titular/metadatos,
TVN-dba45e8e77,Lau Cortés enfrenta audiencia de garantías sin acceso a la prensa; estos son los bienes aprehendidos,https://www.tvn-2.com/nacionales/enrique-lau-cortes-debera-enfrentar-audiencia-bienes-aprehendidos_1_2264768.html,tvn-2.com,es,2026-10-07T13:57:53Z,,2026-10-07T18:08:09Z,,tvn_rss,titular/metadatos,
TVN-dd32c6a3ff,TVN Media recibe reconocimiento por su compromiso ambiental en el programa 'Reduce Tu Huella',https://www.tvn-2.com/nacionales/tvn-media-recibe-reconocimiento-compromiso-ambiental-reduce-tu-huella_1_2200815.html,tvn-2.com,es,2025-08-05T19:11:19Z,,2026-10-07T18:08:09Z,,tvn_rss,titular/metadatos,
TVN-de6741d6d3,Guardianes vs Medias Blancas - MLB Playoffs 2026 previa| Daniel Espino: lanzador panameño afronta su reto más grande,https://www.tvn-2.com/tvmax/beisbol/mlb/guardians-vs-white-sox-daniel-espino-mlb-playoffs-2026-previa-lanzador-panama-juego-3-divisional-series-beisbol-grandes-ligas_1_2264745.html,tvn-2.com,es,2026-10-07T11:00:14Z,,2026-10-07T18:08:09Z,,tvn_rss,titular/metadatos,
TVN-e6a96843dc,Municipio de Arraiján: Stefany Peñalba guarda silencio en medio de disputa por uso de fondos y presuntas irregularidades,https://www.tvn-2.com/nacionales/stefany-penalba-guarda-silencio-medio-uso-fondos-municipio-arraijan_1_2264765.html,tvn-2.com,es,2026-10-07T13:02:18Z,,2026-10-07T18:08:09Z,,tvn_rss,titular/metadatos,
TVN-e729fd3083,TVN Media y Quality Leadership University firman alianza estratégica,https://www.tvn-2.com/nacionales/tvn-media-quality-leadership-university-acuerdo-educacion-desarrollo_1_2198338.html,tvn-2.com,es,2025-07-16T20:00:00Z,,2026-10-07T18:08:09Z,,tvn_rss,titular/metadatos,
TVN-e8b1d3b74e,TVN Media firma alianza estratégica con Apede para la Conferencia Anual de Ejecutivos,https://www.tvn-2.com/nacionales/tvn-media-alianza-estrategica-apede-conferencia-anual-de-ejecutivos-2025_1_2182741.html,tvn-2.com,es,2025-03-26T19:17:03Z,,2026-10-07T18:08:09Z,,tvn_rss,titular/metadatos,
TVN-e999133935,TVN Media firma convenio como medio oficial del Concurso Nacional de Oratoria 2025,https://www.tvn-2.com/nacionales/tvn-media-firma-convenio-concurso-nacional-de-oratoria_1_2212606.html,tvn-2.com,es,2025-10-28T02:00:44Z,,2026-10-07T18:08:09Z,,tvn_rss,titular/metadatos,
TVN-eb754d221e,Panamá mantiene vigilancia epidemiológica ante caso sospechoso de peste neumónica en Rusia,https://www.tvn-2.com/nacionales/panama-mantiene-vigilancia-minsa-peste-neumonica-en-rusia-caso-rusia_1_2264648.html,tvn-2.com,es,2026-10-06T20:53:52Z,,2026-10-07T18:08:09Z,,tvn_rss,titular/metadatos,
TVN-ec1242c416,Relevo por la Vida de Fanlyc: 24 horas de esfuerzo y esperanza en la Cinta Costera 3,https://www.tvn-2.com/nacionales/relevo-vida-fanlyc-24-horas-esfuerzo-esperanza-cinta-costera-tres-cancer_1_2259489.html,tvn-2.com,es,2026-09-06T00:09:00Z,,2026-10-07T18:08:09Z,,tvn_rss,titular/metadatos,
TVN-ee06edd254,Liga Panameña de Fútbol | Resultados y tabla de posiciones luego de la jornada 11 del Torneo Apertura,https://www.tvn-2.com/tvmax/lpf/liga-panamena-de-futbol-resultados-tabla-de-posiciones-torneo-apertura-2026-plaza-amador-san-francisco-fc_1_2264619.html,tvn-2.com,es,2026-10-06T18:48:42Z,,2026-10-07T18:08:09Z,,tvn_rss,titular/metadatos,
TVN-ee45209f85,"Liga de Naciones resultados | Merino mantiene invicta a España, Kane acerca a Inglaterra a cuartos de final",https://www.tvn-2.com/tvmax/futbol-internacional/liga-de-naciones-uefa-merino-seleccion-de-espana-kane-inglaterra_1_2264681.html,tvn-2.com,es,2026-10-06T22:39:24Z,,2026-10-07T18:08:09Z,,tvn_rss,titular/metadatos,
TVN-ee823aa78d,Sech dedica emotivo mensaje a Messi tras su despedida de la selección argentina,https://www.tvn-2.com/entretenimiento/sech-dedica-emotivo-mensaje-messi_1_2264780.html,tvn-2.com,es,2026-10-07T16:17:36Z,,2026-10-07T18:08:09Z,,tvn_rss,titular/metadatos,
TVN-efdea87199,"TVN Media se consolida en primer lugar como medio de comunicación con mejor reputación en Panamá, según Merco 2025",https://www.tvn-2.com/nacionales/tvn-media-nuevamente-consolida-empresas-mejor-reputacion_1_2211002.html,tvn-2.com,es,2025-10-17T02:44:03Z,,2026-10-07T18:08:09Z,,tvn_rss,titular/metadatos,
TVN-f2add6a174,TVN Media y Universidad Latina firman convenio para fortalecer formación de estudiantes,https://www.tvn-2.com/nacionales/tvn-media-firma-convenio-universidad-latina-fortalecer-formacion-estudiantes_1_2242290.html,tvn-2.com,es,2026-05-23T02:30:00Z,,2026-10-07T18:08:09Z,,tvn_rss,titular/metadatos,
TVN-f41b9e1b97,Tribunal Electoral avanza en la coordinación del Plan General del Elecciones de 2029,https://www.tvn-2.com/nacionales/tribunal-electoral-avanza-coordinacion-plan_1_2264671.html,tvn-2.com,es,2026-10-06T22:16:17Z,,2026-10-07T18:08:09Z,,tvn_rss,titular/metadatos,
TVN-f8a174c461,MOP solicita $43.1 millones para pagar compromisos y continuar obras en ejecución,https://www.tvn-2.com/nacionales/mop-solicita-43-1-millones-comision-presupuesto-obras-en-ejecucion_1_2264626.html,tvn-2.com,es,2026-10-06T18:57:35Z,,2026-10-07T18:08:09Z,,tvn_rss,titular/metadatos,
TVN-f9b4db40b7,Brasil: Senado evalúa ampliar el descanso laboral como baza electoral de Lula,https://www.tvn-2.com/mundo/suramerica/brasil-senado-evalua-ampliar-descanso_1_2264702.html,tvn-2.com,es,2026-10-07T01:00:16Z,,2026-10-07T18:08:09Z,,tvn_rss,titular/metadatos,
TVN-fe5ca57b21,"Líderes 360: Pedro Heilbron, el hombre que vio despegar a Copa y convertirse en el Hub de las Américas",https://www.tvn-2.com/lideres-360/lideres-360-pedro-heilbron-despegar-copa-airlines-hub-de-las-americas_1_2249044.html,tvn-2.com,es,2026-07-03T12:00:47Z,,2026-10-07T18:08:09Z,,tvn_rss,titular/metadatos,
